age,gender,admission_type,admission_type_label,diagnosis_code,diagnosis_label,num_diagnoses,num_procedures,hba1c,creatinine,wbc,sodium,systolic_bp,heart_rate,temperature,insurance,insurance_label,icu_flag,prev_admissions,emergency_flag,los_days,los_class
70,0,0,Emergency,5,Infection,4,4,4.8,1.17,18.3,140.7,142,84,36.2,2,Private,0,1,1,5.7,1
81,0,2,Elective,3,GI,4,2,4.8,1.91,14.1,136.7,155,84,37.7,2,Private,1,0,0,5.9,1
74,0,2,Elective,4,Neurological,4,0,7.2,1.32,5.6,138.3,119,115,38.7,0,Medicare,0,1,0,4.4,1
33,0,1,Urgent,5,Infection,3,3,5.9,0.78,8.1,141.1,111,61,36.1,1,Medicaid,1,3,0,9.0,2
50,0,0,Emergency,0,Cardiac,4,1,4.0,0.83,8.5,143.3,160,80,37.6,0,Medicare,0,0,1,4.4,1
68,1,2,Elective,2,Orthopedic,2,2,10.7,1.28,3.7,142.4,127,71,37.9,1,Medicaid,0,1,0,3.5,1
50,1,0,Emergency,2,Orthopedic,4,2,4.0,1.26,5.8,142.1,138,93,36.7,0,Medicare,1,1,1,6.5,1
63,1,0,Emergency,1,Respiratory,1,1,6.0,1.53,11.3,133.2,119,87,37.1,2,Private,0,1,1,3.3,1
25,1,1,Urgent,0,Cardiac,4,2,4.4,3.28,9.3,132.0,138,89,37.6,2,Private,0,2,0,4.7,1
50,0,0,Emergency,4,Neurological,4,0,6.0,2.04,4.7,130.7,152,52,35.9,2,Private,1,1,1,7.1,2
70,0,2,Elective,0,Cardiac,4,5,5.7,0.78,8.4,138.6,107,88,37.2,1,Medicaid,1,0,0,4.3,1
70,0,0,Emergency,5,Infection,3,3,5.3,1.19,5.3,142.1,141,68,36.2,2,Private,1,0,1,10.0,2
48,0,0,Emergency,4,Neurological,3,2,6.3,1.02,7.1,138.5,147,57,38.0,1,Medicaid,0,1,1,4.4,1
43,1,1,Urgent,3,GI,5,3,4.6,1.31,19.0,138.9,107,99,37.8,2,Private,0,1,0,3.7,1
64,1,2,Elective,0,Cardiac,1,1,7.5,0.74,9.9,145.2,127,106,36.8,1,Medicaid,0,1,0,1.0,0
50,0,1,Urgent,2,Orthopedic,2,1,7.3,0.61,11.8,139.8,114,87,37.3,2,Private,0,1,0,3.1,1
39,0,0,Emergency,1,Respiratory,6,2,6.6,0.63,12.5,136.2,87,89,35.0,0,Medicare,0,1,1,4.2,1
23,0,2,Elective,1,Respiratory,10,2,7.5,0.4,9.7,129.9,124,66,37.7,3,Self-Pay,0,0,0,3.5,1
59,0,0,Emergency,4,Neurological,3,3,8.4,0.84,9.6,143.1,141,72,37.7,0,Medicare,1,0,1,10.2,2
67,0,0,Emergency,1,Respiratory,4,0,4.0,3.02,11.3,137.2,126,72,36.8,1,Medicaid,0,0,1,7.6,2
93,1,1,Urgent,2,Orthopedic,4,3,9.4,0.94,9.3,140.2,122,83,38.6,1,Medicaid,1,0,0,7.2,2
56,0,0,Emergency,4,Neurological,2,0,9.5,1.33,9.9,130.4,136,62,37.5,2,Private,0,1,1,3.2,1
69,1,2,Elective,0,Cardiac,3,1,8.0,0.71,8.7,140.6,129,93,37.4,1,Medicaid,0,1,0,4.2,1
38,0,1,Urgent,3,GI,3,1,5.9,0.81,7.3,137.6,138,91,38.3,2,Private,1,1,0,3.0,0
41,0,2,Elective,3,GI,1,1,10.3,0.74,3.1,129.8,127,82,38.0,3,Self-Pay,0,3,0,3.8,1
80,1,0,Emergency,2,Orthopedic,3,2,8.5,0.88,5.7,133.1,111,84,36.9,0,Medicare,0,0,1,4.8,1
66,1,2,Elective,4,Neurological,5,1,4.0,1.15,7.8,134.3,138,102,37.6,2,Private,0,1,0,3.3,1
52,0,0,Emergency,5,Infection,2,1,5.8,1.9,8.2,134.8,126,95,38.2,1,Medicaid,0,1,1,5.6,1
78,1,0,Emergency,2,Orthopedic,1,3,7.6,2.14,13.2,133.1,148,99,38.0,2,Private,0,1,1,4.7,1
62,0,0,Emergency,2,Orthopedic,4,1,4.2,1.57,9.9,137.2,142,96,37.5,1,Medicaid,0,2,1,5.6,1
26,0,1,Urgent,2,Orthopedic,3,1,8.5,1.62,10.2,140.7,108,85,37.0,0,Medicare,0,1,0,3.5,1
73,1,0,Emergency,4,Neurological,3,3,6.1,0.98,3.9,140.0,160,94,37.4,1,Medicaid,0,1,1,3.4,1
67,1,1,Urgent,3,GI,1,0,4.7,2.96,8.3,136.5,126,97,36.8,1,Medicaid,1,0,0,5.4,1
50,0,0,Emergency,1,Respiratory,2,2,6.2,0.82,5.5,140.7,105,89,37.2,2,Private,0,0,1,6.2,1
66,0,0,Emergency,0,Cardiac,1,0,5.5,1.13,15.2,148.9,116,51,36.9,3,Self-Pay,0,2,1,4.1,1
50,1,1,Urgent,5,Infection,1,1,4.0,0.97,5.7,138.7,124,62,36.9,2,Private,0,2,0,4.1,1
76,0,0,Emergency,1,Respiratory,2,1,6.4,1.83,10.5,133.0,147,98,37.1,0,Medicare,0,2,1,4.6,1
54,0,2,Elective,3,GI,3,0,5.7,0.95,18.5,138.2,85,52,38.3,0,Medicare,0,1,0,2.7,0
93,1,1,Urgent,4,Neurological,7,4,6.7,1.25,10.6,138.5,98,68,36.7,0,Medicare,0,0,0,7.2,2
78,1,2,Elective,1,Respiratory,1,3,4.6,1.77,1.5,131.9,109,62,37.9,2,Private,0,1,0,3.2,1
36,0,0,Emergency,3,GI,3,2,6.8,0.72,12.7,140.3,159,48,37.1,0,Medicare,0,3,1,5.0,1
54,1,2,Elective,0,Cardiac,5,3,10.8,1.52,8.7,136.0,148,87,38.6,1,Medicaid,0,2,0,2.8,0
51,1,1,Urgent,5,Infection,1,2,4.3,1.36,3.7,142.0,112,87,38.5,2,Private,0,1,0,6.2,1
66,0,2,Elective,0,Cardiac,3,1,6.6,0.81,9.4,137.8,114,74,37.0,0,Medicare,0,2,0,4.3,1
66,1,0,Emergency,2,Orthopedic,3,3,7.1,0.9,11.3,137.7,146,101,36.2,2,Private,0,1,1,4.3,1
50,1,1,Urgent,2,Orthopedic,1,2,6.6,1.1,4.5,142.0,133,53,36.5,0,Medicare,0,1,0,3.6,1
87,0,2,Elective,4,Neurological,1,3,6.5,1.28,10.6,135.7,123,74,38.9,1,Medicaid,0,1,0,5.4,1
34,0,0,Emergency,0,Cardiac,3,0,6.6,2.22,10.3,133.1,116,72,37.4,1,Medicaid,1,1,1,8.4,2
55,1,1,Urgent,2,Orthopedic,1,1,5.7,2.61,13.6,137.8,118,108,38.9,1,Medicaid,0,0,0,2.9,0
59,1,2,Elective,1,Respiratory,2,3,9.5,0.83,9.1,131.6,123,83,38.7,2,Private,1,3,0,6.2,1
33,0,1,Urgent,1,Respiratory,5,2,7.2,3.67,10.6,134.4,162,88,38.5,0,Medicare,0,0,0,5.3,1
28,1,0,Emergency,4,Neurological,3,0,5.4,0.95,3.5,142.4,163,80,36.8,2,Private,1,2,1,6.7,1
50,1,1,Urgent,0,Cardiac,2,5,8.7,2.65,10.5,135.7,146,72,38.2,0,Medicare,0,1,0,5.2,1
94,1,0,Emergency,4,Neurological,6,5,5.2,2.22,10.1,139.1,127,92,37.8,0,Medicare,1,3,1,10.2,2
77,1,2,Elective,4,Neurological,2,1,4.5,0.74,7.8,128.5,175,93,38.4,0,Medicare,0,2,0,3.3,1
53,0,0,Emergency,5,Infection,2,1,5.7,0.62,10.9,140.8,162,109,36.5,1,Medicaid,0,2,1,4.4,1
34,0,0,Emergency,3,GI,4,2,9.1,1.23,12.6,134.5,129,58,37.3,3,Self-Pay,0,2,1,5.7,1
56,1,0,Emergency,1,Respiratory,2,3,4.5,1.75,6.9,135.6,101,64,38.0,0,Medicare,0,3,1,7.1,2
82,0,1,Urgent,2,Orthopedic,6,1,6.0,1.18,7.7,141.8,159,72,38.6,1,Medicaid,1,1,0,7.1,2
68,1,2,Elective,5,Infection,5,1,5.4,1.19,16.9,138.7,146,104,35.9,0,Medicare,0,2,0,4.8,1
54,0,0,Emergency,5,Infection,4,2,8.0,1.42,2.8,137.4,105,71,39.0,2,Private,0,2,1,4.5,1
86,0,0,Emergency,2,Orthopedic,2,1,4.6,0.58,13.1,138.5,147,101,37.1,0,Medicare,1,0,1,6.1,1
62,0,0,Emergency,5,Infection,4,3,7.6,1.22,17.7,140.3,180,59,36.1,1,Medicaid,0,2,1,6.5,1
78,1,2,Elective,4,Neurological,1,1,4.1,0.81,3.6,137.6,145,87,36.1,0,Medicare,0,0,0,3.5,1
77,1,1,Urgent,5,Infection,4,3,8.5,0.99,14.5,138.7,119,83,35.0,0,Medicare,0,1,0,6.9,1
61,1,0,Emergency,3,GI,3,2,7.5,0.65,11.8,132.7,145,64,36.3,2,Private,0,0,1,2.6,0
79,0,1,Urgent,4,Neurological,4,2,7.8,0.64,12.5,134.4,137,88,36.9,2,Private,0,0,0,6.9,1
74,0,0,Emergency,5,Infection,6,0,6.8,1.34,9.9,134.8,109,76,38.2,1,Medicaid,0,2,1,7.4,2
74,1,0,Emergency,0,Cardiac,6,3,4.6,1.09,6.8,132.5,162,92,38.1,1,Medicaid,1,1,1,7.6,2
33,0,0,Emergency,5,Infection,4,1,7.9,2.43,6.0,139.1,123,93,37.7,0,Medicare,0,0,1,6.2,1
33,1,2,Elective,1,Respiratory,2,2,7.6,0.98,8.0,141.7,106,77,37.9,1,Medicaid,1,0,0,4.6,1
50,1,2,Elective,2,Orthopedic,1,0,5.1,1.63,13.0,139.2,128,83,38.1,2,Private,0,0,0,2.4,0
50,0,2,Elective,4,Neurological,3,1,4.3,1.98,14.5,140.3,132,104,38.2,0,Medicare,0,2,0,3.2,1
30,1,0,Emergency,3,GI,1,4,6.6,1.26,14.9,141.3,142,70,37.9,0,Medicare,1,2,1,6.9,1
74,0,1,Urgent,5,Infection,2,1,6.8,1.3,8.1,136.9,127,75,36.4,2,Private,1,1,0,7.1,2
53,1,0,Emergency,2,Orthopedic,2,2,7.8,2.02,5.5,136.3,118,88,37.4,2,Private,0,1,1,4.5,1
85,0,1,Urgent,1,Respiratory,1,2,5.4,2.12,8.9,142.8,136,89,38.1,2,Private,1,0,0,5.3,1
78,0,1,Urgent,0,Cardiac,2,1,7.2,1.53,15.6,132.9,123,54,35.5,1,Medicaid,0,0,0,6.4,1
18,1,2,Elective,2,Orthopedic,2,2,8.3,2.18,8.9,139.3,80,73,37.5,0,Medicare,0,1,0,2.2,0
74,1,0,Emergency,4,Neurological,2,0,4.0,1.27,7.4,138.9,93,74,37.0,0,Medicare,0,1,1,5.4,1
58,1,2,Elective,1,Respiratory,5,4,4.0,0.71,14.6,133.8,123,101,36.4,0,Medicare,0,0,0,4.6,1
63,1,1,Urgent,2,Orthopedic,2,1,6.8,1.34,4.5,143.0,126,84,37.4,0,Medicare,0,1,0,3.2,1
51,1,0,Emergency,0,Cardiac,4,1,7.0,0.86,7.1,143.3,137,58,37.1,3,Self-Pay,0,1,1,7.5,2
35,0,1,Urgent,4,Neurological,2,1,5.4,2.04,4.9,141.6,94,99,36.5,0,Medicare,0,0,0,6.2,1
90,1,2,Elective,0,Cardiac,1,1,4.0,1.03,14.1,139.1,120,95,37.4,1,Medicaid,1,0,0,4.7,1
92,1,2,Elective,3,GI,1,1,9.8,1.74,10.9,136.9,125,67,36.7,1,Medicaid,1,1,0,4.2,1
77,0,1,Urgent,1,Respiratory,2,0,6.6,0.81,12.5,138.6,134,92,37.6,2,Private,0,0,0,3.3,1
20,1,0,Emergency,0,Cardiac,5,4,6.7,0.73,5.6,144.8,157,79,38.1,2,Private,0,0,1,5.8,1
79,1,2,Elective,4,Neurological,3,3,5.6,1.06,13.7,138.7,133,92,37.3,2,Private,0,2,0,6.0,1
39,0,1,Urgent,2,Orthopedic,3,2,6.2,0.64,1.5,137.2,101,109,38.3,1,Medicaid,1,1,0,4.6,1
67,1,0,Emergency,3,GI,4,1,6.0,1.66,4.5,133.7,149,84,37.9,2,Private,1,0,1,6.4,1
61,0,0,Emergency,4,Neurological,3,1,9.0,2.01,9.6,136.0,154,57,37.1,2,Private,1,1,1,7.7,2
57,0,0,Emergency,3,GI,1,5,11.0,1.51,12.2,136.4,108,68,37.7,3,Self-Pay,0,1,1,4.1,1
59,0,0,Emergency,4,Neurological,2,3,5.1,2.18,6.6,139.3,136,76,36.3,0,Medicare,0,1,1,5.5,1
57,1,2,Elective,4,Neurological,3,4,8.5,1.58,2.1,143.7,175,81,37.7,2,Private,0,1,0,3.2,1
62,0,0,Emergency,3,GI,1,4,9.4,0.96,5.9,140.9,154,70,37.7,0,Medicare,1,0,1,5.1,1
54,1,0,Emergency,1,Respiratory,2,3,5.0,1.22,5.1,135.1,117,81,38.4,2,Private,0,1,1,2.2,0
50,1,0,Emergency,1,Respiratory,3,3,5.5,1.23,18.8,136.1,167,62,37.9,0,Medicare,0,0,1,6.7,1
32,1,1,Urgent,5,Infection,4,2,4.3,1.98,11.4,134.8,126,74,37.0,0,Medicare,1,2,0,6.7,1
62,0,0,Emergency,5,Infection,4,6,5.4,1.21,5.4,141.7,140,78,36.9,2,Private,0,1,1,4.8,1
80,1,0,Emergency,1,Respiratory,3,2,4.9,0.71,3.5,143.6,183,92,37.4,1,Medicaid,0,0,1,5.7,1
83,1,0,Emergency,0,Cardiac,1,3,6.1,0.64,6.1,139.8,136,54,36.2,0,Medicare,0,2,1,2.1,0
84,1,1,Urgent,1,Respiratory,3,3,4.2,1.07,9.6,138.3,156,65,37.8,2,Private,0,2,0,4.5,1
78,1,0,Emergency,3,GI,1,4,7.6,1.19,7.3,133.8,131,77,37.2,1,Medicaid,0,2,1,3.9,1
37,1,1,Urgent,0,Cardiac,3,2,8.0,0.64,16.5,135.7,109,69,36.7,0,Medicare,0,1,0,4.1,1
74,1,0,Emergency,4,Neurological,2,2,5.7,1.92,6.4,139.7,102,84,37.6,2,Private,0,3,1,5.0,1
36,0,0,Emergency,5,Infection,4,3,4.6,1.06,11.2,137.3,84,105,36.8,0,Medicare,1,2,1,8.3,2
42,0,0,Emergency,5,Infection,4,1,6.9,1.74,6.5,136.1,128,63,36.6,3,Self-Pay,0,2,1,4.8,1
69,0,0,Emergency,0,Cardiac,3,0,7.0,0.79,11.9,136.0,137,61,36.0,1,Medicaid,0,0,1,4.2,1
50,0,0,Emergency,5,Infection,1,2,5.2,1.76,7.5,140.3,106,81,36.4,2,Private,0,2,1,5.7,1
73,1,0,Emergency,4,Neurological,5,4,5.7,0.74,12.7,139.1,126,72,37.9,0,Medicare,0,1,1,7.5,2
27,1,0,Emergency,0,Cardiac,2,1,5.7,0.91,10.5,131.3,138,80,37.7,1,Medicaid,0,2,1,4.7,1
59,1,1,Urgent,2,Orthopedic,2,5,7.9,0.96,15.3,136.1,112,97,36.8,0,Medicare,0,1,0,4.5,1
30,1,0,Emergency,3,GI,2,1,6.9,1.03,9.7,139.9,127,92,37.7,1,Medicaid,0,1,1,1.7,0
91,1,2,Elective,5,Infection,2,1,4.0,1.89,11.0,134.0,129,69,37.3,0,Medicare,0,1,0,4.5,1
22,0,2,Elective,0,Cardiac,1,2,10.8,1.37,4.6,134.2,81,76,37.9,2,Private,1,0,0,4.6,1
59,1,2,Elective,0,Cardiac,3,1,5.7,0.75,3.7,143.5,93,61,37.3,0,Medicare,1,1,0,4.5,1
50,0,0,Emergency,2,Orthopedic,1,1,7.9,0.72,11.4,147.2,154,55,36.6,1,Medicaid,0,1,1,5.5,1
25,0,2,Elective,5,Infection,7,2,6.6,1.25,8.5,141.4,122,54,37.3,0,Medicare,1,0,0,7.9,2
18,1,0,Emergency,5,Infection,5,5,5.6,1.04,11.7,136.9,126,53,36.4,0,Medicare,0,0,1,6.0,1
54,0,0,Emergency,1,Respiratory,1,3,8.2,1.27,7.2,138.5,126,72,38.9,2,Private,1,1,1,8.2,2
27,0,0,Emergency,1,Respiratory,1,5,9.8,0.55,9.9,144.4,99,84,37.6,0,Medicare,0,4,1,2.8,0
37,1,2,Elective,5,Infection,4,1,4.5,3.17,6.3,131.6,136,86,37.2,2,Private,1,0,0,7.9,2
19,0,0,Emergency,4,Neurological,2,2,5.1,0.54,10.6,141.2,137,80,37.1,0,Medicare,0,0,1,4.6,1
63,0,2,Elective,5,Infection,2,1,9.3,1.06,5.7,142.4,94,89,35.2,2,Private,0,0,0,3.7,1
34,0,0,Emergency,5,Infection,3,0,10.2,0.83,9.4,139.7,137,55,36.9,2,Private,0,1,1,3.4,1
54,0,2,Elective,0,Cardiac,1,2,7.2,0.67,7.0,133.7,124,89,36.7,0,Medicare,0,1,0,2.3,0
55,0,2,Elective,4,Neurological,9,1,8.9,1.54,13.5,139.7,127,88,36.9,1,Medicaid,0,1,0,5.3,1
59,1,2,Elective,0,Cardiac,4,4,5.6,1.06,6.5,144.9,137,96,37.0,0,Medicare,0,0,0,4.6,1
39,0,1,Urgent,4,Neurological,2,0,4.0,0.69,7.0,139.7,135,81,37.4,1,Medicaid,0,3,0,4.0,1
19,1,2,Elective,3,GI,4,3,6.4,0.95,8.0,137.1,135,84,37.1,2,Private,0,1,0,2.6,0
69,0,2,Elective,5,Infection,4,2,9.1,1.56,12.2,144.6,121,91,37.5,1,Medicaid,0,0,0,7.0,1
70,1,0,Emergency,5,Infection,7,1,5.2,1.8,8.9,137.2,135,52,39.0,1,Medicaid,0,1,1,6.2,1
59,1,0,Emergency,0,Cardiac,1,3,9.4,2.36,8.4,134.9,131,85,37.0,0,Medicare,1,1,1,9.6,2
52,1,1,Urgent,0,Cardiac,2,1,8.7,1.35,7.8,140.6,144,71,36.9,3,Self-Pay,0,3,0,4.2,1
83,1,0,Emergency,2,Orthopedic,7,3,6.8,0.92,9.8,136.1,111,75,35.6,0,Medicare,0,1,1,6.3,1
87,1,2,Elective,5,Infection,3,1,11.7,0.87,6.9,130.1,136,75,36.2,0,Medicare,1,2,0,7.7,2
70,0,0,Emergency,4,Neurological,3,0,6.2,1.46,6.2,136.6,130,84,37.3,2,Private,1,1,1,8.5,2
50,1,1,Urgent,5,Infection,6,3,4.2,2.1,8.3,137.5,124,96,36.8,2,Private,0,1,0,7.5,2
73,1,0,Emergency,3,GI,1,0,5.9,0.48,7.0,143.3,167,92,37.0,0,Medicare,0,2,1,4.7,1
80,0,0,Emergency,1,Respiratory,7,2,7.2,1.15,7.3,134.7,140,99,36.7,1,Medicaid,0,4,1,4.6,1
56,0,0,Emergency,0,Cardiac,4,1,5.3,0.66,1.7,142.6,117,77,35.2,0,Medicare,0,2,1,4.4,1
66,0,2,Elective,1,Respiratory,3,3,5.3,1.2,13.6,138.8,124,113,38.1,2,Private,0,2,0,2.6,0
67,1,0,Emergency,3,GI,2,4,7.4,2.52,9.1,132.0,114,105,37.4,0,Medicare,1,1,1,7.8,2
80,0,2,Elective,5,Infection,1,4,8.0,0.52,9.0,133.5,128,85,37.3,0,Medicare,0,2,0,4.1,1
69,0,2,Elective,1,Respiratory,5,1,7.0,0.55,6.1,141.6,136,75,37.0,2,Private,0,2,0,2.6,0
45,0,1,Urgent,5,Infection,4,4,6.4,2.3,7.4,136.0,163,75,36.8,2,Private,0,2,0,6.4,1
57,1,0,Emergency,1,Respiratory,7,0,5.5,1.35,5.0,135.7,133,57,37.8,2,Private,0,2,1,4.4,1
40,0,0,Emergency,1,Respiratory,1,0,5.2,1.15,5.9,136.0,126,78,35.9,1,Medicaid,0,0,1,3.8,1
66,0,1,Urgent,2,Orthopedic,3,1,6.0,1.75,8.1,141.6,127,78,36.3,1,Medicaid,0,1,0,3.3,1
76,1,0,Emergency,2,Orthopedic,4,0,4.2,2.56,9.4,136.4,141,94,37.6,0,Medicare,0,1,1,6.1,1
78,1,1,Urgent,5,Infection,3,1,5.4,1.31,10.7,138.0,115,55,38.3,0,Medicare,0,4,0,5.6,1
78,1,2,Elective,2,Orthopedic,5,4,7.1,1.16,11.8,138.6,110,96,37.4,1,Medicaid,0,0,0,3.2,1
29,1,0,Emergency,1,Respiratory,1,2,4.4,0.5,13.2,131.4,122,110,37.1,0,Medicare,0,3,1,2.7,0
47,0,1,Urgent,4,Neurological,3,2,4.0,0.78,11.2,141.3,135,85,37.9,0,Medicare,0,0,0,4.9,1
66,0,2,Elective,5,Infection,2,7,5.7,0.5,8.7,136.7,173,69,35.6,1,Medicaid,0,1,0,4.8,1
75,0,2,Elective,3,GI,2,0,4.3,1.18,10.5,144.7,98,104,36.5,0,Medicare,0,0,0,2.7,0
36,1,2,Elective,1,Respiratory,4,1,5.5,2.2,8.4,139.1,122,80,37.4,0,Medicare,0,2,0,4.1,1
36,0,2,Elective,1,Respiratory,8,1,8.0,0.96,5.7,139.3,136,61,36.4,1,Medicaid,0,2,0,3.7,1
44,1,0,Emergency,0,Cardiac,2,2,8.0,1.43,16.2,138.3,160,79,37.6,0,Medicare,1,2,1,8.0,2
68,1,2,Elective,0,Cardiac,5,2,6.4,1.72,12.3,131.3,132,72,36.8,0,Medicare,0,1,0,4.5,1
82,0,2,Elective,5,Infection,3,1,7.5,1.39,10.8,137.2,96,96,37.8,0,Medicare,0,3,0,4.0,1
77,0,1,Urgent,0,Cardiac,3,2,10.0,1.12,9.6,137.3,105,76,36.6,2,Private,0,1,0,5.5,1
50,0,0,Emergency,2,Orthopedic,3,3,6.0,0.63,11.4,135.7,130,71,37.5,0,Medicare,0,2,1,4.2,1
63,0,0,Emergency,3,GI,2,3,4.8,1.6,10.1,138.0,117,63,36.2,0,Medicare,0,0,1,5.3,1
70,0,0,Emergency,4,Neurological,3,2,7.7,1.99,9.4,135.2,149,72,37.3,2,Private,0,1,1,8.6,2
73,1,0,Emergency,0,Cardiac,4,2,5.6,1.18,12.7,137.2,120,78,38.8,3,Self-Pay,0,0,1,5.7,1
54,0,1,Urgent,2,Orthopedic,6,5,4.5,1.0,9.1,138.5,117,91,36.5,0,Medicare,0,1,0,6.9,1
57,0,1,Urgent,1,Respiratory,1,0,6.1,1.68,13.4,140.4,129,59,37.0,0,Medicare,0,2,0,4.2,1
99,0,1,Urgent,1,Respiratory,5,0,7.2,1.36,9.5,138.8,137,50,36.4,0,Medicare,0,2,0,5.6,1
50,1,0,Emergency,1,Respiratory,1,6,7.2,2.4,3.9,138.7,128,91,37.0,1,Medicaid,0,2,1,4.1,1
22,1,2,Elective,3,GI,6,5,4.0,0.95,10.7,143.0,120,71,36.0,1,Medicaid,0,1,0,1.5,0
38,1,0,Emergency,0,Cardiac,4,3,7.3,1.63,6.9,140.4,100,104,36.1,1,Medicaid,1,0,1,7.7,2
43,1,0,Emergency,2,Orthopedic,1,2,4.0,1.41,5.5,135.5,95,70,37.2,3,Self-Pay,0,1,1,2.8,0
57,1,1,Urgent,0,Cardiac,4,3,4.2,1.19,6.7,136.6,123,85,36.4,2,Private,0,3,0,6.2,1
68,0,0,Emergency,5,Infection,6,3,8.9,0.89,3.6,130.4,105,73,37.3,0,Medicare,1,3,1,9.6,2
71,0,0,Emergency,3,GI,2,1,4.0,1.63,11.7,143.1,135,75,37.8,0,Medicare,0,1,1,4.0,1
58,0,0,Emergency,5,Infection,1,6,4.0,2.38,10.5,136.6,115,62,37.0,0,Medicare,0,3,1,7.0,1
57,1,2,Elective,0,Cardiac,1,3,7.3,0.47,9.8,134.5,125,103,36.9,0,Medicare,0,3,0,4.5,1
83,0,1,Urgent,4,Neurological,9,4,5.4,1.25,4.8,135.9,142,84,36.7,0,Medicare,0,0,0,7.5,2
27,0,0,Emergency,2,Orthopedic,9,4,5.8,1.51,10.8,140.8,129,87,38.3,2,Private,0,0,1,3.7,1
50,1,0,Emergency,0,Cardiac,2,1,9.2,0.79,16.1,138.6,136,103,38.0,2,Private,0,0,1,4.0,1
78,1,1,Urgent,4,Neurological,2,3,8.4,1.42,9.7,132.7,134,96,36.7,1,Medicaid,0,0,0,3.7,1
43,1,2,Elective,4,Neurological,2,1,8.2,1.37,7.0,132.2,116,84,37.0,2,Private,0,0,0,1.8,0
82,0,1,Urgent,5,Infection,4,2,6.6,1.61,5.0,143.5,115,67,36.4,2,Private,0,0,0,4.5,1
34,1,2,Elective,4,Neurological,4,1,7.4,1.0,6.4,134.9,158,55,37.6,0,Medicare,0,4,0,5.2,1
55,1,1,Urgent,0,Cardiac,5,2,5.6,0.64,15.1,136.4,141,97,36.6,1,Medicaid,0,1,0,3.4,1
89,0,1,Urgent,1,Respiratory,3,4,5.4,1.18,7.4,140.1,119,91,38.0,0,Medicare,0,1,0,5.5,1
74,1,2,Elective,2,Orthopedic,2,4,6.5,2.09,3.3,133.1,120,77,36.0,3,Self-Pay,0,1,0,4.5,1
82,1,2,Elective,0,Cardiac,3,1,7.6,1.73,10.1,135.1,154,109,37.0,1,Medicaid,0,1,0,5.3,1
39,0,2,Elective,4,Neurological,1,2,9.3,0.64,7.4,134.3,132,54,37.5,2,Private,0,1,0,3.2,1
50,0,0,Emergency,2,Orthopedic,1,1,8.4,1.08,5.5,142.3,127,88,38.6,3,Self-Pay,0,3,1,3.6,1
95,1,2,Elective,5,Infection,2,1,7.7,1.11,11.2,138.5,95,65,38.1,0,Medicare,0,2,0,5.0,1
52,0,1,Urgent,3,GI,1,1,6.3,1.52,7.8,137.9,114,89,38.1,1,Medicaid,0,2,0,3.1,1
57,1,2,Elective,2,Orthopedic,1,5,6.0,1.11,9.7,134.8,147,90,37.2,0,Medicare,0,0,0,3.1,1
50,0,0,Emergency,0,Cardiac,5,1,6.9,1.08,9.3,147.9,133,94,37.5,1,Medicaid,1,1,1,8.6,2
74,1,1,Urgent,0,Cardiac,5,4,6.8,0.89,14.2,135.0,145,57,35.9,0,Medicare,0,1,0,5.4,1
88,1,2,Elective,4,Neurological,2,2,4.6,3.45,10.5,132.6,133,95,37.5,0,Medicare,0,2,0,3.7,1
38,1,0,Emergency,5,Infection,4,2,5.8,0.52,10.8,135.9,132,77,37.3,2,Private,0,1,1,5.1,1
41,0,1,Urgent,2,Orthopedic,3,2,6.6,1.18,5.6,135.8,131,78,37.9,2,Private,0,3,0,1.8,0
50,0,2,Elective,4,Neurological,5,2,7.7,1.23,3.3,137.2,138,97,35.0,0,Medicare,0,0,0,5.1,1
75,0,0,Emergency,3,GI,1,2,6.4,1.56,18.1,141.5,155,104,37.5,1,Medicaid,0,0,1,5.1,1
85,0,0,Emergency,5,Infection,1,3,10.0,0.97,11.6,145.1,125,80,35.9,0,Medicare,0,2,1,5.8,1
62,0,1,Urgent,1,Respiratory,4,2,5.4,0.96,5.3,143.9,118,71,38.6,1,Medicaid,0,1,0,3.6,1
61,1,1,Urgent,2,Orthopedic,2,2,6.9,1.48,13.0,129.8,150,65,38.0,1,Medicaid,0,1,0,4.9,1
68,0,0,Emergency,2,Orthopedic,5,3,6.3,0.98,9.2,138.2,137,69,36.6,1,Medicaid,0,0,1,3.3,1
21,1,0,Emergency,2,Orthopedic,4,2,7.2,0.86,7.9,138.9,96,83,37.0,0,Medicare,0,3,1,3.0,0
67,0,0,Emergency,1,Respiratory,2,2,6.5,1.91,6.7,137.7,154,71,36.4,1,Medicaid,1,0,1,8.3,2
60,1,0,Emergency,2,Orthopedic,5,3,5.9,0.73,9.9,139.2,166,97,37.1,2,Private,0,2,1,5.3,1
72,1,0,Emergency,3,GI,3,3,7.5,0.84,13.7,142.9,164,90,36.2,2,Private,0,3,1,4.5,1
67,0,1,Urgent,0,Cardiac,1,2,5.0,1.36,12.7,137.5,132,86,36.8,1,Medicaid,0,0,0,4.1,1
50,1,1,Urgent,4,Neurological,2,3,4.1,1.62,16.5,134.5,108,81,37.0,2,Private,0,1,0,5.8,1
64,1,2,Elective,3,GI,2,1,8.2,1.04,8.3,138.2,105,75,37.0,0,Medicare,0,0,0,1.0,0
59,1,0,Emergency,5,Infection,1,2,6.5,1.44,9.1,126.9,142,71,37.4,0,Medicare,0,2,1,5.5,1
65,1,1,Urgent,2,Orthopedic,2,6,9.2,1.27,12.3,142.3,128,64,38.0,2,Private,0,2,0,3.1,1
53,0,0,Emergency,0,Cardiac,1,0,6.5,1.02,11.4,136.1,118,61,38.0,3,Self-Pay,1,4,1,5.8,1
50,0,2,Elective,2,Orthopedic,1,1,4.0,0.75,16.8,141.6,124,78,38.0,2,Private,0,2,0,3.8,1
45,0,1,Urgent,0,Cardiac,2,1,7.3,1.81,17.0,138.1,121,74,36.9,0,Medicare,0,0,0,3.8,1
61,1,2,Elective,3,GI,6,1,4.0,0.74,7.9,137.6,115,84,37.8,2,Private,1,0,0,4.4,1
79,1,0,Emergency,0,Cardiac,1,0,4.0,3.89,1.9,140.6,128,74,36.5,0,Medicare,0,3,1,4.1,1
46,1,1,Urgent,1,Respiratory,4,4,6.5,0.92,1.5,141.1,123,80,37.6,0,Medicare,0,1,0,3.6,1
76,0,1,Urgent,0,Cardiac,7,1,6.9,2.39,10.6,135.3,142,79,37.1,1,Medicaid,0,3,0,6.5,1
85,1,2,Elective,0,Cardiac,3,1,6.7,1.9,7.7,136.7,173,72,38.9,0,Medicare,0,3,0,4.5,1
50,1,1,Urgent,5,Infection,3,2,5.1,1.02,11.6,138.1,95,111,36.3,0,Medicare,0,1,0,5.6,1
63,0,1,Urgent,5,Infection,6,1,5.1,1.85,7.0,140.6,98,93,37.4,0,Medicare,0,3,0,7.0,1
70,0,0,Emergency,3,GI,6,3,11.4,1.8,14.8,136.2,129,73,37.5,1,Medicaid,1,2,1,8.3,2
52,0,1,Urgent,1,Respiratory,4,4,4.5,1.0,4.6,134.7,122,69,38.1,2,Private,1,2,0,6.1,1
57,1,0,Emergency,5,Infection,3,1,5.1,0.54,7.2,147.4,122,72,36.4,2,Private,0,0,1,3.7,1
78,1,0,Emergency,5,Infection,5,2,9.1,0.59,7.2,135.4,157,95,37.9,0,Medicare,0,1,1,7.0,1
50,0,0,Emergency,4,Neurological,2,1,5.1,1.52,10.9,137.4,111,90,37.5,0,Medicare,0,2,1,6.1,1
50,0,2,Elective,2,Orthopedic,1,5,6.0,1.15,7.3,141.3,149,73,38.8,1,Medicaid,1,0,0,4.8,1
66,1,0,Emergency,0,Cardiac,2,1,6.6,1.26,7.6,138.1,160,75,37.5,0,Medicare,1,3,1,4.6,1
34,1,2,Elective,0,Cardiac,3,1,5.9,1.83,13.2,132.8,138,48,38.5,0,Medicare,1,2,0,5.5,1
82,1,2,Elective,5,Infection,3,1,8.6,0.98,12.8,143.6,117,99,37.2,2,Private,1,0,0,8.7,2
83,1,2,Elective,5,Infection,4,1,8.3,1.63,10.2,140.9,141,77,36.7,2,Private,0,2,0,4.0,1
73,0,2,Elective,2,Orthopedic,1,3,7.9,0.88,5.3,144.2,149,91,37.2,0,Medicare,0,4,0,3.5,1
66,1,2,Elective,1,Respiratory,5,2,9.1,1.21,10.4,132.6,149,60,37.4,3,Self-Pay,0,0,0,4.6,1
70,0,0,Emergency,3,GI,1,2,6.3,1.26,11.9,135.8,138,88,37.2,1,Medicaid,0,1,1,3.8,1
53,1,0,Emergency,4,Neurological,2,1,8.8,0.72,8.6,142.9,80,103,36.9,2,Private,1,1,1,6.2,1
33,0,1,Urgent,4,Neurological,4,2,7.3,1.16,6.3,131.1,140,81,37.2,2,Private,0,1,0,6.1,1
70,1,1,Urgent,3,GI,4,2,4.9,1.71,7.2,134.1,151,92,36.4,1,Medicaid,1,3,0,6.3,1
60,0,0,Emergency,1,Respiratory,1,1,7.4,1.46,9.9,146.2,148,113,36.9,0,Medicare,0,2,1,4.3,1
84,1,1,Urgent,1,Respiratory,3,3,5.7,2.24,13.8,138.6,132,75,35.4,2,Private,0,1,0,5.5,1
29,0,1,Urgent,4,Neurological,3,9,4.0,0.94,5.8,138.0,130,90,37.7,2,Private,1,1,0,6.4,1
84,0,2,Elective,4,Neurological,5,2,4.0,2.29,10.5,134.9,130,60,37.8,2,Private,0,1,0,8.8,2
41,1,1,Urgent,0,Cardiac,1,1,4.8,1.28,12.6,143.4,135,92,37.3,0,Medicare,0,3,0,4.7,1
26,0,1,Urgent,0,Cardiac,5,1,9.3,0.94,10.6,141.4,143,102,37.9,2,Private,0,0,0,2.3,0
46,1,0,Emergency,3,GI,5,3,4.0,1.25,12.5,138.5,110,92,37.2,0,Medicare,0,0,1,3.4,1
59,1,1,Urgent,1,Respiratory,5,1,6.0,0.84,7.1,144.3,149,74,37.2,0,Medicare,1,1,0,5.5,1
66,1,2,Elective,3,GI,2,2,7.5,1.34,8.3,132.2,116,101,37.2,3,Self-Pay,0,1,0,3.0,0
96,1,0,Emergency,3,GI,6,1,6.2,0.55,4.2,139.3,108,102,37.2,2,Private,1,2,1,7.2,2
59,1,0,Emergency,4,Neurological,2,0,5.9,2.03,6.7,135.2,113,93,37.3,2,Private,0,0,1,4.3,1
85,1,1,Urgent,4,Neurological,4,1,5.0,0.87,6.1,147.3,123,72,36.4,1,Medicaid,0,0,0,3.4,1
58,1,0,Emergency,1,Respiratory,1,0,9.2,1.18,5.5,138.7,130,75,36.6,1,Medicaid,0,3,1,2.8,0
57,0,0,Emergency,2,Orthopedic,1,2,5.7,1.99,11.2,131.8,200,85,37.3,0,Medicare,0,0,1,5.0,1
50,0,0,Emergency,0,Cardiac,3,2,4.3,0.88,3.2,136.9,127,108,38.0,1,Medicaid,0,1,1,4.0,1
50,1,0,Emergency,4,Neurological,1,0,5.6,1.58,4.5,133.6,144,81,37.7,2,Private,0,1,1,3.7,1
21,0,0,Emergency,4,Neurological,5,1,7.0,1.96,11.8,140.5,150,84,37.0,2,Private,0,0,1,5.1,1
50,0,2,Elective,1,Respiratory,8,1,5.1,1.24,8.1,140.3,100,68,39.2,2,Private,0,0,0,5.3,1
23,0,1,Urgent,0,Cardiac,4,2,7.2,1.39,5.2,134.6,146,79,37.7,2,Private,0,0,0,4.9,1
35,0,0,Emergency,0,Cardiac,3,3,6.4,2.09,10.7,136.9,168,69,37.4,1,Medicaid,1,1,1,7.6,2
28,1,0,Emergency,3,GI,3,10,7.2,0.69,8.2,134.5,101,95,38.6,0,Medicare,0,0,1,4.6,1
50,1,0,Emergency,0,Cardiac,2,3,9.0,1.99,9.9,138.9,147,81,36.3,0,Medicare,1,4,1,6.8,1
20,1,2,Elective,3,GI,2,0,4.0,0.55,9.7,134.9,123,89,36.9,0,Medicare,0,1,0,1.7,0
76,1,0,Emergency,3,GI,8,0,5.7,0.92,8.1,137.4,128,80,36.8,1,Medicaid,0,2,1,6.6,1
50,0,2,Elective,3,GI,3,1,4.9,2.83,6.1,139.4,146,74,37.2,2,Private,0,1,0,4.5,1
30,0,0,Emergency,5,Infection,1,1,5.2,1.79,8.0,138.4,122,40,37.2,0,Medicare,1,2,1,7.0,1
70,0,2,Elective,1,Respiratory,4,2,6.7,1.17,10.1,136.6,119,94,37.5,0,Medicare,0,3,0,3.8,1
90,1,0,Emergency,5,Infection,4,1,6.5,2.93,10.5,139.4,112,80,37.6,1,Medicaid,0,2,1,6.3,1
84,0,0,Emergency,0,Cardiac,1,2,4.0,0.71,10.1,129.8,157,85,37.6,0,Medicare,1,0,1,8.1,2
46,0,0,Emergency,0,Cardiac,1,0,4.3,1.47,7.8,137.1,144,109,37.0,1,Medicaid,0,0,1,2.7,0
56,1,1,Urgent,2,Orthopedic,2,2,8.5,1.11,10.2,135.1,88,76,37.5,0,Medicare,1,1,0,4.5,1
65,1,0,Emergency,3,GI,3,1,4.0,1.17,3.9,136.3,168,100,36.9,3,Self-Pay,0,1,1,3.0,0
50,0,0,Emergency,0,Cardiac,3,0,7.7,1.63,10.4,141.1,153,63,36.2,0,Medicare,0,1,1,4.3,1
84,0,2,Elective,3,GI,5,1,4.0,1.55,11.8,143.0,92,106,38.0,0,Medicare,0,0,0,3.4,1
26,1,0,Emergency,1,Respiratory,3,1,4.0,1.22,1.5,141.3,143,82,36.9,0,Medicare,0,2,1,3.9,1
35,1,0,Emergency,5,Infection,1,1,7.4,1.63,12.7,141.9,86,92,37.5,1,Medicaid,0,1,1,5.0,1
80,0,2,Elective,2,Orthopedic,4,0,9.2,2.16,14.5,134.8,128,86,35.6,2,Private,0,1,0,4.4,1
28,0,1,Urgent,3,GI,4,2,8.2,1.36,10.7,129.8,123,84,36.9,2,Private,0,0,0,3.1,1
78,1,2,Elective,5,Infection,6,1,5.6,1.68,1.5,139.3,140,93,37.5,2,Private,0,2,0,4.7,1
40,1,0,Emergency,4,Neurological,6,1,5.1,1.28,9.4,135.1,156,71,36.5,0,Medicare,1,2,1,7.4,2
61,1,0,Emergency,2,Orthopedic,6,3,7.3,0.94,6.2,134.6,131,76,37.2,1,Medicaid,1,1,1,6.4,1
50,1,0,Emergency,2,Orthopedic,6,2,4.0,1.19,9.2,134.6,137,103,37.8,3,Self-Pay,0,3,1,4.2,1
79,1,2,Elective,3,GI,2,4,7.3,1.58,10.3,132.5,134,67,38.2,0,Medicare,0,0,0,3.3,1
78,0,2,Elective,0,Cardiac,3,2,5.5,0.53,11.3,140.4,104,78,37.6,2,Private,0,1,0,1.4,0
49,0,2,Elective,0,Cardiac,7,2,9.4,1.33,9.8,141.2,117,81,36.0,1,Medicaid,0,4,0,5.5,1
81,1,0,Emergency,1,Respiratory,1,3,7.0,1.59,8.1,131.8,165,59,36.5,0,Medicare,0,1,1,4.3,1
74,1,2,Elective,4,Neurological,4,0,6.2,1.21,14.0,142.2,115,108,36.3,2,Private,1,0,0,6.7,1
71,1,0,Emergency,1,Respiratory,6,1,6.9,0.76,6.0,136.6,145,70,38.0,0,Medicare,0,0,1,3.3,1
81,0,1,Urgent,0,Cardiac,1,2,5.9,1.6,4.5,140.9,105,63,37.8,0,Medicare,0,1,0,4.9,1
32,1,2,Elective,0,Cardiac,3,2,7.4,0.87,8.1,133.6,112,71,37.6,0,Medicare,0,2,0,3.6,1
35,0,0,Emergency,3,GI,2,2,4.9,2.5,7.8,144.8,130,79,36.8,2,Private,0,0,1,5.7,1
33,1,0,Emergency,3,GI,3,2,8.4,1.87,6.1,134.4,133,97,36.6,2,Private,0,2,1,1.0,0
33,0,0,Emergency,3,GI,4,2,5.8,1.3,10.9,136.4,109,77,36.4,0,Medicare,1,1,1,3.8,1
73,1,2,Elective,1,Respiratory,3,1,8.0,1.03,7.2,136.7,86,88,37.5,2,Private,0,0,0,2.0,0
38,1,0,Emergency,5,Infection,1,2,7.9,0.6,11.5,136.9,155,92,37.9,3,Self-Pay,0,1,1,3.5,1
79,0,0,Emergency,2,Orthopedic,3,3,6.8,2.64,3.3,140.0,111,87,37.5,0,Medicare,0,1,1,3.1,1
28,0,2,Elective,2,Orthopedic,1,3,7.7,0.89,6.3,130.1,132,75,37.5,2,Private,0,2,0,3.3,1
51,1,0,Emergency,5,Infection,2,0,5.7,2.45,12.6,135.7,121,105,36.2,0,Medicare,0,2,1,5.8,1
32,1,0,Emergency,5,Infection,5,0,7.7,0.43,7.0,141.1,115,75,37.2,1,Medicaid,1,2,1,7.7,2
24,0,1,Urgent,3,GI,3,0,4.0,1.13,6.3,135.9,117,88,38.5,2,Private,1,0,0,2.4,0
54,0,2,Elective,5,Infection,1,3,4.6,0.9,14.2,131.3,141,79,36.0,2,Private,1,3,0,9.0,2
62,0,0,Emergency,2,Orthopedic,1,0,6.2,0.75,13.9,134.4,138,66,37.2,0,Medicare,0,2,1,2.7,0
50,1,1,Urgent,1,Respiratory,3,3,4.0,1.34,5.0,142.9,160,73,37.5,0,Medicare,1,3,0,6.2,1
67,0,0,Emergency,1,Respiratory,6,2,6.7,2.42,8.2,138.2,111,92,36.3,2,Private,0,0,1,4.3,1
63,0,1,Urgent,3,GI,2,3,10.3,0.97,9.3,137.8,121,119,38.7,2,Private,1,1,0,2.8,0
20,1,0,Emergency,3,GI,1,0,5.2,1.28,10.4,133.2,119,87,38.8,0,Medicare,0,3,1,3.0,0
67,1,0,Emergency,2,Orthopedic,2,1,6.6,0.83,4.1,141.6,161,88,36.9,1,Medicaid,0,1,1,3.6,1
32,0,1,Urgent,5,Infection,4,2,4.8,0.77,4.5,139.8,107,66,36.1,0,Medicare,0,1,0,6.2,1
75,1,2,Elective,2,Orthopedic,2,1,8.4,0.44,10.3,136.6,171,118,36.7,1,Medicaid,1,1,0,4.7,1
50,1,1,Urgent,1,Respiratory,6,1,6.1,0.85,12.3,141.4,121,74,37.1,1,Medicaid,0,2,0,5.3,1
68,1,2,Elective,0,Cardiac,9,2,6.5,1.05,7.6,133.5,131,97,37.2,0,Medicare,0,0,0,8.6,2
72,0,1,Urgent,5,Infection,4,1,6.1,0.61,7.3,141.1,121,72,39.4,1,Medicaid,1,1,0,7.2,2
79,1,0,Emergency,4,Neurological,3,2,6.0,2.71,9.5,136.0,155,82,36.4,2,Private,1,2,1,8.8,2
50,0,0,Emergency,3,GI,3,1,4.3,1.45,9.5,137.4,99,73,37.5,0,Medicare,0,1,1,5.0,1
67,0,2,Elective,4,Neurological,6,2,6.8,1.61,9.7,133.1,141,69,37.8,2,Private,0,0,0,5.0,1
86,0,1,Urgent,4,Neurological,3,1,6.0,0.6,17.3,136.8,111,95,38.7,0,Medicare,0,1,0,4.8,1
50,1,2,Elective,5,Infection,2,2,4.0,1.42,5.9,133.1,103,102,37.1,3,Self-Pay,0,1,0,3.6,1
73,1,0,Emergency,1,Respiratory,1,3,4.0,2.31,5.9,135.3,136,55,38.0,2,Private,0,0,1,7.2,2
52,1,0,Emergency,3,GI,4,3,6.2,1.12,7.5,133.8,137,101,38.3,2,Private,0,0,1,5.0,1
57,0,0,Emergency,0,Cardiac,1,2,6.0,1.36,9.2,142.5,132,109,36.3,3,Self-Pay,0,2,1,5.1,1
50,1,0,Emergency,5,Infection,1,3,4.1,1.04,6.6,137.9,162,56,36.3,0,Medicare,1,0,1,7.7,2
18,1,0,Emergency,5,Infection,4,2,8.0,1.42,7.3,138.8,156,50,36.9,0,Medicare,0,0,1,2.2,0
85,0,0,Emergency,4,Neurological,1,2,5.6,1.17,5.2,137.8,113,85,36.2,2,Private,0,0,1,5.2,1
74,1,1,Urgent,2,Orthopedic,3,3,7.5,1.02,5.7,138.5,151,69,38.0,1,Medicaid,0,0,0,3.8,1
81,0,0,Emergency,2,Orthopedic,1,2,5.0,1.39,3.8,136.3,114,98,37.2,2,Private,1,3,1,5.1,1
37,1,0,Emergency,2,Orthopedic,2,1,5.8,1.16,10.7,144.1,135,92,37.5,0,Medicare,1,3,1,6.9,1
50,0,1,Urgent,1,Respiratory,2,2,5.4,1.35,7.0,132.8,107,95,38.6,2,Private,0,1,0,3.1,1
79,1,1,Urgent,2,Orthopedic,4,2,5.8,1.13,11.7,138.7,131,87,36.7,2,Private,1,3,0,6.6,1
73,1,1,Urgent,0,Cardiac,2,2,6.9,1.9,11.0,139.6,110,78,37.2,2,Private,0,2,0,4.1,1
38,1,1,Urgent,5,Infection,3,2,6.0,2.72,15.6,135.6,162,81,36.4,0,Medicare,1,2,0,8.2,2
54,0,2,Elective,2,Orthopedic,6,1,7.6,1.31,8.6,140.9,103,67,37.2,2,Private,1,0,0,6.3,1
62,0,1,Urgent,5,Infection,3,1,4.4,1.47,9.9,136.6,139,100,36.5,3,Self-Pay,0,0,0,5.4,1
46,0,2,Elective,4,Neurological,1,1,5.2,0.97,5.4,130.8,87,90,37.6,2,Private,0,2,0,5.2,1
81,1,1,Urgent,1,Respiratory,2,2,7.1,1.55,8.4,137.8,110,85,37.0,0,Medicare,0,0,0,3.6,1
81,1,0,Emergency,1,Respiratory,3,2,8.1,0.58,10.4,136.2,153,73,38.1,1,Medicaid,0,2,1,6.4,1
50,0,0,Emergency,5,Infection,3,0,6.7,1.47,4.4,135.2,142,92,37.3,0,Medicare,0,2,1,5.6,1
62,0,1,Urgent,4,Neurological,2,2,7.8,0.77,10.9,143.6,108,90,38.0,0,Medicare,0,2,0,2.7,0
65,1,1,Urgent,1,Respiratory,3,1,4.9,2.15,9.6,132.9,131,86,36.7,2,Private,0,2,0,3.5,1
71,1,1,Urgent,0,Cardiac,7,1,5.6,1.69,8.7,140.8,124,69,36.8,2,Private,0,2,0,6.1,1
50,0,0,Emergency,3,GI,2,3,7.5,1.09,9.5,145.7,105,97,37.0,0,Medicare,0,1,1,3.3,1
65,0,1,Urgent,1,Respiratory,3,1,5.8,1.53,8.3,148.2,132,71,37.0,1,Medicaid,1,3,0,5.0,1
50,0,2,Elective,1,Respiratory,6,1,5.7,2.74,9.9,146.3,85,83,36.9,1,Medicaid,0,0,0,4.9,1
72,1,1,Urgent,4,Neurological,7,4,5.8,1.11,12.4,136.4,118,60,37.4,1,Medicaid,0,2,0,7.3,2
55,1,1,Urgent,3,GI,1,3,4.3,1.35,13.9,138.6,168,101,36.9,1,Medicaid,1,1,0,4.4,1
50,1,2,Elective,2,Orthopedic,5,0,4.6,1.45,7.2,135.2,114,91,36.9,1,Medicaid,0,1,0,3.4,1
40,0,0,Emergency,5,Infection,5,2,5.3,1.5,10.1,142.8,122,55,37.7,2,Private,1,1,1,6.6,1
63,1,0,Emergency,3,GI,4,1,9.1,1.01,5.7,144.9,143,60,35.8,2,Private,1,1,1,6.0,1
55,0,2,Elective,5,Infection,4,2,5.7,1.7,17.5,134.7,134,78,37.0,1,Medicaid,0,1,0,3.6,1
59,0,0,Emergency,0,Cardiac,1,4,5.9,1.17,11.8,143.2,90,88,36.5,1,Medicaid,0,4,1,6.8,1
58,1,1,Urgent,1,Respiratory,1,2,7.7,1.26,5.8,141.8,106,65,36.7,0,Medicare,1,1,0,3.5,1
69,0,0,Emergency,0,Cardiac,4,0,6.5,0.9,14.2,142.8,132,82,37.0,1,Medicaid,0,0,1,5.4,1
54,0,0,Emergency,1,Respiratory,2,1,5.6,1.88,3.3,137.8,98,92,37.3,2,Private,0,3,1,3.5,1
54,1,0,Emergency,5,Infection,6,0,6.3,0.78,6.0,133.0,159,103,36.7,2,Private,1,1,1,8.9,2
42,0,0,Emergency,5,Infection,5,3,4.9,0.6,6.9,137.8,130,97,37.9,0,Medicare,1,1,1,6.5,1
68,1,0,Emergency,4,Neurological,2,2,4.3,0.46,8.2,143.4,124,76,38.2,1,Medicaid,1,1,1,8.5,2
68,1,0,Emergency,2,Orthopedic,6,2,8.2,1.68,11.1,140.1,149,76,37.7,2,Private,0,2,1,5.3,1
64,1,2,Elective,4,Neurological,1,1,7.1,0.93,5.9,138.0,136,63,35.0,2,Private,0,1,0,2.9,0
33,0,2,Elective,3,GI,3,3,4.0,0.89,7.4,141.2,140,90,37.0,0,Medicare,0,1,0,1.0,0
55,0,2,Elective,0,Cardiac,3,1,7.9,1.18,8.5,134.1,92,75,37.0,0,Medicare,0,0,0,3.6,1
81,0,2,Elective,2,Orthopedic,7,7,6.1,0.67,11.3,139.3,137,76,37.0,1,Medicaid,0,2,0,3.5,1
84,0,0,Emergency,3,GI,5,1,6.0,1.37,7.8,138.4,133,100,38.4,0,Medicare,1,1,1,6.5,1
77,1,2,Elective,1,Respiratory,1,1,8.2,3.23,9.9,134.3,120,86,36.5,2,Private,0,2,0,5.2,1
81,0,1,Urgent,0,Cardiac,5,1,4.7,1.61,10.4,138.7,103,74,37.0,2,Private,0,0,0,4.2,1
31,0,1,Urgent,1,Respiratory,4,2,6.6,1.39,10.7,134.9,142,59,37.3,2,Private,1,0,0,6.5,1
35,1,1,Urgent,3,GI,2,2,9.1,1.74,1.5,131.8,98,85,38.5,0,Medicare,1,1,0,4.1,1
33,1,0,Emergency,0,Cardiac,5,1,6.0,3.54,10.0,142.2,149,62,36.0,3,Self-Pay,1,1,1,6.0,1
81,1,2,Elective,4,Neurological,3,1,5.7,0.97,2.8,134.7,126,63,37.9,0,Medicare,0,0,0,4.4,1
58,0,0,Emergency,2,Orthopedic,2,2,9.5,0.98,8.9,137.6,126,81,37.6,0,Medicare,0,0,1,2.0,0
77,1,0,Emergency,1,Respiratory,4,2,5.5,0.91,8.3,143.2,118,89,36.3,0,Medicare,1,2,1,6.0,1
27,1,0,Emergency,4,Neurological,7,2,7.7,0.6,11.3,131.0,111,78,36.7,1,Medicaid,1,1,1,9.0,2
63,0,0,Emergency,2,Orthopedic,3,0,4.2,1.24,2.3,144.4,111,85,37.2,0,Medicare,1,2,1,4.0,1
30,0,2,Elective,1,Respiratory,1,2,7.9,1.18,5.1,133.9,96,102,37.5,2,Private,0,0,0,1.4,0
64,0,2,Elective,5,Infection,2,4,5.5,1.34,7.5,135.9,132,80,37.1,2,Private,0,1,0,2.8,0
79,1,0,Emergency,1,Respiratory,3,2,8.1,0.73,7.6,141.3,106,81,36.2,3,Self-Pay,1,1,1,8.3,2
54,0,0,Emergency,4,Neurological,4,0,5.5,0.49,9.9,136.8,129,87,37.4,0,Medicare,0,0,1,4.6,1
63,1,0,Emergency,2,Orthopedic,7,2,7.4,0.48,4.8,136.5,104,108,38.5,2,Private,0,0,1,1.8,0
25,1,2,Elective,0,Cardiac,2,1,4.0,1.34,9.8,143.4,128,100,36.9,1,Medicaid,0,1,0,2.9,0
71,1,0,Emergency,3,GI,4,4,6.3,1.37,8.5,140.0,131,94,36.5,0,Medicare,0,0,1,1.3,0
27,0,2,Elective,1,Respiratory,5,2,6.6,2.54,14.0,139.8,120,64,36.7,3,Self-Pay,1,0,0,8.4,2
50,0,1,Urgent,0,Cardiac,1,2,4.7,1.97,5.2,137.7,175,97,36.6,2,Private,0,0,0,4.5,1
75,0,2,Elective,0,Cardiac,4,2,6.6,0.64,12.1,138.4,103,79,37.3,2,Private,0,2,0,4.3,1
55,0,1,Urgent,1,Respiratory,5,2,11.3,0.71,8.2,131.9,123,91,37.9,2,Private,0,0,0,3.2,1
54,1,1,Urgent,4,Neurological,5,1,4.7,1.47,6.7,137.8,106,107,38.6,1,Medicaid,0,1,0,4.5,1
88,0,1,Urgent,4,Neurological,4,2,7.3,1.18,14.3,143.3,128,86,36.4,0,Medicare,0,0,0,3.8,1
50,0,2,Elective,5,Infection,2,4,5.4,1.81,7.5,132.5,106,78,36.7,2,Private,0,1,0,3.7,1
64,0,2,Elective,1,Respiratory,4,4,8.7,2.16,10.4,140.9,133,80,38.3,0,Medicare,1,2,0,7.2,2
74,0,1,Urgent,3,GI,1,1,7.0,1.38,8.2,138.3,127,89,37.8,0,Medicare,0,1,0,3.5,1
52,1,1,Urgent,1,Respiratory,1,3,5.6,1.2,8.2,134.2,159,66,37.4,2,Private,0,2,0,3.0,0
80,1,2,Elective,3,GI,4,4,6.7,0.74,11.1,129.7,156,86,37.6,0,Medicare,0,2,0,5.3,1
78,1,2,Elective,5,Infection,1,1,9.5,0.75,11.6,141.8,150,97,36.9,2,Private,0,0,0,3.3,1
67,0,1,Urgent,0,Cardiac,1,1,5.6,1.55,6.4,141.9,132,47,37.8,0,Medicare,1,0,0,3.7,1
50,1,0,Emergency,5,Infection,1,1,8.1,0.67,6.6,131.4,130,76,37.1,0,Medicare,1,1,1,7.3,2
58,1,0,Emergency,4,Neurological,4,3,4.6,0.98,1.5,136.7,129,88,36.6,2,Private,0,2,1,4.8,1
56,0,2,Elective,4,Neurological,2,3,7.2,0.69,7.8,140.8,105,84,37.4,0,Medicare,0,0,0,6.9,1
59,0,0,Emergency,3,GI,2,1,6.3,0.74,13.9,144.1,145,73,38.3,1,Medicaid,0,0,1,4.7,1
50,1,0,Emergency,4,Neurological,1,2,8.6,1.07,14.4,143.5,158,80,37.6,0,Medicare,1,1,1,5.6,1
50,1,0,Emergency,5,Infection,1,2,6.4,1.02,9.0,137.2,136,88,39.1,0,Medicare,0,2,1,5.9,1
77,1,1,Urgent,4,Neurological,3,3,8.8,1.52,14.4,139.4,98,75,37.2,2,Private,0,2,0,4.3,1
70,0,1,Urgent,1,Respiratory,2,1,5.1,2.04,13.0,138.4,122,94,37.1,2,Private,0,0,0,3.4,1
53,0,0,Emergency,3,GI,5,2,4.3,1.04,11.3,138.7,111,90,36.1,1,Medicaid,0,2,1,4.9,1
50,1,0,Emergency,1,Respiratory,6,1,4.8,0.67,4.5,143.0,122,104,38.2,2,Private,0,0,1,3.3,1
56,1,2,Elective,5,Infection,3,0,7.3,1.0,8.1,139.3,129,79,37.7,2,Private,0,1,0,5.2,1
35,1,2,Elective,5,Infection,1,4,4.6,1.79,5.6,146.8,153,85,37.5,2,Private,1,3,0,7.2,2
25,1,0,Emergency,3,GI,2,0,4.0,0.74,5.3,145.9,92,95,36.2,3,Self-Pay,0,3,1,4.2,1
65,0,0,Emergency,4,Neurological,6,2,5.9,0.72,10.1,135.7,104,83,37.9,0,Medicare,0,1,1,6.7,1
18,1,1,Urgent,5,Infection,6,2,6.8,0.61,11.1,135.0,105,80,37.6,0,Medicare,1,0,0,7.0,1
52,1,2,Elective,1,Respiratory,1,4,5.7,2.19,1.5,134.2,106,93,36.5,2,Private,0,0,0,1.0,0
50,1,2,Elective,3,GI,4,5,4.5,0.42,7.4,139.6,127,109,38.1,0,Medicare,0,2,0,2.1,0
64,0,1,Urgent,2,Orthopedic,6,0,8.6,0.71,5.3,132.6,141,100,37.2,2,Private,0,2,0,3.6,1
50,0,2,Elective,4,Neurological,4,2,8.0,0.71,9.1,135.7,127,109,35.5,3,Self-Pay,1,4,0,7.8,2
90,1,0,Emergency,1,Respiratory,2,5,7.1,0.98,6.4,135.4,111,92,36.5,0,Medicare,0,1,1,4.0,1
82,1,0,Emergency,3,GI,6,5,8.8,0.87,10.0,148.0,139,82,36.0,2,Private,0,1,1,6.8,1
32,1,1,Urgent,2,Orthopedic,1,0,4.9,1.23,13.1,135.8,160,77,36.9,2,Private,0,2,0,2.9,0
26,1,2,Elective,0,Cardiac,5,2,6.1,0.91,9.2,130.4,120,107,37.1,1,Medicaid,0,2,0,5.4,1
80,1,1,Urgent,0,Cardiac,3,1,8.6,0.74,11.7,137.8,150,93,37.0,3,Self-Pay,1,2,0,8.1,2
43,1,2,Elective,0,Cardiac,2,0,6.8,0.94,13.6,134.5,135,65,36.2,0,Medicare,0,0,0,1.7,0
59,0,2,Elective,0,Cardiac,1,2,9.6,0.67,9.5,140.3,143,89,36.4,0,Medicare,0,1,0,3.1,1
50,0,1,Urgent,2,Orthopedic,3,1,4.0,1.85,4.3,137.4,160,65,35.5,0,Medicare,0,2,0,3.0,0
56,0,0,Emergency,3,GI,1,2,4.0,2.13,4.8,138.8,134,54,38.2,0,Medicare,0,2,1,5.4,1
73,1,0,Emergency,0,Cardiac,2,9,5.6,0.51,8.6,131.5,124,100,37.0,0,Medicare,0,4,1,7.0,1
54,0,2,Elective,3,GI,1,1,7.6,1.43,15.3,137.0,122,101,37.6,2,Private,0,3,0,4.0,1
76,0,0,Emergency,3,GI,2,3,7.8,1.21,2.7,142.7,156,94,37.7,1,Medicaid,0,0,1,3.4,1
67,1,0,Emergency,0,Cardiac,1,3,6.1,1.21,10.5,136.1,97,104,37.8,3,Self-Pay,1,1,1,7.9,2
61,1,2,Elective,2,Orthopedic,5,3,8.4,0.92,9.8,138.3,126,60,37.0,0,Medicare,0,0,0,4.3,1
90,1,2,Elective,4,Neurological,4,3,7.2,0.85,11.0,139.4,141,72,37.9,2,Private,0,0,0,3.4,1
89,0,0,Emergency,0,Cardiac,5,1,6.6,1.77,8.6,135.5,142,75,36.0,0,Medicare,0,0,1,3.3,1
78,1,2,Elective,0,Cardiac,8,2,8.9,1.79,9.0,133.3,85,66,36.2,1,Medicaid,0,1,0,3.1,1
69,0,0,Emergency,5,Infection,1,2,6.6,1.22,8.9,148.2,128,103,36.5,1,Medicaid,0,3,1,4.8,1
87,0,0,Emergency,4,Neurological,1,2,5.2,0.57,5.3,140.6,116,64,37.7,1,Medicaid,1,1,1,6.7,1
73,0,1,Urgent,2,Orthopedic,2,1,6.1,1.2,1.5,137.5,153,71,36.7,0,Medicare,0,1,0,3.9,1
69,0,2,Elective,3,GI,1,0,4.7,0.97,16.0,143.4,129,75,36.9,1,Medicaid,0,2,0,2.0,0
58,0,0,Emergency,4,Neurological,3,2,6.1,1.13,8.1,138.9,131,80,38.1,2,Private,0,4,1,5.1,1
33,1,0,Emergency,4,Neurological,1,4,5.0,1.23,5.2,141.0,114,92,38.1,3,Self-Pay,1,2,1,8.6,2
66,0,0,Emergency,1,Respiratory,4,1,4.1,1.1,12.8,140.4,122,103,37.4,2,Private,0,2,1,3.5,1
75,1,2,Elective,2,Orthopedic,3,2,5.6,1.81,7.3,142.0,152,86,38.5,2,Private,1,2,0,4.8,1
92,0,1,Urgent,3,GI,2,1,4.0,0.86,9.9,133.6,167,102,37.6,0,Medicare,0,1,0,2.3,0
82,0,0,Emergency,0,Cardiac,3,2,7.8,1.8,10.6,137.5,143,103,37.2,2,Private,0,0,1,3.2,1
52,1,0,Emergency,5,Infection,1,2,7.6,0.99,6.6,141.7,127,82,38.1,0,Medicare,0,1,1,6.1,1
35,1,1,Urgent,2,Orthopedic,2,0,8.3,1.67,11.2,138.0,114,62,37.3,0,Medicare,0,4,0,3.3,1
52,1,1,Urgent,1,Respiratory,1,2,5.5,1.74,8.1,134.3,132,78,37.7,2,Private,1,3,0,4.8,1
45,1,2,Elective,5,Infection,4,4,7.3,1.4,12.2,137.1,126,101,35.6,2,Private,0,3,0,4.4,1
60,1,0,Emergency,0,Cardiac,2,2,4.4,0.89,12.7,138.1,114,90,37.2,2,Private,1,2,1,8.8,2
70,1,2,Elective,0,Cardiac,5,0,5.5,0.51,11.5,131.9,114,80,36.4,1,Medicaid,0,1,0,2.7,0
50,1,0,Emergency,3,GI,1,1,8.3,1.44,1.5,144.3,170,74,36.6,1,Medicaid,0,0,1,5.1,1
72,1,0,Emergency,1,Respiratory,3,4,8.6,0.96,10.3,133.2,156,80,37.1,0,Medicare,0,2,1,4.9,1
71,0,0,Emergency,4,Neurological,3,3,6.7,1.21,12.6,142.7,151,95,38.1,2,Private,0,0,1,7.7,2
22,1,1,Urgent,0,Cardiac,6,3,7.7,1.8,8.2,144.4,128,83,37.7,1,Medicaid,1,1,0,5.8,1
61,0,2,Elective,1,Respiratory,4,0,6.1,0.85,3.5,134.7,132,68,36.3,2,Private,0,0,0,1.0,0
74,0,1,Urgent,1,Respiratory,1,3,8.3,1.23,8.3,141.2,158,88,37.2,0,Medicare,0,3,0,3.0,0
64,1,1,Urgent,4,Neurological,5,2,4.9,0.56,5.1,140.8,124,80,37.2,1,Medicaid,0,1,0,6.5,1
56,0,0,Emergency,1,Respiratory,2,2,6.7,1.37,9.1,137.7,104,63,37.2,0,Medicare,0,1,1,5.9,1
62,0,0,Emergency,2,Orthopedic,2,2,8.6,0.88,7.6,143.8,109,47,38.1,0,Medicare,1,2,1,5.7,1
66,0,1,Urgent,4,Neurological,3,0,5.6,0.41,10.0,140.6,137,40,37.9,0,Medicare,1,3,0,7.3,2
78,1,1,Urgent,5,Infection,1,5,6.5,1.41,1.5,139.7,167,82,38.2,0,Medicare,0,2,0,6.3,1
50,0,2,Elective,4,Neurological,1,1,7.3,3.79,13.4,144.7,172,92,37.1,0,Medicare,1,2,0,6.8,1
51,0,0,Emergency,2,Orthopedic,3,0,8.2,1.14,11.4,141.1,151,96,36.0,0,Medicare,0,1,1,2.5,0
70,1,0,Emergency,3,GI,2,1,5.2,0.72,4.9,138.1,137,89,37.2,2,Private,1,1,1,5.7,1
76,1,0,Emergency,3,GI,4,5,7.2,1.55,9.5,133.6,160,90,37.3,0,Medicare,0,1,1,5.3,1
75,0,2,Elective,5,Infection,1,1,8.3,0.98,12.0,138.0,133,96,38.7,0,Medicare,1,1,0,5.5,1
85,0,1,Urgent,5,Infection,4,4,8.3,1.42,6.9,132.0,145,81,37.2,3,Self-Pay,0,2,0,5.5,1
71,0,0,Emergency,5,Infection,2,2,6.4,0.74,8.6,143.1,191,86,38.6,0,Medicare,1,0,1,8.1,2
55,0,0,Emergency,4,Neurological,3,2,5.9,0.58,2.1,137.5,114,77,38.1,0,Medicare,0,2,1,5.9,1
37,0,0,Emergency,0,Cardiac,3,2,6.5,1.35,1.6,136.5,117,92,37.7,0,Medicare,0,1,1,5.8,1
55,0,1,Urgent,4,Neurological,4,3,5.2,0.9,4.5,141.8,107,64,37.3,1,Medicaid,1,1,0,4.7,1
65,1,2,Elective,4,Neurological,5,1,7.5,0.85,7.0,137.5,139,85,36.5,1,Medicaid,0,0,0,6.6,1
58,1,2,Elective,5,Infection,1,1,6.7,1.79,14.7,144.5,144,93,36.7,3,Self-Pay,1,1,0,6.7,1
68,1,1,Urgent,5,Infection,2,0,4.0,0.94,8.8,135.4,119,103,36.0,0,Medicare,0,1,0,5.9,1
50,0,0,Emergency,2,Orthopedic,4,4,7.2,1.41,1.7,136.4,138,80,37.9,2,Private,0,1,1,4.9,1
70,0,1,Urgent,3,GI,3,0,5.6,0.9,9.5,140.8,138,93,35.0,1,Medicaid,0,0,0,1.9,0
92,1,2,Elective,0,Cardiac,7,2,6.8,2.0,10.3,147.7,147,70,37.0,0,Medicare,1,1,0,7.5,2
68,0,0,Emergency,3,GI,6,4,9.2,2.55,6.1,138.9,117,81,37.8,0,Medicare,0,1,1,5.7,1
90,1,2,Elective,2,Orthopedic,4,1,4.9,1.58,9.1,133.6,128,89,36.9,0,Medicare,1,1,0,5.9,1
38,1,2,Elective,5,Infection,5,1,5.8,0.76,12.9,129.1,135,95,36.9,0,Medicare,1,2,0,8.1,2
66,1,1,Urgent,5,Infection,1,1,6.1,1.68,7.8,141.7,117,76,37.8,2,Private,0,0,0,5.1,1
50,0,1,Urgent,4,Neurological,6,0,4.2,1.16,7.3,135.2,114,95,36.2,0,Medicare,0,1,0,5.2,1
21,0,1,Urgent,0,Cardiac,4,2,6.7,1.41,6.5,139.1,147,67,37.1,2,Private,0,0,0,4.9,1
68,1,1,Urgent,2,Orthopedic,1,1,7.3,1.0,10.5,132.5,118,84,37.3,3,Self-Pay,1,0,0,6.1,1
64,1,0,Emergency,3,GI,4,2,5.8,0.97,7.2,145.7,137,61,36.6,2,Private,0,0,1,4.1,1
81,0,0,Emergency,0,Cardiac,2,1,7.5,1.3,9.0,131.7,94,72,35.5,1,Medicaid,0,0,1,4.1,1
50,1,0,Emergency,1,Respiratory,4,5,9.2,2.72,5.9,129.6,138,77,38.0,2,Private,0,1,1,6.2,1
50,0,2,Elective,5,Infection,3,0,5.3,1.33,7.0,141.1,130,108,36.0,0,Medicare,0,0,0,4.1,1
53,0,0,Emergency,0,Cardiac,4,1,6.2,1.05,15.7,131.1,117,106,37.2,2,Private,0,0,1,5.8,1
75,1,1,Urgent,0,Cardiac,1,0,6.0,0.85,6.2,141.2,158,68,37.2,2,Private,1,0,0,7.0,1
31,1,2,Elective,3,GI,1,2,9.7,0.99,14.2,138.5,133,70,36.2,2,Private,1,1,0,6.2,1
51,1,0,Emergency,5,Infection,5,0,7.5,2.34,5.1,129.5,118,68,37.4,1,Medicaid,0,0,1,5.4,1
55,0,1,Urgent,4,Neurological,2,6,8.4,0.93,14.5,143.2,120,80,37.2,1,Medicaid,0,2,0,5.5,1
64,0,0,Emergency,5,Infection,3,3,6.2,0.96,8.5,136.8,114,70,37.9,1,Medicaid,0,1,1,7.0,1
90,1,0,Emergency,4,Neurological,5,1,9.7,0.7,10.3,135.9,120,56,37.1,0,Medicare,0,0,1,6.5,1
81,0,0,Emergency,2,Orthopedic,5,1,8.3,1.62,5.7,139.0,119,57,36.4,0,Medicare,0,2,1,3.9,1
60,0,2,Elective,5,Infection,1,1,4.9,1.51,9.9,137.9,109,53,36.3,2,Private,1,0,0,5.6,1
88,1,2,Elective,2,Orthopedic,1,3,4.4,2.13,10.3,136.1,124,76,36.3,2,Private,0,1,0,5.1,1
38,0,0,Emergency,1,Respiratory,1,2,6.6,1.63,9.0,133.5,126,82,38.5,1,Medicaid,0,1,1,3.9,1
63,1,2,Elective,2,Orthopedic,1,1,7.4,1.1,4.0,136.5,111,82,35.9,2,Private,0,2,0,3.1,1
50,0,2,Elective,4,Neurological,4,1,5.8,2.28,5.9,133.7,157,67,36.5,0,Medicare,0,1,0,4.8,1
85,1,0,Emergency,5,Infection,6,5,5.2,2.1,4.6,135.9,116,72,37.6,1,Medicaid,0,2,1,6.9,1
92,1,0,Emergency,1,Respiratory,4,6,8.2,1.23,8.8,140.6,130,100,36.4,2,Private,0,1,1,4.9,1
91,0,0,Emergency,2,Orthopedic,2,4,7.2,1.39,5.5,133.3,160,102,36.6,2,Private,0,0,1,4.0,1
70,0,1,Urgent,5,Infection,1,1,6.4,0.56,4.8,136.7,125,107,36.5,0,Medicare,0,2,0,4.4,1
84,0,1,Urgent,0,Cardiac,1,5,5.2,1.32,4.9,137.8,108,75,37.8,1,Medicaid,1,0,0,7.2,2
82,0,0,Emergency,4,Neurological,5,4,6.4,1.22,5.9,137.0,129,67,35.2,0,Medicare,0,3,1,6.9,1
73,1,0,Emergency,2,Orthopedic,3,6,5.1,1.13,17.8,135.5,142,76,36.8,1,Medicaid,0,1,1,5.3,1
83,1,0,Emergency,1,Respiratory,2,0,8.2,1.43,10.4,139.1,103,102,37.5,0,Medicare,0,1,1,6.0,1
50,1,0,Emergency,2,Orthopedic,6,2,7.8,0.77,9.2,141.3,119,84,37.2,2,Private,0,0,1,3.1,1
50,1,1,Urgent,2,Orthopedic,6,2,4.8,3.29,9.9,147.2,127,57,36.5,2,Private,1,2,0,7.4,2
78,0,0,Emergency,4,Neurological,3,2,4.9,1.63,1.8,141.0,131,98,38.3,2,Private,0,2,1,7.9,2
65,0,1,Urgent,5,Infection,8,2,8.9,1.6,11.9,132.1,113,99,37.0,2,Private,0,3,0,7.2,2
54,1,2,Elective,2,Orthopedic,5,3,7.9,1.6,11.6,140.6,99,84,36.8,3,Self-Pay,1,3,0,4.3,1
37,1,0,Emergency,4,Neurological,4,5,7.7,1.82,10.4,134.2,116,88,37.3,0,Medicare,0,2,1,5.8,1
80,1,0,Emergency,4,Neurological,2,1,8.6,1.23,11.1,138.6,131,98,37.1,0,Medicare,0,1,1,5.0,1
33,0,0,Emergency,1,Respiratory,4,2,4.8,0.9,9.3,137.2,148,74,38.1,3,Self-Pay,0,0,1,4.7,1
68,1,1,Urgent,3,GI,5,4,6.1,0.58,8.5,136.3,89,115,36.3,3,Self-Pay,1,0,0,6.0,1
76,0,1,Urgent,3,GI,1,2,9.9,1.88,9.2,141.5,125,96,37.0,1,Medicaid,1,3,0,5.4,1
50,1,1,Urgent,0,Cardiac,3,2,9.2,1.5,1.5,135.2,161,83,36.3,1,Medicaid,1,1,0,4.9,1
65,1,1,Urgent,1,Respiratory,2,3,7.6,0.67,15.7,144.8,183,84,37.7,0,Medicare,1,1,0,7.8,2
67,0,0,Emergency,5,Infection,3,6,6.9,0.65,3.0,135.6,84,75,36.6,0,Medicare,0,0,1,7.7,2
82,1,0,Emergency,3,GI,2,4,7.5,0.51,13.0,142.2,138,82,36.4,2,Private,0,0,1,2.2,0
66,1,0,Emergency,1,Respiratory,2,3,6.4,1.02,12.0,139.6,119,99,35.7,1,Medicaid,0,0,1,5.7,1
74,1,1,Urgent,1,Respiratory,4,1,5.2,1.96,9.7,142.3,115,95,36.8,0,Medicare,0,3,0,3.8,1
67,1,0,Emergency,0,Cardiac,3,3,5.0,0.6,1.5,137.4,144,71,38.5,2,Private,0,3,1,5.4,1
39,0,2,Elective,2,Orthopedic,2,3,10.4,1.21,9.9,141.2,120,96,36.5,0,Medicare,0,2,0,2.3,0
32,1,1,Urgent,0,Cardiac,4,4,5.4,0.59,14.9,140.4,162,95,37.0,2,Private,0,3,0,5.8,1
80,0,0,Emergency,0,Cardiac,2,0,8.4,0.6,9.3,134.8,129,60,38.0,1,Medicaid,0,2,1,4.8,1
77,0,1,Urgent,1,Respiratory,1,2,4.0,0.85,7.9,134.4,139,96,36.8,1,Medicaid,0,0,0,3.7,1
70,0,2,Elective,3,GI,1,3,5.6,2.62,8.3,140.1,124,93,35.9,0,Medicare,0,0,0,3.5,1
82,1,0,Emergency,0,Cardiac,3,0,6.3,0.81,9.9,139.6,168,104,37.7,0,Medicare,1,0,1,7.6,2
81,0,0,Emergency,0,Cardiac,4,1,5.5,0.62,1.5,135.5,100,66,39.1,0,Medicare,0,1,1,5.9,1
24,0,0,Emergency,0,Cardiac,2,3,5.1,0.91,11.0,140.3,130,70,36.2,2,Private,0,2,1,3.5,1
87,0,1,Urgent,1,Respiratory,4,4,8.2,0.92,5.6,135.2,111,78,37.8,0,Medicare,0,1,0,5.1,1
68,1,0,Emergency,0,Cardiac,3,4,7.1,1.04,10.3,140.4,103,82,36.5,2,Private,0,2,1,6.7,1
68,1,2,Elective,2,Orthopedic,2,3,5.5,0.86,15.3,135.3,115,40,37.6,0,Medicare,0,0,0,1.2,0
68,0,1,Urgent,2,Orthopedic,1,2,5.4,0.9,7.0,135.0,122,94,36.6,2,Private,0,2,0,3.7,1
62,1,2,Elective,1,Respiratory,4,4,4.1,1.39,5.3,137.7,119,63,37.3,3,Self-Pay,0,1,0,4.5,1
50,0,0,Emergency,4,Neurological,2,0,4.5,1.15,9.3,137.2,132,70,37.0,0,Medicare,1,1,1,7.0,1
50,1,2,Elective,2,Orthopedic,2,3,4.6,0.74,14.9,135.8,84,71,38.9,0,Medicare,1,1,0,5.0,1
68,1,0,Emergency,0,Cardiac,2,2,5.7,1.51,10.0,140.4,151,67,36.5,2,Private,0,3,1,6.6,1
48,1,0,Emergency,1,Respiratory,2,0,12.0,3.14,12.9,141.1,168,91,36.6,0,Medicare,0,2,1,7.1,2
70,0,2,Elective,5,Infection,2,4,5.5,1.4,11.2,134.4,124,47,37.9,1,Medicaid,0,1,0,3.9,1
79,1,0,Emergency,5,Infection,5,3,5.7,1.97,13.1,135.4,143,77,37.7,1,Medicaid,1,0,1,7.5,2
59,1,2,Elective,1,Respiratory,7,0,5.5,0.91,6.8,144.1,132,83,36.6,0,Medicare,0,3,0,3.5,1
50,1,1,Urgent,0,Cardiac,2,2,7.3,1.2,14.2,136.4,87,96,38.0,2,Private,0,3,0,3.4,1
53,1,2,Elective,2,Orthopedic,2,3,4.2,0.7,11.2,142.2,110,97,37.2,3,Self-Pay,1,0,0,3.8,1
50,0,1,Urgent,2,Orthopedic,2,2,4.7,0.4,4.2,135.1,100,100,37.6,2,Private,0,0,0,4.0,1
42,1,2,Elective,2,Orthopedic,6,2,8.5,0.84,8.3,134.9,121,77,36.3,0,Medicare,0,1,0,2.7,0
71,0,0,Emergency,2,Orthopedic,2,1,7.0,0.96,9.6,135.2,169,67,38.1,3,Self-Pay,0,0,1,4.6,1
68,1,1,Urgent,1,Respiratory,4,1,6.8,0.69,9.4,135.9,110,78,37.5,2,Private,0,1,0,3.9,1
32,0,1,Urgent,0,Cardiac,3,2,8.1,1.05,8.8,140.9,117,71,36.3,0,Medicare,0,2,0,3.6,1
80,1,2,Elective,3,GI,3,1,6.6,0.67,9.9,135.0,133,71,38.1,2,Private,1,0,0,5.7,1
61,0,0,Emergency,5,Infection,1,4,4.4,2.71,9.9,137.3,119,94,38.0,0,Medicare,1,1,1,10.3,2
50,0,0,Emergency,0,Cardiac,1,4,7.4,0.66,7.1,133.6,142,94,37.4,1,Medicaid,0,0,1,4.3,1
78,0,0,Emergency,3,GI,2,2,7.5,0.79,10.4,136.9,147,117,38.5,1,Medicaid,0,0,1,4.1,1
56,0,0,Emergency,2,Orthopedic,2,1,4.0,0.87,11.7,133.6,141,87,37.4,1,Medicaid,0,0,1,3.0,0
61,1,0,Emergency,1,Respiratory,2,2,7.1,1.76,15.2,136.2,97,63,38.9,3,Self-Pay,0,2,1,4.6,1
90,1,2,Elective,4,Neurological,2,0,7.7,1.59,16.5,134.5,118,78,37.6,2,Private,0,1,0,4.0,1
61,1,0,Emergency,2,Orthopedic,1,0,7.8,1.18,7.8,138.8,122,64,36.4,1,Medicaid,1,2,1,6.8,1
50,1,0,Emergency,3,GI,3,1,8.0,0.87,7.4,136.8,109,78,37.4,2,Private,1,0,1,4.6,1
53,1,2,Elective,2,Orthopedic,3,3,7.2,0.4,7.9,138.9,134,91,36.9,0,Medicare,0,5,0,4.7,1
74,0,0,Emergency,0,Cardiac,3,4,8.3,0.78,4.9,144.4,147,86,38.0,0,Medicare,0,1,1,5.7,1
58,0,1,Urgent,3,GI,7,3,4.7,1.18,9.6,136.6,134,71,36.9,2,Private,1,2,0,6.3,1
25,0,1,Urgent,2,Orthopedic,2,0,9.3,0.97,20.8,137.2,108,58,36.8,2,Private,1,4,0,4.4,1
76,1,2,Elective,0,Cardiac,7,2,4.0,1.91,5.9,139.3,140,68,36.1,0,Medicare,0,1,0,5.3,1
66,0,1,Urgent,3,GI,2,1,8.0,1.44,6.8,143.1,143,72,35.5,2,Private,0,1,0,1.5,0
68,0,1,Urgent,0,Cardiac,2,2,4.8,0.85,3.2,137.4,137,93,37.8,1,Medicaid,0,0,0,3.9,1
56,1,0,Emergency,0,Cardiac,3,3,8.7,1.57,12.3,126.8,144,73,36.3,3,Self-Pay,0,0,1,4.1,1
64,1,1,Urgent,4,Neurological,2,0,7.8,0.59,9.7,133.2,131,96,37.5,0,Medicare,0,3,0,3.4,1
20,1,2,Elective,0,Cardiac,2,2,5.5,1.31,6.1,129.0,165,71,36.7,1,Medicaid,0,1,0,2.7,0
47,1,0,Emergency,3,GI,1,2,6.0,1.81,5.3,140.2,121,95,37.4,1,Medicaid,0,0,1,3.0,0
68,1,0,Emergency,5,Infection,4,0,5.7,1.5,7.0,134.0,99,86,39.0,0,Medicare,0,0,1,5.3,1
50,1,2,Elective,0,Cardiac,2,2,7.8,0.89,11.4,134.5,107,87,39.0,0,Medicare,1,3,0,7.2,2
81,1,1,Urgent,2,Orthopedic,2,2,4.0,1.66,10.3,133.4,161,94,37.1,1,Medicaid,0,1,0,2.2,0
70,1,0,Emergency,3,GI,4,0,6.1,0.53,6.0,139.4,148,73,36.8,1,Medicaid,0,2,1,3.5,1
76,0,2,Elective,2,Orthopedic,3,3,7.4,0.69,6.9,138.0,118,90,37.2,1,Medicaid,0,0,0,2.2,0
62,0,2,Elective,3,GI,5,1,4.0,0.76,12.3,133.0,140,110,36.3,0,Medicare,0,0,0,3.6,1
67,0,2,Elective,2,Orthopedic,1,2,4.2,0.51,2.3,137.2,117,65,37.5,0,Medicare,1,2,0,4.6,1
65,0,2,Elective,0,Cardiac,4,1,8.7,1.86,5.1,133.6,101,84,37.4,0,Medicare,0,0,0,5.1,1
38,1,1,Urgent,0,Cardiac,2,2,4.0,2.26,9.5,140.4,141,65,36.8,0,Medicare,1,1,0,6.0,1
18,0,2,Elective,4,Neurological,6,1,4.8,1.05,9.4,139.3,143,66,38.2,2,Private,0,2,0,2.9,0
83,0,1,Urgent,1,Respiratory,1,2,9.5,2.01,11.3,140.3,137,84,37.5,0,Medicare,0,2,0,2.9,0
83,1,2,Elective,4,Neurological,4,1,7.2,0.73,11.9,137.5,110,92,38.3,2,Private,0,1,0,7.1,2
50,1,2,Elective,4,Neurological,5,3,8.8,0.95,11.3,137.1,108,103,35.4,1,Medicaid,0,1,0,4.3,1
56,1,0,Emergency,0,Cardiac,8,1,5.1,0.98,2.4,141.0,132,95,37.2,2,Private,1,0,1,8.0,2
35,1,0,Emergency,0,Cardiac,2,0,4.0,0.7,11.8,136.4,120,86,38.0,1,Medicaid,0,5,1,2.9,0
50,1,0,Emergency,1,Respiratory,5,2,6.7,1.45,10.4,139.0,131,88,37.0,3,Self-Pay,0,0,1,3.4,1
79,1,2,Elective,3,GI,1,1,7.3,1.12,9.1,138.9,178,83,38.5,0,Medicare,0,1,0,3.3,1
70,0,2,Elective,4,Neurological,1,4,4.0,0.93,12.5,138.2,160,84,35.7,2,Private,0,0,0,3.7,1
69,0,1,Urgent,0,Cardiac,2,1,6.5,1.21,13.4,135.1,141,56,36.8,0,Medicare,0,4,0,4.7,1
25,0,1,Urgent,1,Respiratory,5,1,5.0,1.73,6.7,127.1,144,77,37.9,2,Private,1,1,0,4.8,1
63,1,2,Elective,1,Respiratory,2,0,6.6,0.97,2.6,146.5,131,108,37.4,0,Medicare,0,0,0,6.0,1
50,1,0,Emergency,0,Cardiac,3,3,8.3,3.19,7.4,139.3,140,79,36.5,0,Medicare,0,2,1,3.7,1
78,1,0,Emergency,2,Orthopedic,7,4,6.0,1.59,5.0,136.9,102,90,36.4,1,Medicaid,0,1,1,5.6,1
68,1,1,Urgent,2,Orthopedic,4,3,8.6,1.33,8.3,137.3,135,66,37.6,0,Medicare,0,3,0,4.1,1
90,0,2,Elective,1,Respiratory,3,2,6.1,1.2,11.2,133.9,123,84,37.5,0,Medicare,0,1,0,1.5,0
35,1,2,Elective,2,Orthopedic,2,2,8.1,2.7,6.7,132.2,134,63,37.0,2,Private,0,3,0,3.0,0
58,1,0,Emergency,1,Respiratory,3,0,8.1,1.34,6.1,140.2,137,82,37.6,2,Private,0,0,1,4.2,1
20,0,0,Emergency,1,Respiratory,4,0,7.7,1.1,1.5,141.8,105,95,35.7,2,Private,0,0,1,3.4,1
33,1,1,Urgent,1,Respiratory,1,3,6.9,0.77,10.5,134.4,103,93,37.4,1,Medicaid,0,4,0,3.1,1
46,0,2,Elective,2,Orthopedic,2,3,9.7,1.34,11.8,140.5,121,63,35.5,0,Medicare,0,4,0,2.9,0
71,0,1,Urgent,2,Orthopedic,1,1,6.9,1.5,5.9,141.7,128,71,38.2,0,Medicare,1,0,0,3.9,1
73,1,0,Emergency,0,Cardiac,3,3,7.8,2.52,5.4,138.4,115,79,37.4,0,Medicare,0,2,1,5.5,1
63,1,0,Emergency,0,Cardiac,4,0,4.0,1.06,8.5,130.9,185,68,37.4,0,Medicare,0,2,1,6.1,1
75,0,2,Elective,0,Cardiac,4,2,7.8,1.29,3.0,134.4,151,67,37.3,2,Private,0,3,0,5.7,1
18,1,0,Emergency,0,Cardiac,5,2,8.3,1.02,12.7,136.5,103,66,36.5,0,Medicare,1,0,1,6.6,1
74,1,0,Emergency,2,Orthopedic,3,2,5.8,1.51,6.1,135.1,127,82,36.4,0,Medicare,0,3,1,4.1,1
25,1,2,Elective,1,Respiratory,3,4,8.8,1.55,11.9,141.4,126,86,38.2,2,Private,1,0,0,4.9,1
68,0,2,Elective,2,Orthopedic,3,2,4.7,0.92,8.7,143.6,138,66,36.7,0,Medicare,1,0,0,6.5,1
75,0,1,Urgent,1,Respiratory,3,2,4.8,1.19,2.8,141.8,108,77,36.9,2,Private,0,0,0,2.9,0
79,0,1,Urgent,2,Orthopedic,2,1,7.2,1.22,5.7,143.8,125,57,36.8,1,Medicaid,0,2,0,2.6,0
31,1,0,Emergency,4,Neurological,3,3,7.1,1.34,1.6,134.9,96,91,37.3,1,Medicaid,0,3,1,4.3,1
64,0,0,Emergency,2,Orthopedic,4,1,5.5,1.86,9.4,141.3,118,83,36.9,3,Self-Pay,1,3,1,5.9,1
91,1,0,Emergency,0,Cardiac,2,5,4.3,2.3,6.3,140.8,113,70,37.0,0,Medicare,1,2,1,10.6,2
72,1,1,Urgent,0,Cardiac,1,4,8.6,0.61,7.8,137.4,124,85,37.7,2,Private,1,1,0,6.0,1
78,1,0,Emergency,0,Cardiac,7,0,4.0,1.78,13.7,143.4,159,89,36.4,0,Medicare,0,0,1,5.4,1
58,1,2,Elective,2,Orthopedic,2,1,7.3,0.76,12.2,133.1,143,74,37.3,1,Medicaid,1,1,0,4.7,1
76,1,0,Emergency,0,Cardiac,1,1,5.0,1.5,7.7,131.9,118,61,38.3,1,Medicaid,1,3,1,9.1,2
84,0,1,Urgent,1,Respiratory,5,1,7.0,1.33,8.6,130.4,123,72,37.8,1,Medicaid,0,0,0,5.2,1
72,0,1,Urgent,5,Infection,2,2,6.3,0.88,6.1,136.3,112,83,36.2,0,Medicare,0,1,0,4.6,1
74,1,1,Urgent,0,Cardiac,2,2,9.5,2.31,11.3,140.5,142,71,37.0,2,Private,1,2,0,7.3,2
65,1,0,Emergency,5,Infection,3,3,9.0,0.95,16.3,135.1,104,93,37.5,2,Private,0,1,1,4.0,1
80,1,2,Elective,4,Neurological,2,1,6.2,1.81,6.0,135.1,147,101,36.4,1,Medicaid,0,1,0,4.4,1
37,1,0,Emergency,4,Neurological,2,2,8.6,1.18,10.2,136.4,154,85,38.1,2,Private,0,3,1,3.1,1
55,1,1,Urgent,5,Infection,4,0,4.0,0.56,6.1,132.0,117,102,37.1,0,Medicare,0,0,0,6.1,1
75,1,1,Urgent,0,Cardiac,4,2,6.3,1.1,12.1,137.2,122,75,38.4,1,Medicaid,0,3,0,8.5,2
55,1,0,Emergency,0,Cardiac,3,1,6.0,1.57,11.1,147.3,136,94,37.5,0,Medicare,0,0,1,6.3,1
71,1,1,Urgent,0,Cardiac,3,1,4.0,1.01,10.8,133.1,103,91,36.7,2,Private,0,2,0,3.6,1
67,0,1,Urgent,0,Cardiac,6,2,5.7,0.77,3.7,140.0,121,97,37.0,0,Medicare,0,1,0,4.8,1
85,0,2,Elective,1,Respiratory,5,2,8.6,1.52,1.5,140.2,134,102,37.3,0,Medicare,1,1,0,6.5,1
95,1,2,Elective,4,Neurological,3,2,6.8,1.03,10.4,137.1,102,60,36.6,1,Medicaid,0,3,0,2.2,0
80,0,0,Emergency,1,Respiratory,3,4,7.5,1.12,4.2,139.2,113,81,38.0,0,Medicare,0,6,1,6.0,1
18,1,0,Emergency,1,Respiratory,1,0,4.5,0.64,8.2,139.4,128,64,36.2,1,Medicaid,0,0,1,3.8,1
78,0,0,Emergency,3,GI,1,4,4.9,2.24,7.3,136.4,101,71,36.5,2,Private,0,2,1,5.2,1
39,0,2,Elective,0,Cardiac,4,3,6.3,2.36,12.6,138.0,165,80,36.8,1,Medicaid,0,2,0,6.2,1
42,0,0,Emergency,1,Respiratory,1,2,7.1,0.96,11.9,142.2,112,108,37.8,0,Medicare,0,4,1,3.8,1
59,0,1,Urgent,1,Respiratory,3,1,7.6,0.84,7.6,140.5,144,102,38.3,0,Medicare,1,3,0,5.5,1
56,0,1,Urgent,4,Neurological,3,2,6.6,3.42,10.2,134.5,128,70,38.4,2,Private,0,2,0,9.8,2
37,0,1,Urgent,2,Orthopedic,3,4,5.5,1.31,10.2,139.4,119,90,37.8,2,Private,0,0,0,5.5,1
50,1,0,Emergency,3,GI,2,2,5.6,0.81,12.0,134.9,145,116,36.8,2,Private,0,1,1,2.5,0
66,0,0,Emergency,0,Cardiac,3,2,5.3,1.31,2.0,136.0,154,64,35.8,3,Self-Pay,1,3,1,6.5,1
69,0,0,Emergency,5,Infection,5,3,5.2,1.18,5.9,147.0,154,103,37.9,1,Medicaid,1,0,1,8.5,2
71,0,0,Emergency,1,Respiratory,4,3,5.0,1.98,12.1,144.2,158,72,38.2,0,Medicare,1,0,1,6.1,1
32,1,0,Emergency,3,GI,4,2,7.5,3.28,4.2,142.3,161,86,36.8,2,Private,0,0,1,6.2,1
52,1,0,Emergency,5,Infection,1,2,6.6,1.14,4.5,134.6,89,90,38.4,0,Medicare,0,1,1,3.6,1
19,1,1,Urgent,2,Orthopedic,1,6,7.5,1.6,8.3,138.6,157,94,37.1,1,Medicaid,1,0,0,6.5,1
60,0,0,Emergency,2,Orthopedic,2,0,6.0,0.95,7.0,136.3,116,91,36.8,2,Private,0,0,1,2.2,0
31,0,0,Emergency,0,Cardiac,2,2,6.3,0.66,10.6,142.7,143,66,37.2,0,Medicare,0,2,1,4.6,1
31,1,0,Emergency,1,Respiratory,4,2,4.0,1.2,13.3,137.7,126,82,36.6,2,Private,0,3,1,4.8,1
57,1,0,Emergency,4,Neurological,4,0,7.9,0.5,2.0,138.0,122,70,36.1,3,Self-Pay,0,1,1,4.0,1
78,0,0,Emergency,0,Cardiac,6,1,7.2,3.65,9.3,144.7,143,84,36.3,0,Medicare,0,1,1,5.1,1
61,1,0,Emergency,5,Infection,6,3,6.7,1.86,8.4,136.8,131,89,37.4,0,Medicare,0,1,1,4.7,1
50,0,1,Urgent,3,GI,1,3,8.1,1.34,4.6,130.3,113,99,36.5,1,Medicaid,1,3,0,7.0,1
89,0,0,Emergency,2,Orthopedic,1,4,9.6,0.52,1.5,139.6,154,61,38.3,2,Private,1,1,1,4.8,1
87,1,2,Elective,2,Orthopedic,2,2,5.1,1.22,5.8,140.8,129,80,37.3,0,Medicare,0,1,0,2.5,0
68,1,0,Emergency,0,Cardiac,1,1,9.0,0.61,3.1,141.1,128,108,36.9,1,Medicaid,0,0,1,3.0,0
68,0,2,Elective,0,Cardiac,4,6,8.8,1.65,9.7,139.5,150,62,36.1,0,Medicare,0,4,0,6.1,1
79,0,2,Elective,1,Respiratory,1,1,5.8,2.0,6.5,143.0,123,80,36.4,2,Private,0,3,0,2.8,0
53,1,1,Urgent,1,Respiratory,3,1,4.5,1.19,6.2,141.1,112,69,37.4,0,Medicare,1,3,0,7.1,2
78,1,2,Elective,5,Infection,2,0,7.0,0.56,11.4,140.2,102,99,37.7,0,Medicare,0,3,0,5.2,1
70,1,0,Emergency,1,Respiratory,2,0,8.5,0.58,15.7,136.3,147,88,35.5,2,Private,0,2,1,2.7,0
22,0,0,Emergency,2,Orthopedic,6,1,4.2,0.55,7.9,127.8,110,63,35.9,0,Medicare,1,2,1,6.2,1
57,1,0,Emergency,0,Cardiac,1,1,4.3,0.81,10.9,137.0,174,76,37.3,1,Medicaid,0,0,1,2.9,0
28,0,0,Emergency,4,Neurological,10,1,7.6,0.68,12.2,147.3,156,59,37.0,2,Private,0,1,1,7.3,2
78,0,0,Emergency,3,GI,1,2,6.7,0.88,4.4,137.1,142,105,37.6,3,Self-Pay,0,0,1,2.9,0
64,0,1,Urgent,2,Orthopedic,1,2,8.0,2.25,3.4,139.5,90,103,36.9,3,Self-Pay,0,2,0,3.2,1
65,1,0,Emergency,5,Infection,4,2,7.0,0.88,8.1,135.3,119,89,37.5,0,Medicare,0,0,1,7.3,2
50,0,0,Emergency,5,Infection,5,4,7.2,0.86,10.6,141.5,124,56,37.5,2,Private,0,1,1,6.5,1
54,1,0,Emergency,3,GI,3,6,6.8,1.22,6.2,137.7,103,96,37.5,0,Medicare,0,2,1,3.6,1
72,0,1,Urgent,5,Infection,5,2,6.6,1.55,2.7,140.9,137,65,37.9,3,Self-Pay,0,1,0,4.5,1
66,0,2,Elective,3,GI,1,4,7.7,1.91,13.9,140.3,118,67,37.5,2,Private,0,2,0,3.4,1
61,0,1,Urgent,4,Neurological,1,3,4.1,2.69,11.4,137.0,167,80,35.8,1,Medicaid,1,1,0,8.3,2
37,0,0,Emergency,2,Orthopedic,4,3,6.4,0.85,8.0,140.3,109,92,38.0,2,Private,0,1,1,3.5,1
64,0,0,Emergency,0,Cardiac,4,2,5.7,1.07,5.4,141.4,167,74,39.7,2,Private,0,3,1,4.2,1
79,0,2,Elective,5,Infection,6,2,5.6,0.47,3.9,129.9,106,68,36.8,2,Private,0,3,0,6.5,1
57,0,0,Emergency,0,Cardiac,5,2,7.6,0.68,5.7,137.7,111,82,36.6,2,Private,0,0,1,5.0,1
53,1,2,Elective,1,Respiratory,1,2,8.0,1.03,14.9,142.5,149,87,36.8,0,Medicare,1,1,0,6.3,1
31,1,0,Emergency,0,Cardiac,4,1,7.9,0.83,7.7,137.6,148,54,36.7,0,Medicare,0,0,1,5.0,1
66,0,0,Emergency,1,Respiratory,2,1,8.0,0.8,9.8,149.3,123,70,36.9,0,Medicare,1,2,1,3.6,1
78,1,2,Elective,1,Respiratory,3,0,7.0,0.75,19.2,134.9,123,106,37.4,0,Medicare,0,0,0,1.6,0
62,1,2,Elective,3,GI,4,1,4.0,1.7,15.5,140.5,115,89,38.1,0,Medicare,0,0,0,3.8,1
83,0,1,Urgent,5,Infection,5,3,6.1,0.61,9.5,137.8,118,107,36.0,1,Medicaid,0,4,0,5.8,1
55,1,0,Emergency,0,Cardiac,1,2,7.3,2.27,15.2,131.4,149,91,37.1,2,Private,0,1,1,7.0,1
52,1,1,Urgent,4,Neurological,4,1,6.8,0.71,10.6,140.5,153,95,37.3,2,Private,0,0,0,3.3,1
52,0,0,Emergency,0,Cardiac,4,3,8.1,2.32,15.8,139.6,152,113,36.5,2,Private,0,0,1,7.5,2
56,1,0,Emergency,0,Cardiac,1,3,7.1,0.62,9.1,137.4,147,76,37.7,2,Private,0,2,1,4.5,1
67,1,0,Emergency,3,GI,3,2,6.7,0.65,11.5,142.8,145,75,36.9,2,Private,1,1,1,6.3,1
34,1,1,Urgent,5,Infection,1,0,5.1,1.27,11.0,132.1,142,93,38.8,0,Medicare,0,3,0,6.9,1
62,1,1,Urgent,0,Cardiac,3,1,5.9,1.14,6.1,135.8,94,76,37.9,2,Private,0,1,0,4.1,1
85,0,0,Emergency,1,Respiratory,4,4,8.3,1.66,11.6,136.0,103,59,36.2,1,Medicaid,0,2,1,5.1,1
50,0,2,Elective,0,Cardiac,2,2,6.0,0.75,5.3,137.7,112,93,36.0,0,Medicare,0,1,0,3.7,1
63,1,0,Emergency,5,Infection,1,1,7.9,0.98,7.2,142.3,113,74,38.7,2,Private,1,0,1,6.1,1
61,1,0,Emergency,1,Respiratory,1,1,4.0,1.14,11.8,139.0,182,91,37.5,3,Self-Pay,0,2,1,3.0,0
74,1,1,Urgent,2,Orthopedic,1,2,5.0,1.48,10.4,144.1,179,100,38.0,2,Private,0,0,0,2.0,0
76,1,2,Elective,5,Infection,3,4,4.0,1.43,9.1,132.3,126,70,38.5,0,Medicare,0,2,0,4.1,1
23,0,2,Elective,3,GI,3,3,4.0,1.66,10.1,133.6,97,96,36.6,1,Medicaid,1,0,0,6.1,1
62,0,2,Elective,5,Infection,8,1,4.0,2.06,8.8,130.8,86,95,37.6,0,Medicare,0,3,0,6.3,1
54,1,0,Emergency,5,Infection,2,3,6.2,1.1,12.7,142.0,141,110,37.5,0,Medicare,0,0,1,6.3,1
39,1,2,Elective,2,Orthopedic,4,3,9.1,2.26,17.1,129.1,144,82,36.6,1,Medicaid,1,2,0,6.3,1
59,1,2,Elective,3,GI,2,4,4.0,1.08,14.0,132.7,142,74,36.6,3,Self-Pay,0,2,0,4.6,1
44,1,0,Emergency,1,Respiratory,4,0,6.5,1.23,7.8,137.4,137,85,37.6,0,Medicare,0,0,1,5.2,1
50,0,1,Urgent,5,Infection,6,3,6.1,1.37,10.8,128.0,107,101,36.2,0,Medicare,0,0,0,3.4,1
98,1,1,Urgent,1,Respiratory,4,1,6.6,1.19,6.2,138.6,133,103,36.8,1,Medicaid,0,1,0,5.1,1
73,1,0,Emergency,4,Neurological,3,2,6.1,1.62,13.3,142.8,159,67,37.5,2,Private,0,1,1,5.1,1
87,1,2,Elective,1,Respiratory,2,1,5.3,1.36,9.0,136.1,85,77,37.2,0,Medicare,0,3,0,2.6,0
50,0,0,Emergency,1,Respiratory,1,3,4.0,0.6,11.8,140.0,102,83,38.0,2,Private,0,0,1,2.9,0
80,0,1,Urgent,0,Cardiac,4,0,7.5,0.55,10.2,145.1,118,73,37.3,0,Medicare,1,3,0,6.9,1
85,1,0,Emergency,3,GI,1,2,8.3,1.35,1.5,139.6,149,76,37.6,1,Medicaid,0,0,1,4.1,1
55,0,1,Urgent,1,Respiratory,2,0,6.4,0.79,8.9,142.7,108,78,36.7,1,Medicaid,1,0,0,6.2,1
68,1,2,Elective,0,Cardiac,1,2,6.6,1.44,10.0,136.1,161,104,37.2,1,Medicaid,0,2,0,2.8,0
37,0,0,Emergency,1,Respiratory,6,4,4.1,0.55,10.5,136.3,136,73,37.6,2,Private,1,1,1,9.8,2
82,0,0,Emergency,1,Respiratory,1,3,5.6,1.12,5.8,139.6,112,105,37.1,2,Private,0,1,1,4.4,1
64,1,2,Elective,2,Orthopedic,3,1,7.5,0.84,4.4,139.8,129,81,35.9,2,Private,0,3,0,4.6,1
52,0,2,Elective,1,Respiratory,2,2,4.7,1.45,9.7,140.6,136,78,38.1,1,Medicaid,0,0,0,2.1,0
85,1,1,Urgent,0,Cardiac,2,5,6.3,0.69,9.4,142.1,130,85,38.4,3,Self-Pay,1,5,0,4.7,1
20,0,0,Emergency,2,Orthopedic,2,1,10.4,1.48,7.5,142.3,146,68,36.1,1,Medicaid,0,3,1,6.6,1
81,1,0,Emergency,4,Neurological,1,1,6.9,1.88,7.1,144.4,138,76,38.2,2,Private,1,0,1,4.6,1
70,0,2,Elective,3,GI,4,0,4.5,1.43,13.3,145.3,80,88,38.2,2,Private,0,1,0,4.2,1
50,0,2,Elective,5,Infection,3,0,11.5,1.33,6.3,137.0,138,59,37.3,0,Medicare,1,2,0,5.2,1
23,1,0,Emergency,0,Cardiac,7,0,7.2,1.79,7.0,138.8,118,67,36.5,2,Private,0,3,1,5.4,1
70,1,1,Urgent,4,Neurological,1,0,5.0,1.69,1.5,139.2,134,100,36.0,2,Private,1,1,0,7.3,2
80,0,0,Emergency,2,Orthopedic,5,5,6.3,0.5,11.8,142.1,135,68,37.8,2,Private,0,0,1,3.2,1
67,1,0,Emergency,2,Orthopedic,2,2,4.0,1.89,9.5,138.2,110,83,36.2,1,Medicaid,0,0,1,5.3,1
38,1,1,Urgent,2,Orthopedic,3,2,5.0,2.32,14.5,134.7,113,67,36.9,3,Self-Pay,0,0,0,5.2,1
35,1,0,Emergency,1,Respiratory,4,2,8.1,1.51,5.9,139.6,131,110,38.7,1,Medicaid,0,2,1,2.4,0
77,1,0,Emergency,1,Respiratory,1,3,4.3,0.62,3.6,147.0,121,105,36.5,2,Private,1,0,1,5.3,1
51,1,1,Urgent,3,GI,2,3,4.0,0.67,6.2,132.9,145,74,37.3,2,Private,0,0,0,5.3,1
77,0,1,Urgent,0,Cardiac,6,1,8.2,0.43,12.1,138.1,159,96,37.7,3,Self-Pay,0,1,0,7.7,2
26,0,2,Elective,3,GI,2,2,10.5,1.86,12.9,140.3,145,74,37.9,0,Medicare,1,2,0,3.2,1
52,1,1,Urgent,4,Neurological,2,2,7.5,2.08,9.4,134.4,146,100,37.2,1,Medicaid,0,2,0,3.9,1
83,0,1,Urgent,1,Respiratory,1,2,9.7,1.42,9.2,143.2,113,85,37.1,1,Medicaid,0,0,0,3.6,1
22,0,0,Emergency,0,Cardiac,4,3,4.4,1.66,14.6,134.5,140,69,35.2,0,Medicare,0,1,1,4.1,1
77,0,0,Emergency,0,Cardiac,2,1,7.3,1.01,11.1,139.7,167,96,35.4,0,Medicare,0,0,1,5.0,1
73,0,1,Urgent,0,Cardiac,3,0,8.5,1.47,9.0,135.6,108,91,36.6,1,Medicaid,0,2,0,4.4,1
72,1,0,Emergency,0,Cardiac,2,2,5.6,1.14,6.5,140.2,102,76,37.9,2,Private,1,1,1,5.6,1
56,1,2,Elective,0,Cardiac,2,0,4.8,1.31,11.3,137.3,138,66,37.5,1,Medicaid,1,3,0,5.5,1
57,1,1,Urgent,0,Cardiac,4,4,6.3,1.29,4.8,135.8,182,80,37.3,3,Self-Pay,0,3,0,4.3,1
75,1,0,Emergency,1,Respiratory,4,2,7.1,1.58,4.8,142.2,98,82,37.8,0,Medicare,0,2,1,4.5,1
88,1,1,Urgent,1,Respiratory,3,1,6.1,0.77,8.3,142.0,111,70,37.6,2,Private,0,0,0,3.6,1
33,1,2,Elective,5,Infection,4,1,6.9,0.67,14.3,136.6,106,66,38.3,1,Medicaid,0,1,0,4.1,1
49,0,0,Emergency,5,Infection,4,2,4.2,2.22,4.7,145.3,125,79,38.0,2,Private,1,0,1,11.0,2
59,0,0,Emergency,0,Cardiac,3,2,7.0,1.88,12.9,138.5,175,52,36.8,3,Self-Pay,1,2,1,8.9,2
79,0,2,Elective,0,Cardiac,1,0,7.9,1.55,11.3,142.3,140,85,37.5,1,Medicaid,1,1,0,6.2,1
21,1,0,Emergency,2,Orthopedic,2,1,7.0,1.2,5.0,135.2,119,77,38.1,2,Private,0,3,1,1.4,0
29,1,0,Emergency,0,Cardiac,3,1,5.1,0.74,10.0,135.6,130,58,37.4,2,Private,0,1,1,4.2,1
69,1,0,Emergency,2,Orthopedic,1,1,4.0,1.43,6.5,135.2,128,70,37.7,1,Medicaid,1,4,1,5.2,1
82,0,1,Urgent,1,Respiratory,3,3,6.7,0.77,6.5,139.6,162,81,36.7,2,Private,0,0,0,4.0,1
55,1,1,Urgent,1,Respiratory,2,1,5.5,1.85,13.1,135.5,86,72,36.2,0,Medicare,0,4,0,6.3,1
50,1,1,Urgent,4,Neurological,5,4,9.4,0.66,8.6,138.1,122,79,36.5,0,Medicare,0,3,0,5.8,1
35,0,2,Elective,4,Neurological,1,3,9.1,1.16,8.4,132.9,114,92,38.2,2,Private,0,3,0,2.6,0
65,1,2,Elective,5,Infection,1,3,4.0,1.55,9.0,138.1,133,76,37.0,2,Private,0,1,0,6.6,1
51,1,2,Elective,1,Respiratory,1,0,6.0,1.4,13.5,140.5,139,100,36.8,1,Medicaid,0,0,0,1.0,0
41,1,1,Urgent,5,Infection,2,3,5.1,1.79,8.1,132.5,131,78,37.2,1,Medicaid,0,0,0,4.6,1
33,1,0,Emergency,2,Orthopedic,2,1,4.4,0.76,11.7,145.7,122,90,37.0,1,Medicaid,1,0,1,4.9,1
71,0,2,Elective,3,GI,2,4,6.2,1.52,11.8,135.9,154,94,35.8,2,Private,0,1,0,5.5,1
52,0,0,Emergency,5,Infection,5,2,5.1,1.01,3.2,140.1,125,73,37.7,0,Medicare,1,1,1,6.2,1
35,0,2,Elective,5,Infection,4,3,4.9,1.24,12.9,129.3,130,107,37.3,1,Medicaid,1,0,0,6.8,1
89,1,0,Emergency,4,Neurological,3,1,4.7,0.5,13.3,138.9,128,84,37.8,1,Medicaid,0,2,1,5.8,1
59,0,2,Elective,1,Respiratory,5,4,8.9,1.87,11.3,137.4,151,62,37.2,1,Medicaid,0,1,0,3.6,1
63,0,2,Elective,2,Orthopedic,3,2,6.1,0.74,7.4,142.6,110,68,37.3,3,Self-Pay,0,3,0,3.5,1
83,1,0,Emergency,3,GI,5,1,6.4,1.34,6.1,139.4,126,70,37.2,2,Private,1,1,1,5.0,1
66,1,0,Emergency,4,Neurological,3,2,8.8,2.13,8.7,137.0,87,77,38.4,2,Private,0,0,1,4.0,1
53,1,0,Emergency,3,GI,4,1,5.9,3.14,2.8,142.9,130,76,37.1,0,Medicare,0,4,1,6.7,1
79,0,1,Urgent,1,Respiratory,2,1,7.1,1.64,10.5,138.6,150,58,37.2,1,Medicaid,0,0,0,6.7,1
77,0,0,Emergency,2,Orthopedic,5,1,5.2,1.49,4.6,139.8,154,83,38.5,0,Medicare,1,0,1,9.0,2
68,0,1,Urgent,0,Cardiac,1,1,5.6,1.72,10.3,137.5,140,101,36.9,3,Self-Pay,0,0,0,6.3,1
76,1,0,Emergency,5,Infection,4,3,6.7,0.93,7.6,139.0,142,91,37.4,2,Private,0,0,1,6.9,1
35,0,0,Emergency,0,Cardiac,2,1,6.9,1.16,10.4,138.4,139,96,36.5,2,Private,0,2,1,4.2,1
82,1,1,Urgent,3,GI,3,3,7.8,1.71,7.3,140.7,154,66,36.2,0,Medicare,0,0,0,5.4,1
32,1,1,Urgent,5,Infection,4,4,8.4,1.06,8.7,131.9,173,70,36.7,0,Medicare,0,1,0,5.0,1
51,0,0,Emergency,2,Orthopedic,3,1,6.4,0.5,6.5,139.8,125,67,36.5,0,Medicare,0,0,1,3.3,1
36,0,1,Urgent,4,Neurological,2,1,8.4,2.03,9.9,135.3,107,90,38.1,0,Medicare,1,3,0,7.0,1
84,1,2,Elective,4,Neurological,3,0,5.0,1.6,12.2,139.5,109,56,37.7,0,Medicare,0,1,0,5.2,1
90,1,0,Emergency,0,Cardiac,8,2,7.8,0.69,13.2,129.1,105,104,36.1,3,Self-Pay,0,1,1,4.9,1
66,1,0,Emergency,2,Orthopedic,3,3,5.2,0.69,7.7,135.1,143,57,36.1,0,Medicare,0,0,1,2.7,0
56,0,2,Elective,3,GI,3,1,5.2,1.35,1.5,137.7,176,51,37.3,2,Private,0,2,0,3.4,1
71,0,0,Emergency,2,Orthopedic,3,2,8.4,5.87,7.2,136.7,143,62,38.1,1,Medicaid,1,1,1,7.0,1
37,1,0,Emergency,2,Orthopedic,5,5,4.0,1.19,11.4,131.0,114,75,36.5,0,Medicare,0,0,1,5.0,1
75,1,1,Urgent,3,GI,2,3,7.7,0.9,12.6,138.2,144,55,37.7,2,Private,0,2,0,4.1,1
50,0,0,Emergency,0,Cardiac,4,4,6.9,0.51,15.7,136.3,124,54,38.8,2,Private,0,2,1,4.8,1
76,1,0,Emergency,2,Orthopedic,2,2,6.8,1.37,6.7,134.7,157,94,38.2,2,Private,0,2,1,4.7,1
25,1,2,Elective,0,Cardiac,4,3,9.4,1.57,14.4,140.6,126,72,38.6,2,Private,0,2,0,4.1,1
61,0,0,Emergency,0,Cardiac,4,3,4.6,0.99,7.9,127.3,135,59,37.9,0,Medicare,0,2,1,5.5,1
57,1,2,Elective,2,Orthopedic,2,0,4.4,1.08,10.6,134.9,96,77,36.3,2,Private,0,1,0,1.3,0
55,0,0,Emergency,3,GI,4,4,8.5,1.02,10.5,142.9,125,67,37.6,0,Medicare,0,0,1,6.7,1
33,1,2,Elective,0,Cardiac,3,0,6.1,0.74,13.4,134.1,87,89,37.0,2,Private,0,1,0,2.9,0
50,1,1,Urgent,4,Neurological,5,5,8.7,0.75,3.4,134.9,126,87,37.3,3,Self-Pay,0,1,0,4.5,1
50,0,0,Emergency,1,Respiratory,6,4,7.7,0.4,4.3,141.4,113,93,37.1,0,Medicare,0,2,1,5.7,1
75,1,1,Urgent,5,Infection,5,1,7.1,0.72,9.4,137.9,165,94,38.7,0,Medicare,0,2,0,5.4,1
67,1,2,Elective,1,Respiratory,3,0,6.1,1.39,5.2,139.1,146,65,37.3,1,Medicaid,0,1,0,1.3,0
79,1,0,Emergency,0,Cardiac,1,0,6.0,0.76,9.3,139.1,122,65,36.9,1,Medicaid,0,2,1,4.1,1
37,0,1,Urgent,4,Neurological,5,4,10.1,1.4,12.2,142.7,128,75,37.8,2,Private,0,0,0,6.4,1
18,1,0,Emergency,3,GI,3,3,5.4,0.54,14.0,138.5,156,70,37.4,1,Medicaid,0,1,1,6.2,1
84,1,2,Elective,1,Respiratory,3,2,8.4,1.37,5.8,139.6,88,69,37.4,1,Medicaid,0,3,0,3.9,1
50,1,1,Urgent,1,Respiratory,4,1,4.8,0.88,5.2,142.2,133,70,36.8,2,Private,0,0,0,1.3,0
50,1,0,Emergency,0,Cardiac,1,3,4.9,0.86,10.7,143.5,107,72,37.2,0,Medicare,0,1,1,1.8,0
39,0,0,Emergency,1,Respiratory,3,1,6.8,2.09,11.9,139.5,154,82,38.0,2,Private,1,0,1,7.8,2
90,0,1,Urgent,0,Cardiac,4,2,6.2,0.41,6.7,133.5,118,94,36.3,2,Private,0,2,0,4.2,1
18,1,2,Elective,2,Orthopedic,3,1,8.2,1.49,6.1,144.3,130,97,38.0,1,Medicaid,0,2,0,1.8,0
64,0,0,Emergency,5,Infection,2,2,6.0,1.66,11.8,135.3,142,68,36.7,1,Medicaid,0,1,1,6.9,1
55,1,1,Urgent,4,Neurological,3,2,5.6,1.01,12.7,142.9,156,98,37.2,0,Medicare,0,0,0,6.9,1
67,1,0,Emergency,0,Cardiac,4,3,4.2,0.61,9.1,134.9,140,104,37.5,1,Medicaid,1,3,1,8.9,2
38,1,1,Urgent,5,Infection,4,3,10.7,1.2,11.0,146.5,170,59,37.0,2,Private,0,1,0,4.4,1
28,1,1,Urgent,2,Orthopedic,2,0,4.0,0.94,6.2,140.0,115,94,37.1,1,Medicaid,1,2,0,6.0,1
84,0,1,Urgent,0,Cardiac,2,0,12.1,1.85,7.1,143.1,132,80,36.5,3,Self-Pay,0,0,0,1.9,0
90,1,2,Elective,4,Neurological,2,6,7.7,1.72,8.3,136.5,129,59,37.5,2,Private,1,2,0,8.7,2
60,0,0,Emergency,1,Respiratory,2,0,7.3,1.16,6.9,138.4,92,86,38.1,0,Medicare,0,0,1,3.5,1
66,0,0,Emergency,1,Respiratory,4,0,4.0,0.72,3.3,142.1,117,99,36.0,2,Private,0,0,1,6.3,1
59,0,2,Elective,0,Cardiac,1,3,7.5,1.1,7.0,144.7,131,85,37.8,2,Private,0,1,0,3.2,1
36,1,0,Emergency,2,Orthopedic,4,1,4.0,1.24,10.3,136.6,80,76,36.9,1,Medicaid,0,1,1,1.3,0
74,1,1,Urgent,0,Cardiac,3,2,6.2,1.09,7.5,139.0,104,82,37.4,2,Private,0,2,0,7.9,2
27,0,1,Urgent,4,Neurological,3,1,8.5,1.04,12.0,134.2,129,108,36.9,1,Medicaid,0,6,0,5.3,1
55,0,1,Urgent,2,Orthopedic,3,2,4.0,0.88,7.7,141.8,113,81,37.2,0,Medicare,0,0,0,3.1,1
65,0,0,Emergency,2,Orthopedic,2,1,7.7,0.66,5.4,138.8,127,83,36.3,0,Medicare,0,3,1,4.1,1
85,1,0,Emergency,0,Cardiac,6,5,5.8,1.04,9.4,138.5,168,73,38.7,2,Private,1,0,1,7.7,2
77,0,1,Urgent,4,Neurological,3,1,7.5,1.23,11.6,130.6,118,103,36.0,1,Medicaid,0,0,0,2.9,0
18,1,0,Emergency,2,Orthopedic,2,1,4.1,1.2,5.9,140.7,123,59,37.2,2,Private,0,1,1,4.9,1
56,1,1,Urgent,2,Orthopedic,4,1,8.9,1.14,2.3,135.3,109,95,36.2,0,Medicare,1,1,0,6.5,1
46,1,1,Urgent,4,Neurological,4,1,7.7,0.49,10.1,133.4,164,60,37.5,0,Medicare,0,1,0,4.1,1
41,0,0,Emergency,0,Cardiac,3,3,5.0,0.81,11.7,137.7,120,87,35.8,2,Private,0,1,1,6.1,1
63,1,0,Emergency,1,Respiratory,4,2,5.1,1.99,2.9,140.1,145,75,37.5,1,Medicaid,1,0,1,6.4,1
85,0,2,Elective,3,GI,4,3,8.8,1.59,12.5,135.6,120,63,36.8,0,Medicare,0,1,0,4.7,1
68,1,1,Urgent,2,Orthopedic,5,1,5.7,1.08,7.1,137.8,131,105,36.9,1,Medicaid,1,1,0,4.6,1
28,1,1,Urgent,0,Cardiac,3,2,5.0,1.2,8.1,134.5,145,80,37.4,3,Self-Pay,1,1,0,5.9,1
83,1,2,Elective,1,Respiratory,4,5,7.4,0.7,7.7,139.1,110,56,37.7,0,Medicare,1,5,0,7.0,1
38,1,1,Urgent,1,Respiratory,1,2,7.7,0.72,7.7,137.4,129,79,37.9,0,Medicare,0,0,0,4.1,1
68,1,2,Elective,5,Infection,1,3,5.5,0.85,8.1,135.5,128,51,36.4,0,Medicare,0,3,0,4.5,1
78,1,0,Emergency,1,Respiratory,5,5,9.1,1.01,9.7,136.0,114,71,37.8,1,Medicaid,0,2,1,5.5,1
68,0,2,Elective,0,Cardiac,1,1,6.5,0.91,7.8,145.8,129,96,37.4,2,Private,0,2,0,2.6,0
51,0,0,Emergency,4,Neurological,4,0,8.1,1.24,14.3,135.8,169,75,38.2,2,Private,0,3,1,5.4,1
50,0,2,Elective,2,Orthopedic,2,3,8.1,1.19,9.4,142.2,146,64,36.5,0,Medicare,0,1,0,2.9,0
75,0,2,Elective,2,Orthopedic,6,5,4.1,1.28,10.7,143.4,114,73,36.8,0,Medicare,0,2,0,5.0,1
34,1,0,Emergency,2,Orthopedic,3,3,8.6,0.49,16.0,140.9,143,91,36.6,2,Private,1,1,1,4.4,1
86,1,0,Emergency,3,GI,2,2,8.3,3.68,11.9,139.1,142,95,37.7,1,Medicaid,0,1,1,5.6,1
45,0,1,Urgent,3,GI,3,2,7.1,1.32,18.7,134.5,109,80,37.8,0,Medicare,0,1,0,5.0,1
59,1,0,Emergency,0,Cardiac,3,7,4.0,0.99,8.2,136.2,128,72,37.9,1,Medicaid,1,0,1,7.7,2
84,0,2,Elective,4,Neurological,1,5,6.9,0.97,11.8,140.0,126,85,37.4,0,Medicare,0,3,0,5.7,1
36,1,0,Emergency,0,Cardiac,5,1,4.9,1.16,10.7,130.8,120,66,37.2,0,Medicare,0,3,1,7.6,2
70,1,2,Elective,1,Respiratory,1,1,4.0,0.94,9.8,141.0,152,89,38.2,0,Medicare,0,0,0,2.2,0
46,1,0,Emergency,0,Cardiac,2,3,6.2,0.82,10.8,142.4,100,65,36.4,2,Private,0,0,1,4.3,1
56,1,1,Urgent,4,Neurological,3,0,4.0,1.12,9.3,142.1,91,66,36.2,0,Medicare,0,2,0,3.0,0
57,0,0,Emergency,3,GI,2,1,6.3,1.7,11.9,138.7,153,86,37.9,2,Private,0,2,1,2.7,0
61,1,0,Emergency,4,Neurological,2,4,8.5,1.11,6.5,135.2,112,94,35.9,2,Private,0,1,1,4.0,1
62,0,0,Emergency,3,GI,4,3,7.5,1.26,4.9,140.5,155,74,38.6,0,Medicare,0,0,1,5.9,1
58,0,1,Urgent,0,Cardiac,4,1,8.6,1.81,10.3,134.4,119,103,37.3,0,Medicare,0,1,0,4.1,1
60,1,0,Emergency,1,Respiratory,3,1,5.9,1.67,12.2,141.5,116,96,38.9,0,Medicare,0,0,1,3.9,1
18,0,2,Elective,2,Orthopedic,3,4,7.3,2.49,11.0,138.8,147,77,36.6,2,Private,0,0,0,6.7,1
50,1,0,Emergency,1,Respiratory,3,1,4.5,0.59,3.2,135.5,145,74,36.8,0,Medicare,0,0,1,6.3,1
66,1,2,Elective,0,Cardiac,2,3,4.0,0.77,12.3,143.3,122,84,37.6,0,Medicare,0,3,0,5.3,1
73,0,1,Urgent,5,Infection,4,1,4.5,0.79,9.1,140.6,150,67,36.0,2,Private,0,2,0,7.4,2
55,1,1,Urgent,4,Neurological,6,4,5.2,0.53,13.2,140.3,122,111,36.7,1,Medicaid,1,0,0,9.0,2
64,0,0,Emergency,1,Respiratory,3,2,5.1,0.82,4.1,139.7,146,88,36.6,1,Medicaid,0,1,1,5.6,1
67,1,1,Urgent,4,Neurological,1,1,8.7,1.57,13.1,137.9,129,104,36.6,1,Medicaid,0,0,0,4.7,1
88,1,1,Urgent,3,GI,1,2,6.2,2.15,8.8,138.2,135,69,37.7,0,Medicare,0,2,0,5.2,1
77,0,0,Emergency,0,Cardiac,5,1,10.4,1.38,16.6,138.8,133,106,36.4,0,Medicare,1,3,1,7.3,2
50,0,0,Emergency,1,Respiratory,5,1,9.2,2.72,10.2,132.7,101,82,37.5,0,Medicare,0,0,1,4.7,1
57,0,0,Emergency,1,Respiratory,2,1,4.7,0.8,11.4,136.4,122,98,38.3,1,Medicaid,1,1,1,5.0,1
52,1,0,Emergency,0,Cardiac,2,2,8.3,1.66,7.1,137.5,116,98,37.4,2,Private,0,0,1,5.0,1
38,0,0,Emergency,1,Respiratory,4,0,8.4,1.57,7.9,135.8,156,103,37.2,2,Private,1,1,1,7.5,2
74,0,0,Emergency,5,Infection,1,6,5.9,1.27,8.4,140.5,105,94,36.4,0,Medicare,0,0,1,5.7,1
48,1,1,Urgent,2,Orthopedic,2,5,6.5,1.11,9.4,144.0,135,80,35.9,2,Private,0,1,0,6.0,1
73,1,0,Emergency,4,Neurological,6,1,5.3,1.03,8.2,136.9,108,90,37.6,3,Self-Pay,0,0,1,6.8,1
18,1,0,Emergency,0,Cardiac,2,4,10.8,1.69,11.2,139.3,102,76,37.6,1,Medicaid,1,2,1,6.6,1
34,1,0,Emergency,0,Cardiac,4,2,9.4,1.44,12.9,138.2,146,78,38.1,1,Medicaid,0,0,1,3.7,1
27,1,1,Urgent,5,Infection,5,1,6.0,1.35,11.1,139.3,133,86,37.7,0,Medicare,0,2,0,5.2,1
50,1,0,Emergency,2,Orthopedic,1,1,9.3,1.48,9.8,139.3,120,56,37.4,1,Medicaid,0,0,1,2.4,0
76,0,1,Urgent,5,Infection,2,2,5.7,1.13,7.9,140.6,121,98,37.7,1,Medicaid,0,1,0,5.0,1
76,1,1,Urgent,0,Cardiac,5,1,8.2,1.66,1.5,141.1,129,73,37.1,2,Private,0,2,0,5.4,1
67,0,1,Urgent,5,Infection,4,0,7.0,0.85,11.5,143.7,146,61,35.9,1,Medicaid,0,1,0,4.5,1
76,0,0,Emergency,2,Orthopedic,1,4,6.3,1.22,6.5,139.7,100,77,37.0,0,Medicare,1,1,1,6.3,1
50,1,1,Urgent,0,Cardiac,3,1,4.7,1.14,7.2,132.9,141,96,37.3,2,Private,0,0,0,5.1,1
71,0,0,Emergency,3,GI,7,2,5.5,1.06,7.1,145.8,146,81,36.3,1,Medicaid,0,1,1,7.1,2
60,1,2,Elective,4,Neurological,5,0,7.6,1.2,10.0,148.3,154,57,37.9,2,Private,0,1,0,4.1,1
69,0,2,Elective,0,Cardiac,1,1,6.6,0.89,12.8,144.3,123,109,37.1,3,Self-Pay,0,2,0,4.6,1
23,0,1,Urgent,5,Infection,1,4,5.9,3.69,6.6,138.0,113,77,35.7,2,Private,0,0,0,4.9,1
76,1,2,Elective,3,GI,5,1,9.1,1.98,3.5,139.4,151,60,36.3,1,Medicaid,1,1,0,6.7,1
91,1,1,Urgent,1,Respiratory,4,2,6.7,1.97,10.2,140.0,153,67,38.5,0,Medicare,0,0,0,3.1,1
84,1,0,Emergency,0,Cardiac,1,1,6.5,1.54,4.8,143.7,104,55,37.7,2,Private,0,1,1,6.1,1
64,1,0,Emergency,1,Respiratory,3,3,5.5,1.79,7.4,142.1,160,94,36.5,0,Medicare,1,2,1,7.8,2
79,0,1,Urgent,1,Respiratory,2,5,7.0,1.78,5.9,137.7,111,64,37.8,2,Private,0,0,0,4.2,1
83,1,2,Elective,2,Orthopedic,1,1,7.6,1.03,9.2,141.8,152,66,37.4,2,Private,0,0,0,4.3,1
51,0,2,Elective,4,Neurological,6,1,6.8,1.02,10.6,139.8,134,121,38.4,2,Private,0,1,0,3.0,0
55,1,1,Urgent,3,GI,1,3,7.6,0.82,11.1,139.0,131,76,39.2,2,Private,1,2,0,5.0,1
33,0,0,Emergency,2,Orthopedic,1,0,5.3,1.6,8.2,140.1,109,74,36.5,0,Medicare,0,1,1,3.6,1
26,1,1,Urgent,0,Cardiac,4,4,4.5,0.54,13.9,139.6,141,88,37.2,0,Medicare,1,2,0,7.0,1
53,1,2,Elective,5,Infection,3,2,6.0,1.39,6.2,136.6,145,52,38.7,1,Medicaid,0,2,0,4.8,1
46,0,0,Emergency,1,Respiratory,2,2,7.3,1.0,4.7,135.5,123,101,37.9,0,Medicare,1,0,1,6.5,1
50,1,1,Urgent,1,Respiratory,2,3,8.4,0.56,5.3,137.6,105,78,36.4,0,Medicare,0,0,0,3.8,1
50,0,1,Urgent,3,GI,5,2,10.5,1.32,18.1,141.9,91,90,38.5,0,Medicare,0,1,0,4.1,1
73,0,2,Elective,4,Neurological,5,4,7.7,1.03,4.7,140.9,146,81,37.8,0,Medicare,0,1,0,4.0,1
28,1,2,Elective,5,Infection,3,5,4.0,1.4,13.3,142.5,103,94,38.4,0,Medicare,1,1,0,7.8,2
66,0,0,Emergency,5,Infection,1,1,8.6,0.92,8.1,137.1,101,73,36.2,0,Medicare,0,0,1,5.3,1
29,0,0,Emergency,5,Infection,1,2,7.2,0.61,11.8,136.0,111,86,36.3,0,Medicare,0,0,1,6.3,1
79,1,2,Elective,2,Orthopedic,1,3,5.3,1.08,1.5,139.4,137,112,37.1,3,Self-Pay,0,1,0,1.5,0
72,1,2,Elective,0,Cardiac,1,2,8.0,0.79,7.6,140.6,166,55,37.6,0,Medicare,1,1,0,4.8,1
73,0,0,Emergency,3,GI,1,2,7.3,0.5,11.3,137.4,122,123,36.3,2,Private,0,1,1,6.6,1
80,1,1,Urgent,0,Cardiac,1,4,5.6,1.7,10.9,136.5,111,97,38.0,1,Medicaid,1,1,0,4.3,1
53,1,2,Elective,0,Cardiac,3,3,6.7,0.88,14.2,139.2,140,77,39.0,0,Medicare,0,1,0,4.4,1
72,1,2,Elective,0,Cardiac,5,2,4.9,1.09,3.6,132.3,101,60,36.7,0,Medicare,0,2,0,2.6,0
33,1,2,Elective,0,Cardiac,4,0,6.1,0.43,11.1,131.9,107,55,36.7,0,Medicare,0,1,0,3.4,1
64,1,0,Emergency,2,Orthopedic,1,2,4.1,0.96,9.9,137.8,130,63,38.6,2,Private,1,0,1,7.1,2
64,1,1,Urgent,1,Respiratory,1,1,7.3,1.59,8.5,140.9,160,88,36.8,3,Self-Pay,0,2,0,2.3,0
61,0,0,Emergency,1,Respiratory,2,1,7.2,0.46,9.2,133.0,146,76,36.1,0,Medicare,0,0,1,3.5,1
71,0,2,Elective,4,Neurological,3,1,8.5,1.09,7.0,138.1,175,87,38.4,3,Self-Pay,0,1,0,4.6,1
31,1,0,Emergency,3,GI,2,2,8.3,0.84,5.7,134.4,116,93,37.8,2,Private,0,1,1,2.8,0
50,1,1,Urgent,5,Infection,1,4,5.3,1.62,11.0,134.1,134,87,38.4,0,Medicare,1,1,0,8.4,2
52,1,1,Urgent,2,Orthopedic,4,2,7.2,0.94,12.2,136.7,82,59,37.2,1,Medicaid,1,0,0,5.8,1
33,0,2,Elective,1,Respiratory,2,0,7.3,1.43,9.3,142.5,128,84,37.3,3,Self-Pay,0,0,0,2.0,0
89,1,1,Urgent,0,Cardiac,6,3,5.1,1.54,9.7,141.6,123,84,37.0,2,Private,1,0,0,6.8,1
64,1,0,Emergency,3,GI,3,4,8.1,1.0,9.6,129.8,151,60,36.9,0,Medicare,0,0,1,6.1,1
50,1,1,Urgent,4,Neurological,4,4,5.9,1.45,15.3,129.4,125,47,36.8,3,Self-Pay,0,1,0,5.5,1
70,1,0,Emergency,0,Cardiac,3,3,5.3,1.04,4.4,141.3,137,84,36.5,2,Private,0,0,1,5.8,1
62,1,0,Emergency,5,Infection,2,1,6.2,1.36,10.0,146.2,115,84,36.6,0,Medicare,0,4,1,5.9,1
81,0,2,Elective,2,Orthopedic,2,3,4.0,0.76,8.1,136.2,152,77,36.9,1,Medicaid,0,1,0,4.3,1
48,1,1,Urgent,0,Cardiac,5,1,4.0,0.76,7.2,136.5,138,71,37.4,2,Private,1,3,0,6.4,1
69,1,1,Urgent,3,GI,1,2,7.5,0.69,12.9,141.2,142,48,38.3,2,Private,1,2,0,5.9,1
39,0,1,Urgent,2,Orthopedic,1,3,5.3,1.31,10.5,139.2,128,83,35.9,3,Self-Pay,1,0,0,4.3,1
55,0,2,Elective,0,Cardiac,3,2,4.3,2.0,8.5,141.5,117,86,37.5,1,Medicaid,1,0,0,6.1,1
80,1,2,Elective,1,Respiratory,3,2,4.0,1.79,12.0,138.4,136,80,35.8,0,Medicare,0,2,0,2.7,0
59,1,1,Urgent,4,Neurological,1,2,4.2,1.04,6.4,140.8,119,99,37.6,0,Medicare,0,1,0,4.4,1
31,0,2,Elective,3,GI,2,3,5.1,1.08,14.2,137.4,123,68,35.7,0,Medicare,0,2,0,1.5,0
42,0,1,Urgent,1,Respiratory,6,1,4.0,1.68,10.1,138.6,138,82,35.8,2,Private,0,0,0,4.0,1
50,0,1,Urgent,5,Infection,4,0,7.7,2.1,11.7,133.6,169,89,37.6,0,Medicare,1,0,0,6.5,1
89,0,2,Elective,1,Respiratory,1,1,7.2,0.44,6.6,143.5,132,94,37.4,0,Medicare,0,0,0,2.0,0
76,1,0,Emergency,1,Respiratory,2,1,5.1,0.92,7.1,141.4,125,71,36.1,1,Medicaid,0,0,1,5.7,1
62,1,1,Urgent,1,Respiratory,3,3,8.9,1.25,10.1,135.7,149,80,38.1,1,Medicaid,0,2,0,5.1,1
80,1,2,Elective,5,Infection,2,2,5.2,1.14,4.0,137.1,118,91,37.0,0,Medicare,0,0,0,2.8,0
59,1,0,Emergency,2,Orthopedic,3,0,6.4,1.12,14.3,137.7,136,77,37.6,3,Self-Pay,0,1,1,5.9,1
76,0,0,Emergency,3,GI,1,2,8.9,2.74,7.7,136.6,164,104,38.0,0,Medicare,1,3,1,7.5,2
50,0,1,Urgent,5,Infection,3,0,5.9,0.8,11.9,132.6,136,62,38.6,0,Medicare,0,0,0,6.9,1
75,0,0,Emergency,4,Neurological,3,1,7.9,0.88,11.5,138.8,152,84,37.2,1,Medicaid,0,2,1,3.9,1
56,0,2,Elective,0,Cardiac,1,1,7.8,0.75,14.6,132.2,124,85,36.4,3,Self-Pay,1,1,0,7.0,1
50,0,0,Emergency,4,Neurological,1,2,5.6,0.57,5.5,141.9,120,63,38.1,0,Medicare,1,1,1,8.3,2
18,1,0,Emergency,4,Neurological,5,2,6.0,0.86,10.1,143.1,131,82,38.3,0,Medicare,0,0,1,4.0,1
55,1,2,Elective,1,Respiratory,3,2,4.0,0.76,11.4,138.0,125,78,37.9,2,Private,1,2,0,4.0,1
63,1,0,Emergency,1,Respiratory,4,3,4.0,1.02,4.6,137.6,127,77,37.5,0,Medicare,1,2,1,5.6,1
58,1,1,Urgent,3,GI,6,1,5.1,1.72,7.7,132.1,114,63,38.1,0,Medicare,1,2,0,6.8,1
81,1,2,Elective,1,Respiratory,2,4,6.9,0.85,9.7,136.7,118,73,37.0,1,Medicaid,1,1,0,5.8,1
24,1,2,Elective,0,Cardiac,4,1,4.3,1.69,7.5,132.0,120,96,37.2,0,Medicare,0,0,0,5.6,1
50,0,2,Elective,3,GI,2,1,7.6,1.76,1.5,140.4,143,87,37.9,3,Self-Pay,0,1,0,1.4,0
78,1,0,Emergency,5,Infection,3,3,5.7,1.11,3.0,135.1,141,41,37.5,0,Medicare,0,1,1,7.3,2
26,0,0,Emergency,0,Cardiac,6,1,8.3,1.45,16.6,137.2,121,82,38.0,0,Medicare,0,2,1,5.2,1
77,0,0,Emergency,2,Orthopedic,1,1,4.6,1.69,13.2,134.0,100,92,35.9,2,Private,0,0,1,2.2,0
52,0,0,Emergency,3,GI,7,2,6.4,0.99,11.3,139.5,135,65,37.0,1,Medicaid,0,0,1,5.5,1
28,1,1,Urgent,3,GI,3,5,4.3,1.06,8.6,138.2,117,61,37.9,2,Private,1,1,0,4.8,1
83,1,0,Emergency,5,Infection,2,3,4.0,1.37,6.7,130.6,122,84,37.1,1,Medicaid,0,2,1,7.5,2
67,1,1,Urgent,3,GI,4,2,6.0,1.43,10.4,128.3,108,85,37.8,3,Self-Pay,1,2,0,8.6,2
35,1,0,Emergency,3,GI,3,3,4.3,1.13,5.7,136.7,138,60,36.8,0,Medicare,1,1,1,7.3,2
81,1,1,Urgent,5,Infection,3,0,6.4,1.63,12.5,139.2,166,91,38.3,0,Medicare,1,1,0,8.4,2
87,1,0,Emergency,0,Cardiac,2,4,7.3,1.07,10.9,137.6,111,82,36.9,0,Medicare,0,1,1,4.0,1
40,1,0,Emergency,0,Cardiac,4,0,4.0,1.49,9.3,139.5,92,67,36.6,0,Medicare,0,1,1,3.6,1
67,1,1,Urgent,3,GI,2,3,8.0,1.38,8.1,144.5,85,79,37.0,2,Private,0,1,0,3.9,1
55,0,1,Urgent,1,Respiratory,2,4,4.3,0.88,8.0,136.8,154,91,37.9,0,Medicare,1,0,0,4.5,1
75,0,2,Elective,0,Cardiac,4,5,5.2,2.15,10.1,143.3,95,63,37.0,2,Private,0,0,0,5.0,1
50,1,2,Elective,1,Respiratory,1,1,5.3,1.77,4.8,135.8,166,67,35.4,0,Medicare,1,2,0,4.7,1
89,0,1,Urgent,3,GI,3,1,6.9,0.72,17.3,136.5,107,117,36.6,2,Private,1,0,0,5.4,1
80,1,1,Urgent,5,Infection,3,1,7.5,1.57,7.6,136.5,131,91,37.2,0,Medicare,1,1,0,7.5,2
86,1,0,Emergency,0,Cardiac,4,4,7.4,1.01,4.8,134.0,145,82,37.3,1,Medicaid,1,0,1,7.8,2
33,1,0,Emergency,2,Orthopedic,2,5,5.2,1.64,11.8,141.5,131,52,37.9,0,Medicare,0,1,1,2.5,0
30,0,2,Elective,1,Respiratory,1,2,7.5,1.89,7.4,141.9,125,67,36.8,1,Medicaid,0,0,0,4.2,1
65,1,0,Emergency,3,GI,1,4,8.0,1.49,7.3,129.7,112,91,36.7,0,Medicare,0,0,1,3.2,1
71,1,0,Emergency,2,Orthopedic,1,3,5.4,1.98,9.2,134.3,139,47,37.2,0,Medicare,1,0,1,6.4,1
70,1,0,Emergency,5,Infection,2,4,4.0,1.5,7.2,143.0,143,98,36.9,0,Medicare,0,2,1,6.3,1
67,1,0,Emergency,0,Cardiac,2,0,5.9,0.96,7.1,136.2,133,59,37.0,0,Medicare,0,2,1,3.9,1
46,1,2,Elective,2,Orthopedic,2,1,8.6,0.45,8.5,138.7,126,95,36.6,2,Private,0,2,0,2.0,0
74,1,0,Emergency,0,Cardiac,3,7,9.6,0.69,13.9,136.3,125,106,37.8,2,Private,0,0,1,5.2,1
25,0,0,Emergency,2,Orthopedic,2,0,4.0,0.89,8.3,133.7,82,96,38.5,0,Medicare,0,2,1,2.4,0
64,1,0,Emergency,4,Neurological,8,0,7.0,1.45,8.4,137.8,137,74,35.6,0,Medicare,1,1,1,8.5,2
64,0,1,Urgent,5,Infection,6,2,7.2,0.65,12.8,131.0,148,88,36.9,2,Private,0,0,0,7.6,2
57,0,1,Urgent,1,Respiratory,3,1,9.1,0.62,2.1,136.0,117,93,38.1,1,Medicaid,0,3,0,5.2,1
58,0,0,Emergency,4,Neurological,3,7,6.8,0.95,11.2,141.8,147,78,37.4,1,Medicaid,1,0,1,9.2,2
69,1,2,Elective,1,Respiratory,3,3,6.8,1.0,11.4,137.6,111,74,37.0,0,Medicare,0,0,0,2.4,0
81,0,0,Emergency,0,Cardiac,2,1,5.9,1.2,9.4,135.5,148,97,38.6,0,Medicare,1,2,1,6.6,1
86,0,1,Urgent,4,Neurological,2,4,4.8,2.04,7.8,134.3,98,82,36.7,3,Self-Pay,0,1,0,5.8,1
50,1,1,Urgent,0,Cardiac,2,3,5.5,0.92,9.2,139.6,118,67,37.8,2,Private,0,0,0,3.3,1
35,1,2,Elective,0,Cardiac,5,1,7.2,1.07,8.0,142.7,140,66,37.6,0,Medicare,0,1,0,2.5,0
85,0,0,Emergency,1,Respiratory,2,1,4.4,1.7,9.9,140.7,116,86,36.2,2,Private,0,2,1,4.8,1
60,1,0,Emergency,1,Respiratory,5,0,8.7,0.76,8.2,137.9,80,74,37.0,2,Private,0,0,1,1.8,0
36,1,0,Emergency,0,Cardiac,3,1,7.0,1.93,12.8,137.8,148,92,37.3,2,Private,0,0,1,3.8,1
53,0,0,Emergency,4,Neurological,5,1,4.0,0.74,7.7,136.8,121,84,38.2,0,Medicare,0,0,1,3.6,1
89,1,0,Emergency,2,Orthopedic,1,1,7.0,0.95,8.3,130.8,124,68,38.6,0,Medicare,0,1,1,3.0,0
54,1,0,Emergency,2,Orthopedic,3,2,5.5,0.83,11.7,135.4,142,71,37.0,3,Self-Pay,0,0,1,5.2,1
58,1,0,Emergency,1,Respiratory,2,1,9.5,2.32,11.4,134.7,132,62,37.6,0,Medicare,0,0,1,3.3,1
77,1,2,Elective,2,Orthopedic,3,2,4.0,1.21,9.5,135.3,135,91,37.8,3,Self-Pay,0,0,0,3.0,0
35,1,0,Emergency,4,Neurological,1,0,6.3,1.06,7.9,140.5,112,85,37.6,3,Self-Pay,0,2,1,4.5,1
43,0,2,Elective,5,Infection,4,2,5.0,0.67,8.3,138.6,168,90,36.6,0,Medicare,1,1,0,8.3,2
64,1,2,Elective,5,Infection,2,3,7.8,1.94,18.9,134.4,140,113,37.2,0,Medicare,0,2,0,6.2,1
66,0,2,Elective,2,Orthopedic,3,2,8.2,1.66,12.4,141.7,156,80,37.8,2,Private,0,0,0,1.6,0
29,0,2,Elective,5,Infection,1,0,4.0,0.85,10.6,145.2,116,82,36.7,0,Medicare,0,0,0,3.4,1
87,0,2,Elective,1,Respiratory,3,5,6.8,1.17,8.8,140.5,122,87,36.3,0,Medicare,0,1,0,3.3,1
61,1,2,Elective,0,Cardiac,2,1,9.6,1.38,14.3,148.4,119,63,36.1,0,Medicare,0,0,0,3.5,1
79,0,0,Emergency,4,Neurological,6,1,8.1,1.34,1.8,138.2,114,64,37.4,1,Medicaid,0,2,1,4.7,1
77,0,1,Urgent,0,Cardiac,1,2,9.3,0.93,11.8,144.7,113,77,35.8,1,Medicaid,0,0,0,4.0,1
66,0,2,Elective,0,Cardiac,1,2,7.2,2.28,9.5,140.9,149,57,36.6,1,Medicaid,1,2,0,7.7,2
84,1,0,Emergency,5,Infection,2,3,4.0,1.05,9.9,144.7,120,87,35.9,3,Self-Pay,1,0,1,8.4,2
54,1,0,Emergency,4,Neurological,4,3,4.0,1.06,13.4,136.1,139,84,36.4,2,Private,1,2,1,9.6,2
68,1,2,Elective,0,Cardiac,2,3,5.5,1.79,14.6,136.6,105,67,36.8,0,Medicare,0,1,0,5.0,1
50,0,1,Urgent,4,Neurological,6,1,5.2,1.61,9.0,140.5,112,62,36.0,1,Medicaid,0,3,0,5.1,1
79,0,2,Elective,4,Neurological,7,2,9.6,1.74,8.9,134.2,156,59,36.9,2,Private,0,0,0,4.7,1
69,1,0,Emergency,5,Infection,4,2,10.1,2.71,5.7,132.1,141,95,36.3,1,Medicaid,1,1,1,7.7,2
50,1,1,Urgent,2,Orthopedic,2,4,7.7,0.86,8.6,130.2,127,61,37.2,0,Medicare,1,0,0,4.6,1
61,0,0,Emergency,3,GI,1,1,7.6,1.24,14.4,137.6,118,75,36.6,2,Private,1,0,1,7.2,2
77,0,2,Elective,4,Neurological,1,0,4.9,0.81,7.9,143.5,110,71,38.0,2,Private,0,4,0,3.3,1
72,0,0,Emergency,3,GI,5,3,7.4,0.91,2.4,140.0,136,85,37.5,2,Private,0,0,1,2.8,0
44,1,2,Elective,3,GI,4,2,4.0,0.81,5.4,134.1,97,95,36.4,0,Medicare,0,0,0,1.6,0
50,0,0,Emergency,2,Orthopedic,2,2,4.5,1.12,7.4,135.9,152,73,37.8,0,Medicare,0,0,1,2.3,0
72,1,0,Emergency,2,Orthopedic,4,1,9.2,1.67,6.4,137.4,156,110,36.1,2,Private,0,2,1,5.7,1
64,0,0,Emergency,5,Infection,3,0,7.0,0.99,11.2,130.8,125,82,37.8,3,Self-Pay,0,0,1,5.4,1
44,0,0,Emergency,1,Respiratory,5,1,7.8,1.24,10.6,139.1,127,79,38.7,2,Private,1,2,1,6.6,1
63,0,1,Urgent,0,Cardiac,3,5,4.0,0.78,12.6,137.5,138,71,37.5,0,Medicare,0,0,0,4.6,1
67,1,0,Emergency,4,Neurological,3,1,5.7,0.83,7.9,139.4,133,81,36.3,1,Medicaid,1,4,1,7.4,2
70,1,0,Emergency,0,Cardiac,3,6,5.6,0.63,9.9,136.5,142,96,37.0,1,Medicaid,0,2,1,8.2,2
52,0,0,Emergency,2,Orthopedic,7,3,8.5,0.99,5.6,136.1,113,110,36.9,0,Medicare,0,0,1,7.4,2
88,1,2,Elective,0,Cardiac,4,1,8.2,1.08,8.0,130.9,151,85,36.6,3,Self-Pay,0,2,0,4.2,1
60,0,0,Emergency,3,GI,4,1,8.1,1.13,9.1,141.7,149,66,37.0,1,Medicaid,0,2,1,4.0,1
69,1,0,Emergency,5,Infection,7,1,6.7,0.82,9.3,138.2,145,79,37.1,2,Private,0,3,1,6.6,1
85,1,1,Urgent,4,Neurological,1,2,9.0,1.34,12.2,140.5,108,40,37.7,0,Medicare,0,0,0,6.6,1
81,0,2,Elective,0,Cardiac,1,1,5.1,1.06,10.4,133.4,103,96,37.7,2,Private,1,1,0,6.6,1
54,1,2,Elective,5,Infection,5,1,6.0,0.79,8.7,141.4,131,87,37.8,0,Medicare,0,1,0,4.2,1
78,1,2,Elective,1,Respiratory,4,1,9.6,1.22,16.3,140.2,143,87,36.1,0,Medicare,1,3,0,7.2,2
84,0,0,Emergency,2,Orthopedic,3,1,6.7,1.2,5.6,135.8,120,66,36.3,0,Medicare,0,2,1,3.9,1
51,1,2,Elective,2,Orthopedic,5,3,8.8,1.09,12.1,143.2,119,55,38.1,1,Medicaid,0,2,0,4.3,1
76,0,2,Elective,5,Infection,5,2,5.7,1.9,9.0,133.8,168,72,37.0,2,Private,0,1,0,5.7,1
75,1,2,Elective,0,Cardiac,9,1,6.7,1.38,10.7,141.8,126,69,37.4,2,Private,1,0,0,5.1,1
87,0,0,Emergency,3,GI,3,1,8.4,3.8,5.2,139.8,117,75,37.4,1,Medicaid,1,1,1,6.2,1
74,1,2,Elective,1,Respiratory,5,1,8.9,0.95,5.1,137.7,85,95,36.7,2,Private,0,3,0,4.6,1
87,0,0,Emergency,0,Cardiac,5,2,6.3,1.2,8.0,140.8,151,89,37.1,2,Private,0,0,1,6.1,1
35,0,1,Urgent,5,Infection,3,4,4.0,0.69,8.9,141.7,159,117,36.8,0,Medicare,0,0,0,5.3,1
55,0,0,Emergency,3,GI,5,2,4.9,0.93,5.2,139.9,99,65,35.9,1,Medicaid,0,0,1,7.1,2
53,0,0,Emergency,4,Neurological,1,2,5.8,0.49,7.2,142.2,103,86,36.8,3,Self-Pay,0,1,1,6.5,1
50,1,1,Urgent,1,Respiratory,3,0,7.4,1.44,10.1,130.7,171,83,37.8,2,Private,0,3,0,5.6,1
55,0,0,Emergency,4,Neurological,3,3,5.1,1.78,6.8,137.1,151,98,36.9,2,Private,0,3,1,7.2,2
68,1,2,Elective,4,Neurological,6,5,7.3,1.02,14.7,137.2,103,106,37.6,3,Self-Pay,0,1,0,6.3,1
45,0,1,Urgent,2,Orthopedic,3,0,7.0,0.55,6.9,134.4,135,48,37.2,0,Medicare,0,2,0,3.8,1
78,1,1,Urgent,3,GI,3,1,5.7,3.05,8.7,140.7,134,90,38.0,1,Medicaid,0,1,0,5.1,1
31,1,0,Emergency,5,Infection,4,3,4.0,0.95,8.1,137.8,107,107,38.1,0,Medicare,1,1,1,6.3,1
19,1,2,Elective,4,Neurological,5,0,7.4,0.94,4.6,135.9,152,73,37.3,2,Private,0,1,0,4.4,1
28,1,1,Urgent,2,Orthopedic,2,0,4.0,1.64,8.8,138.5,152,86,37.8,3,Self-Pay,0,1,0,4.3,1
87,1,0,Emergency,3,GI,1,2,8.0,0.75,6.1,143.5,101,85,36.9,0,Medicare,1,3,1,5.5,1
40,1,2,Elective,4,Neurological,1,1,10.4,0.84,13.1,146.1,138,53,36.0,1,Medicaid,0,2,0,4.2,1
80,0,0,Emergency,0,Cardiac,2,1,6.5,1.58,9.4,143.4,115,94,35.7,1,Medicaid,1,1,1,7.8,2
61,1,0,Emergency,3,GI,1,1,5.6,2.08,8.4,134.5,122,104,37.2,3,Self-Pay,0,0,1,4.6,1
38,1,1,Urgent,5,Infection,1,0,9.2,1.03,7.8,134.7,121,102,36.1,0,Medicare,0,0,0,2.7,0
79,0,1,Urgent,5,Infection,3,2,6.0,0.61,12.8,137.6,121,82,38.5,0,Medicare,0,0,0,5.3,1
50,1,0,Emergency,4,Neurological,1,2,7.0,1.77,9.2,139.6,152,92,36.5,2,Private,0,2,1,5.7,1
63,0,0,Emergency,0,Cardiac,2,1,7.7,0.4,5.2,141.2,146,111,37.4,3,Self-Pay,1,1,1,7.3,2
78,1,2,Elective,5,Infection,1,3,5.1,1.45,11.8,138.8,149,79,37.0,2,Private,1,2,0,6.0,1
83,0,0,Emergency,3,GI,3,2,9.2,0.64,11.5,138.4,136,65,36.0,0,Medicare,0,0,1,4.4,1
50,1,0,Emergency,1,Respiratory,1,1,8.5,0.99,5.8,140.7,122,85,36.6,1,Medicaid,0,1,1,2.2,0
55,1,2,Elective,3,GI,2,4,10.5,1.33,7.8,135.7,153,72,37.2,1,Medicaid,0,1,0,3.3,1
56,1,0,Emergency,4,Neurological,1,1,7.5,0.75,16.4,140.7,149,91,37.2,1,Medicaid,1,0,1,8.0,2
64,1,1,Urgent,0,Cardiac,5,3,5.9,0.95,10.1,137.6,93,114,36.9,0,Medicare,1,3,0,7.0,1
62,1,0,Emergency,5,Infection,3,0,4.3,0.95,22.2,141.2,149,97,37.5,2,Private,0,2,1,7.6,2
84,0,1,Urgent,5,Infection,1,3,6.7,1.1,13.7,130.8,128,89,36.3,0,Medicare,1,1,0,7.7,2
41,0,0,Emergency,0,Cardiac,3,1,6.7,1.25,17.8,136.8,130,93,36.9,2,Private,0,4,1,4.1,1
41,1,2,Elective,5,Infection,4,2,8.8,1.16,6.5,138.4,112,69,38.5,1,Medicaid,0,1,0,5.5,1
80,0,0,Emergency,5,Infection,5,4,6.2,1.18,17.6,143.5,112,86,36.4,2,Private,0,1,1,7.0,1
61,0,1,Urgent,0,Cardiac,1,0,5.2,1.88,4.7,142.1,154,67,38.2,2,Private,0,2,0,4.7,1
29,1,2,Elective,1,Respiratory,4,0,4.0,2.22,8.4,136.0,102,69,36.5,0,Medicare,0,1,0,3.8,1
58,1,2,Elective,1,Respiratory,2,5,6.3,1.43,6.5,141.9,137,84,36.4,0,Medicare,0,1,0,3.3,1
75,1,0,Emergency,1,Respiratory,7,2,5.2,1.32,9.2,141.3,113,56,37.3,0,Medicare,1,1,1,7.2,2
45,0,2,Elective,4,Neurological,3,1,5.8,0.58,11.2,140.3,146,52,37.8,2,Private,0,2,0,4.9,1
76,0,0,Emergency,1,Respiratory,6,1,6.1,0.4,8.7,135.8,99,116,36.6,0,Medicare,0,4,1,4.4,1
50,1,1,Urgent,5,Infection,3,4,6.7,0.99,10.1,140.7,108,83,35.6,3,Self-Pay,0,1,0,5.1,1
84,0,0,Emergency,5,Infection,4,2,4.9,2.32,8.0,141.8,121,89,38.2,0,Medicare,1,1,1,9.4,2
61,0,0,Emergency,1,Respiratory,1,2,5.3,1.04,10.9,140.3,144,96,36.6,3,Self-Pay,0,1,1,2.8,0
79,0,0,Emergency,2,Orthopedic,1,3,9.1,1.6,10.6,135.4,111,86,36.2,1,Medicaid,0,1,1,6.5,1
62,0,1,Urgent,3,GI,7,0,6.0,1.06,8.0,140.6,136,93,37.4,0,Medicare,0,3,0,4.5,1
67,0,1,Urgent,3,GI,4,1,7.8,1.25,8.2,142.8,150,87,36.7,1,Medicaid,0,2,0,1.6,0
37,0,0,Emergency,1,Respiratory,1,6,5.8,0.87,4.7,139.6,131,98,37.4,0,Medicare,0,2,1,4.8,1
68,0,1,Urgent,0,Cardiac,2,2,6.0,1.63,9.5,141.3,125,93,36.5,0,Medicare,0,3,0,4.7,1
81,1,2,Elective,0,Cardiac,2,2,8.3,1.17,10.7,145.2,141,93,36.7,1,Medicaid,0,2,0,5.1,1
76,0,1,Urgent,0,Cardiac,3,1,5.5,0.82,12.4,141.6,112,92,36.3,0,Medicare,1,2,0,7.0,1
50,0,1,Urgent,5,Infection,3,2,8.1,0.57,4.9,135.1,113,63,36.4,0,Medicare,1,0,0,4.7,1
20,1,2,Elective,1,Respiratory,3,0,7.6,1.64,6.1,138.6,102,77,37.0,1,Medicaid,1,1,0,4.7,1
75,1,1,Urgent,0,Cardiac,1,3,5.8,1.37,11.0,136.7,160,75,38.6,2,Private,0,1,0,4.6,1
74,0,0,Emergency,3,GI,1,0,4.4,1.27,11.0,138.7,140,95,37.3,2,Private,0,2,1,2.5,0
57,1,1,Urgent,0,Cardiac,1,1,7.9,0.78,12.0,144.8,101,98,36.9,2,Private,0,2,0,5.1,1
50,0,0,Emergency,0,Cardiac,3,3,5.4,1.64,17.6,136.3,115,91,37.1,2,Private,0,3,1,4.4,1
64,0,2,Elective,3,GI,3,4,6.0,0.84,4.8,132.9,132,65,36.0,0,Medicare,0,0,0,4.9,1
28,1,2,Elective,3,GI,2,1,5.5,1.75,6.5,137.5,127,80,38.5,0,Medicare,1,0,0,5.1,1
54,1,0,Emergency,0,Cardiac,1,2,4.0,0.76,9.7,134.5,136,68,38.2,1,Medicaid,1,0,1,4.9,1
33,0,0,Emergency,2,Orthopedic,3,3,6.5,0.66,9.3,137.4,116,93,38.0,1,Medicaid,0,2,1,3.8,1
71,1,0,Emergency,2,Orthopedic,3,1,4.0,1.15,10.3,137.4,149,101,37.6,0,Medicare,0,3,1,3.8,1
55,1,0,Emergency,2,Orthopedic,1,3,7.6,1.57,14.7,140.5,107,72,38.2,0,Medicare,0,1,1,3.8,1
89,0,2,Elective,4,Neurological,1,4,7.7,1.66,17.0,134.2,154,87,37.6,2,Private,1,1,0,8.8,2
76,0,1,Urgent,1,Respiratory,1,1,6.3,1.27,6.4,142.1,129,93,37.6,0,Medicare,0,2,0,2.9,0
57,0,0,Emergency,2,Orthopedic,4,2,4.3,1.95,11.5,133.3,100,80,36.8,2,Private,0,0,1,2.8,0
54,1,2,Elective,4,Neurological,6,3,7.5,1.31,14.2,133.4,129,88,37.6,1,Medicaid,0,2,0,3.9,1
69,0,0,Emergency,5,Infection,1,1,4.0,1.21,6.9,137.0,111,95,38.5,0,Medicare,1,0,1,6.3,1
73,1,2,Elective,5,Infection,2,2,6.5,0.41,9.9,141.3,139,74,38.5,2,Private,0,0,0,4.3,1
39,0,0,Emergency,2,Orthopedic,3,4,8.8,0.73,7.9,130.5,156,84,36.5,1,Medicaid,0,1,1,4.2,1
56,1,1,Urgent,2,Orthopedic,3,2,7.0,1.87,3.5,139.0,93,81,36.1,2,Private,0,0,0,5.0,1
71,1,0,Emergency,2,Orthopedic,4,2,5.4,0.76,6.4,137.9,140,107,37.3,2,Private,0,2,1,4.3,1
26,1,0,Emergency,5,Infection,4,1,4.3,1.02,8.4,135.6,127,63,36.8,3,Self-Pay,0,1,1,5.7,1
71,0,2,Elective,4,Neurological,1,3,11.0,0.97,14.0,135.6,111,68,37.2,3,Self-Pay,1,1,0,8.6,2
41,0,1,Urgent,1,Respiratory,4,0,5.8,0.73,10.3,136.7,149,91,37.0,2,Private,0,3,0,5.4,1
56,1,2,Elective,0,Cardiac,5,1,6.1,0.88,10.2,143.1,132,65,36.7,2,Private,0,1,0,3.7,1
76,0,1,Urgent,1,Respiratory,2,1,5.6,1.14,8.7,145.7,134,78,38.4,3,Self-Pay,1,3,0,6.5,1
32,0,2,Elective,1,Respiratory,7,2,4.8,0.69,9.9,135.9,143,75,36.9,2,Private,0,3,0,2.4,0
76,1,2,Elective,5,Infection,5,1,4.0,0.99,10.2,137.3,136,109,37.3,0,Medicare,0,2,0,4.5,1
51,1,1,Urgent,1,Respiratory,1,3,5.4,0.85,2.9,137.3,177,91,36.0,2,Private,0,1,0,3.6,1
83,0,1,Urgent,0,Cardiac,3,2,6.3,1.22,11.3,139.9,156,67,39.2,0,Medicare,1,2,0,7.7,2
89,1,2,Elective,5,Infection,5,0,4.6,1.73,8.9,144.7,93,98,35.9,2,Private,0,3,0,4.2,1
41,1,0,Emergency,0,Cardiac,2,4,4.0,2.16,13.2,136.2,153,97,37.1,3,Self-Pay,0,3,1,5.9,1
56,0,2,Elective,1,Respiratory,4,3,6.9,1.21,5.8,139.7,123,72,37.9,3,Self-Pay,0,1,0,2.6,0
82,1,1,Urgent,2,Orthopedic,3,3,6.4,0.74,14.9,137.8,116,79,36.5,2,Private,0,0,0,3.9,1
81,0,1,Urgent,3,GI,1,1,9.2,2.2,6.1,132.4,104,103,37.1,3,Self-Pay,0,1,0,5.4,1
50,0,0,Emergency,1,Respiratory,6,1,6.3,1.39,13.1,142.1,157,84,38.4,1,Medicaid,0,0,1,4.7,1
53,0,2,Elective,2,Orthopedic,6,4,4.0,0.9,7.4,140.7,103,40,37.1,0,Medicare,0,1,0,3.1,1
43,0,0,Emergency,0,Cardiac,5,1,8.8,1.0,11.2,142.7,129,53,37.8,0,Medicare,0,1,1,5.0,1
31,1,2,Elective,3,GI,4,2,8.9,0.86,13.7,133.5,150,42,36.2,1,Medicaid,0,2,0,3.4,1
91,0,1,Urgent,2,Orthopedic,4,0,4.0,1.61,10.9,139.7,133,78,37.6,0,Medicare,0,1,0,5.0,1
74,1,0,Emergency,4,Neurological,1,1,7.4,1.81,8.1,141.5,111,83,39.1,1,Medicaid,0,2,1,6.7,1
86,0,2,Elective,2,Orthopedic,7,3,9.1,1.35,7.2,139.8,123,92,38.3,0,Medicare,0,1,0,7.0,1
74,0,2,Elective,2,Orthopedic,1,0,9.5,1.9,8.0,140.5,120,89,38.3,0,Medicare,1,0,0,6.7,1
71,1,2,Elective,3,GI,3,1,8.9,1.13,4.9,143.5,115,68,38.1,0,Medicare,0,1,0,3.5,1
50,1,0,Emergency,0,Cardiac,5,1,7.0,3.35,9.8,133.5,148,83,37.2,3,Self-Pay,0,1,1,6.7,1
64,1,1,Urgent,0,Cardiac,2,0,6.4,1.1,13.5,141.8,108,82,36.1,0,Medicare,0,1,0,5.2,1
50,1,1,Urgent,4,Neurological,4,3,5.4,0.49,12.9,137.9,133,76,36.3,0,Medicare,0,2,0,5.3,1
32,0,1,Urgent,1,Respiratory,3,3,5.3,1.75,13.5,131.9,147,110,37.1,0,Medicare,0,3,0,2.5,0
89,1,0,Emergency,3,GI,5,4,4.2,0.97,11.7,129.0,106,65,37.7,3,Self-Pay,0,2,1,3.3,1
80,0,0,Emergency,0,Cardiac,4,2,7.3,1.88,2.7,135.6,126,86,36.8,2,Private,0,1,1,8.2,2
71,1,2,Elective,4,Neurological,3,2,6.2,1.33,7.8,142.3,122,67,38.0,0,Medicare,1,0,0,6.0,1
76,1,0,Emergency,5,Infection,4,3,5.8,0.85,10.9,138.4,142,60,37.3,0,Medicare,0,2,1,6.3,1
50,0,2,Elective,1,Respiratory,3,3,6.2,1.11,7.5,137.6,100,63,37.3,0,Medicare,1,0,0,4.3,1
81,0,0,Emergency,2,Orthopedic,1,3,8.5,0.6,7.9,140.3,160,85,37.7,2,Private,0,1,1,3.2,1
59,1,2,Elective,2,Orthopedic,4,6,7.8,0.82,9.8,138.6,142,60,36.3,2,Private,0,1,0,1.9,0
65,1,1,Urgent,5,Infection,1,1,4.0,1.35,9.2,135.1,99,63,36.5,0,Medicare,0,1,0,4.0,1
77,0,2,Elective,0,Cardiac,3,1,10.9,1.64,11.4,142.0,115,95,36.9,3,Self-Pay,1,0,0,6.8,1
79,1,0,Emergency,3,GI,1,1,8.5,1.66,6.3,131.1,140,86,37.1,1,Medicaid,0,1,1,4.5,1
90,1,2,Elective,3,GI,5,4,5.6,0.88,1.5,143.3,150,98,37.1,2,Private,1,1,0,7.9,2
69,0,1,Urgent,1,Respiratory,1,2,6.5,1.88,5.3,131.5,113,76,37.3,0,Medicare,1,0,0,3.2,1
73,0,1,Urgent,0,Cardiac,5,2,6.3,1.17,13.6,136.6,115,85,37.5,0,Medicare,1,2,0,5.1,1
43,1,0,Emergency,1,Respiratory,1,2,4.6,1.51,9.4,132.8,139,82,37.1,2,Private,0,1,1,3.0,0
94,0,1,Urgent,4,Neurological,2,2,5.8,1.88,8.0,135.2,118,79,38.9,0,Medicare,0,0,0,2.0,0
72,0,2,Elective,0,Cardiac,9,1,4.7,1.3,13.7,133.8,113,91,36.4,0,Medicare,0,4,0,5.3,1
76,1,0,Emergency,3,GI,4,1,8.2,0.77,4.0,141.4,142,64,37.3,2,Private,0,0,1,6.2,1
40,1,1,Urgent,1,Respiratory,5,3,4.0,1.98,12.7,137.2,133,74,38.6,2,Private,0,0,0,5.6,1
34,1,0,Emergency,1,Respiratory,1,0,5.3,1.41,10.6,139.1,180,104,36.6,0,Medicare,0,2,1,3.0,0
64,0,2,Elective,2,Orthopedic,4,2,4.7,1.4,12.0,133.0,105,73,36.2,3,Self-Pay,1,0,0,6.6,1
50,1,2,Elective,5,Infection,2,4,9.7,0.68,10.7,135.7,96,109,38.1,1,Medicaid,0,0,0,4.1,1
53,1,0,Emergency,3,GI,3,1,7.9,1.99,12.1,141.7,113,79,38.1,1,Medicaid,0,1,1,4.6,1
89,0,0,Emergency,4,Neurological,2,2,7.4,1.41,10.8,139.3,159,97,36.3,0,Medicare,0,0,1,5.1,1
65,1,1,Urgent,3,GI,3,2,8.5,0.63,10.3,133.6,136,77,37.4,2,Private,0,0,0,2.6,0
69,1,0,Emergency,3,GI,2,3,6.6,1.05,10.6,136.5,137,59,38.2,1,Medicaid,0,1,1,2.7,0
50,1,1,Urgent,2,Orthopedic,3,4,6.2,1.12,5.1,138.8,139,93,37.0,0,Medicare,1,1,0,5.3,1
59,1,0,Emergency,5,Infection,2,2,6.3,1.19,6.3,145.6,112,78,37.8,1,Medicaid,0,0,1,5.2,1
50,0,1,Urgent,2,Orthopedic,1,1,5.7,1.06,18.3,142.5,135,106,38.0,0,Medicare,1,2,0,4.3,1
35,1,0,Emergency,3,GI,6,0,7.8,1.17,6.5,146.7,136,91,38.0,3,Self-Pay,1,1,1,5.0,1
41,1,0,Emergency,2,Orthopedic,2,4,8.2,1.78,5.3,140.1,149,76,37.2,0,Medicare,0,2,1,3.8,1
50,1,0,Emergency,1,Respiratory,5,4,7.7,1.13,7.6,136.8,128,95,35.4,0,Medicare,0,1,1,3.8,1
48,1,1,Urgent,1,Respiratory,3,2,5.7,0.91,6.7,141.1,114,57,35.6,3,Self-Pay,0,2,0,2.1,0
59,0,1,Urgent,0,Cardiac,3,1,5.5,1.24,5.5,145.8,119,84,37.5,0,Medicare,0,3,0,3.8,1
50,0,0,Emergency,3,GI,4,1,10.5,1.9,11.4,134.1,143,96,37.6,1,Medicaid,0,0,1,5.2,1
50,0,1,Urgent,1,Respiratory,3,2,5.8,1.62,8.2,131.0,95,75,38.3,3,Self-Pay,0,1,0,2.2,0
28,1,2,Elective,1,Respiratory,4,1,9.0,0.41,4.7,129.7,122,74,37.1,0,Medicare,0,1,0,3.0,0
52,0,0,Emergency,5,Infection,1,1,5.8,0.65,6.6,144.8,158,54,36.6,0,Medicare,0,0,1,5.8,1
34,1,2,Elective,3,GI,3,1,5.8,0.52,4.9,141.6,125,104,38.2,2,Private,0,1,0,2.8,0
83,0,1,Urgent,0,Cardiac,4,1,7.3,1.41,7.6,139.2,163,82,37.8,2,Private,1,1,0,7.0,1
89,0,0,Emergency,4,Neurological,5,1,9.3,1.9,11.7,135.7,153,87,37.1,0,Medicare,0,0,1,5.8,1
73,0,0,Emergency,1,Respiratory,3,1,7.2,1.13,8.9,140.7,139,90,35.8,2,Private,1,1,1,9.2,2
79,1,1,Urgent,3,GI,2,2,5.4,1.23,10.7,139.5,130,89,37.5,2,Private,0,4,0,4.8,1
85,1,1,Urgent,2,Orthopedic,3,3,10.8,0.75,10.1,137.6,154,92,38.4,0,Medicare,0,0,0,4.6,1
80,1,0,Emergency,1,Respiratory,2,3,6.9,1.91,8.8,134.5,127,99,38.6,0,Medicare,1,1,1,5.9,1
78,1,2,Elective,0,Cardiac,5,2,6.1,0.82,9.9,135.7,102,90,37.2,3,Self-Pay,0,1,0,3.3,1
69,0,1,Urgent,0,Cardiac,6,2,7.6,1.9,10.8,141.5,138,66,37.9,2,Private,0,4,0,5.0,1
68,0,0,Emergency,0,Cardiac,6,3,4.6,0.88,5.3,137.5,132,70,37.1,2,Private,0,1,1,5.2,1
79,1,0,Emergency,1,Respiratory,4,0,8.0,2.41,13.1,143.8,140,75,37.9,0,Medicare,0,0,1,6.3,1
50,1,0,Emergency,5,Infection,2,1,4.6,0.62,13.8,142.0,145,71,37.9,1,Medicaid,0,2,1,4.8,1
56,0,1,Urgent,2,Orthopedic,1,1,7.7,0.72,6.5,135.4,140,93,35.8,1,Medicaid,0,1,0,2.7,0
50,1,1,Urgent,5,Infection,4,2,9.4,1.97,11.2,136.2,122,76,37.2,0,Medicare,0,2,0,5.5,1
43,0,2,Elective,2,Orthopedic,1,2,4.9,1.95,9.0,142.0,109,93,36.1,1,Medicaid,0,1,0,1.0,0
73,0,1,Urgent,3,GI,2,1,6.7,1.03,7.9,142.7,128,69,37.6,1,Medicaid,1,1,0,4.8,1
51,0,0,Emergency,0,Cardiac,4,4,7.1,0.63,15.8,138.9,101,108,37.2,2,Private,0,1,1,6.9,1
68,1,1,Urgent,1,Respiratory,2,2,8.2,0.4,7.4,134.0,95,72,37.5,1,Medicaid,1,2,0,4.1,1
46,0,0,Emergency,2,Orthopedic,1,0,7.4,2.18,7.3,137.1,108,77,37.8,0,Medicare,0,3,1,6.9,1
32,0,0,Emergency,5,Infection,5,2,6.7,1.4,9.1,134.4,121,100,37.6,2,Private,0,3,1,3.3,1
51,0,2,Elective,0,Cardiac,4,1,8.9,1.25,7.9,144.0,161,85,37.6,0,Medicare,1,0,0,6.8,1
50,0,0,Emergency,2,Orthopedic,4,0,6.9,0.85,4.3,138.6,151,76,38.3,0,Medicare,0,0,1,1.3,0
53,1,2,Elective,0,Cardiac,2,1,5.3,0.98,7.0,137.1,123,81,37.1,2,Private,1,2,0,3.3,1
76,0,2,Elective,2,Orthopedic,2,4,4.5,1.71,12.1,135.5,137,84,37.6,2,Private,0,2,0,4.3,1
79,0,1,Urgent,3,GI,1,2,8.6,0.7,9.7,129.5,108,75,36.3,0,Medicare,1,2,0,6.8,1
47,1,0,Emergency,4,Neurological,1,1,9.1,1.71,9.7,136.3,136,70,36.9,0,Medicare,0,1,1,4.1,1
63,0,0,Emergency,0,Cardiac,3,3,6.8,1.55,12.7,138.1,140,85,38.6,2,Private,0,1,1,6.3,1
34,0,0,Emergency,0,Cardiac,1,1,4.0,2.37,10.3,134.4,95,56,36.4,2,Private,0,2,1,3.6,1
75,1,1,Urgent,2,Orthopedic,4,4,5.5,1.48,5.2,141.2,138,51,37.8,2,Private,0,1,0,6.3,1
30,1,2,Elective,5,Infection,5,3,8.9,1.72,10.9,133.3,135,67,38.2,2,Private,1,3,0,5.0,1
84,1,1,Urgent,1,Respiratory,1,1,7.5,0.61,9.1,138.7,106,90,37.4,0,Medicare,0,1,0,2.9,0
43,0,2,Elective,2,Orthopedic,3,2,4.0,1.05,8.5,140.2,162,80,37.5,2,Private,1,0,0,4.0,1
21,1,2,Elective,2,Orthopedic,4,3,7.4,1.11,10.7,137.1,139,111,36.2,2,Private,0,1,0,3.6,1
62,1,2,Elective,0,Cardiac,2,1,6.4,1.38,4.5,133.8,118,108,38.0,0,Medicare,0,2,0,2.7,0
78,1,0,Emergency,4,Neurological,5,3,8.1,1.22,7.6,137.5,128,68,36.7,3,Self-Pay,0,1,1,6.9,1
74,0,2,Elective,1,Respiratory,5,1,5.7,1.83,7.9,133.7,114,62,37.6,1,Medicaid,0,3,0,4.1,1
65,0,1,Urgent,3,GI,1,6,8.9,1.24,14.4,137.5,110,64,37.6,1,Medicaid,1,2,0,5.3,1
74,1,0,Emergency,2,Orthopedic,3,4,6.1,0.79,7.3,139.1,118,102,35.9,2,Private,0,0,1,3.5,1
56,1,2,Elective,3,GI,3,3,4.0,0.74,11.1,137.7,166,106,37.2,0,Medicare,0,0,0,1.9,0
31,1,2,Elective,0,Cardiac,2,2,5.4,2.3,7.3,134.9,101,98,36.6,0,Medicare,0,3,0,5.2,1
98,0,1,Urgent,5,Infection,6,2,7.0,1.32,8.0,135.7,125,83,37.3,0,Medicare,1,1,0,7.8,2
90,0,2,Elective,1,Respiratory,1,2,6.7,1.23,10.7,144.2,111,80,38.2,1,Medicaid,0,2,0,3.5,1
50,1,0,Emergency,3,GI,2,2,5.6,1.31,6.3,144.2,124,82,37.6,0,Medicare,0,1,1,4.3,1
25,1,0,Emergency,4,Neurological,6,3,4.0,1.27,4.4,136.8,146,81,37.4,0,Medicare,0,0,1,5.2,1
24,0,0,Emergency,2,Orthopedic,1,1,8.6,1.01,6.7,135.5,135,74,37.7,0,Medicare,0,1,1,2.7,0
67,0,1,Urgent,1,Respiratory,2,2,9.4,1.53,10.3,137.5,133,88,36.5,1,Medicaid,0,0,0,3.9,1
75,0,1,Urgent,5,Infection,3,1,4.8,1.83,9.3,133.0,123,67,37.8,1,Medicaid,0,0,0,5.2,1
50,1,0,Emergency,1,Respiratory,5,0,8.1,1.7,14.1,135.2,126,86,37.1,0,Medicare,0,1,1,3.4,1
76,1,1,Urgent,5,Infection,1,1,7.6,1.14,13.3,141.3,139,81,35.3,0,Medicare,0,0,0,4.0,1
84,1,0,Emergency,0,Cardiac,1,2,4.2,0.72,10.3,142.3,135,99,38.4,0,Medicare,0,0,1,3.0,0
34,1,0,Emergency,1,Respiratory,4,2,7.2,0.65,9.5,142.5,146,97,37.1,0,Medicare,0,2,1,4.2,1
67,0,0,Emergency,0,Cardiac,1,1,11.6,1.79,10.3,132.2,134,71,36.7,0,Medicare,1,4,1,6.0,1
60,1,0,Emergency,0,Cardiac,6,1,4.1,0.93,7.3,139.3,120,73,38.9,2,Private,0,1,1,7.2,2
67,1,0,Emergency,1,Respiratory,4,1,8.9,1.24,10.2,139.2,154,100,37.5,0,Medicare,0,1,1,4.5,1
51,1,0,Emergency,0,Cardiac,2,3,6.4,0.78,3.2,135.7,81,86,36.2,2,Private,0,1,1,3.9,1
77,1,0,Emergency,5,Infection,1,0,6.0,1.27,9.4,142.7,130,93,36.6,2,Private,1,1,1,7.5,2
50,0,0,Emergency,4,Neurological,2,2,8.8,1.92,11.1,146.7,171,79,37.3,2,Private,1,1,1,9.3,2
62,1,0,Emergency,0,Cardiac,5,2,5.4,2.08,11.1,136.9,133,57,38.3,1,Medicaid,1,0,1,6.1,1
33,1,2,Elective,1,Respiratory,2,5,6.7,0.62,14.2,144.0,146,95,37.1,0,Medicare,0,1,0,3.3,1
56,1,0,Emergency,3,GI,1,1,6.3,1.6,6.1,133.5,95,80,37.5,2,Private,0,1,1,1.6,0
43,0,1,Urgent,1,Respiratory,3,0,4.7,0.78,15.4,137.2,157,96,38.0,1,Medicaid,0,2,0,2.2,0
65,1,0,Emergency,4,Neurological,4,2,8.7,2.56,19.3,138.6,165,87,36.8,2,Private,0,0,1,7.0,1
30,0,0,Emergency,2,Orthopedic,1,2,7.4,2.79,12.2,144.6,139,106,37.1,2,Private,1,1,1,9.1,2
33,0,0,Emergency,3,GI,6,2,10.6,1.38,15.2,132.5,130,106,37.4,2,Private,0,1,1,6.7,1
38,0,2,Elective,3,GI,5,2,6.8,1.22,10.4,144.8,112,67,36.7,1,Medicaid,1,1,0,6.7,1
76,1,0,Emergency,3,GI,3,4,6.3,1.07,5.2,131.8,130,71,36.6,1,Medicaid,1,0,1,5.4,1
59,0,1,Urgent,1,Respiratory,5,2,5.9,2.27,3.7,141.8,133,88,37.9,0,Medicare,0,1,0,6.8,1
28,0,1,Urgent,1,Respiratory,2,2,6.0,1.25,1.5,138.6,119,89,38.1,2,Private,1,0,0,5.1,1
75,1,0,Emergency,0,Cardiac,5,3,9.2,1.33,11.3,142.6,135,64,37.1,1,Medicaid,1,2,1,8.9,2
63,1,2,Elective,3,GI,1,3,5.5,1.05,11.7,138.4,145,93,37.1,1,Medicaid,0,1,0,1.7,0
50,1,0,Emergency,2,Orthopedic,3,3,7.3,1.19,11.8,138.9,140,93,37.1,1,Medicaid,0,0,1,3.1,1
50,0,0,Emergency,4,Neurological,3,1,5.9,1.47,10.8,134.4,122,72,37.0,1,Medicaid,0,1,1,5.9,1
67,1,0,Emergency,0,Cardiac,3,1,4.2,1.41,9.0,143.6,134,106,36.6,0,Medicare,0,2,1,7.2,2
50,0,0,Emergency,2,Orthopedic,3,1,7.1,1.74,4.0,136.9,117,69,35.6,0,Medicare,1,0,1,6.7,1
27,0,0,Emergency,0,Cardiac,4,2,4.0,1.29,3.0,144.4,155,100,35.8,0,Medicare,0,1,1,4.8,1
71,0,1,Urgent,3,GI,2,2,6.9,1.09,7.7,137.8,122,70,38.0,0,Medicare,0,0,0,1.8,0
71,1,0,Emergency,4,Neurological,7,2,5.7,1.34,3.6,141.3,140,105,38.5,3,Self-Pay,0,3,1,6.4,1
60,0,1,Urgent,4,Neurological,2,0,5.8,1.29,1.5,132.3,99,40,36.4,2,Private,0,2,0,5.2,1
72,0,0,Emergency,5,Infection,2,2,6.3,0.84,9.1,136.7,118,101,37.2,1,Medicaid,0,1,1,6.9,1
70,0,2,Elective,5,Infection,3,1,6.5,0.45,9.7,136.1,103,108,37.2,2,Private,0,1,0,4.6,1
67,1,0,Emergency,4,Neurological,8,2,6.1,0.75,8.1,138.0,133,92,37.0,0,Medicare,0,0,1,5.5,1
76,1,1,Urgent,1,Respiratory,1,1,7.4,0.66,9.6,131.9,116,65,37.0,2,Private,0,2,0,3.4,1
41,1,1,Urgent,0,Cardiac,1,1,6.5,1.73,3.6,138.8,146,86,37.7,3,Self-Pay,0,0,0,4.7,1
82,0,0,Emergency,2,Orthopedic,5,1,11.5,0.76,11.5,142.0,153,64,38.5,0,Medicare,0,2,1,6.5,1
82,0,0,Emergency,5,Infection,3,1,4.5,2.21,11.7,142.4,142,83,37.5,0,Medicare,0,2,1,6.6,1
50,0,0,Emergency,2,Orthopedic,1,1,4.5,0.83,7.6,140.7,110,83,37.7,2,Private,0,3,1,5.7,1
51,1,0,Emergency,0,Cardiac,3,1,5.8,1.53,1.5,134.8,132,89,37.2,1,Medicaid,0,0,1,3.1,1
85,0,0,Emergency,5,Infection,4,3,4.9,2.75,6.4,143.3,109,78,38.0,2,Private,0,0,1,6.1,1
76,0,1,Urgent,1,Respiratory,3,2,8.7,1.52,10.4,135.7,106,58,37.9,1,Medicaid,0,1,0,4.7,1
41,1,0,Emergency,3,GI,4,1,9.6,2.77,5.9,142.0,108,88,36.8,2,Private,1,2,1,6.4,1
44,0,1,Urgent,4,Neurological,5,3,5.8,0.76,16.9,137.1,123,74,37.6,1,Medicaid,0,0,0,5.6,1
70,0,0,Emergency,4,Neurological,2,3,7.4,1.99,11.3,146.8,119,59,36.7,1,Medicaid,1,3,1,7.2,2
54,0,2,Elective,4,Neurological,4,0,7.2,0.85,10.6,137.5,118,81,37.1,2,Private,0,0,0,3.1,1
55,0,0,Emergency,4,Neurological,7,3,5.7,1.81,10.8,137.8,126,94,36.2,0,Medicare,0,1,1,4.1,1
70,1,0,Emergency,3,GI,5,0,7.6,1.13,5.3,136.6,161,90,39.2,0,Medicare,0,0,1,4.6,1
61,1,0,Emergency,2,Orthopedic,2,0,8.0,1.29,9.3,136.1,155,78,39.4,0,Medicare,0,1,1,2.1,0
77,0,0,Emergency,3,GI,2,2,4.0,1.15,2.0,136.7,150,84,37.8,0,Medicare,1,1,1,6.8,1
30,0,1,Urgent,4,Neurological,4,1,4.4,1.01,1.5,137.3,118,96,37.6,2,Private,0,1,0,5.8,1
77,1,1,Urgent,1,Respiratory,5,1,6.0,1.23,8.1,139.0,110,59,37.2,2,Private,0,1,0,4.7,1
32,1,1,Urgent,1,Respiratory,2,2,5.9,1.41,8.4,133.4,152,88,36.4,3,Self-Pay,0,4,0,2.1,0
30,0,1,Urgent,1,Respiratory,3,1,6.6,0.59,12.3,148.6,105,69,36.7,0,Medicare,0,2,0,4.8,1
21,1,2,Elective,3,GI,3,3,4.8,1.02,5.0,141.5,118,84,37.6,1,Medicaid,0,1,0,2.0,0
91,0,1,Urgent,0,Cardiac,4,0,4.6,1.56,9.0,138.1,142,114,38.0,2,Private,0,0,0,3.7,1
86,1,0,Emergency,4,Neurological,1,3,5.8,1.25,7.1,132.6,121,110,36.8,3,Self-Pay,0,2,1,5.6,1
66,1,0,Emergency,0,Cardiac,3,4,4.4,1.8,3.2,133.0,148,80,37.9,0,Medicare,0,1,1,5.4,1
89,1,0,Emergency,0,Cardiac,2,1,8.7,0.6,7.6,142.6,113,97,36.6,2,Private,0,1,1,4.4,1
30,1,1,Urgent,0,Cardiac,3,0,8.4,1.34,5.6,139.5,119,66,37.4,2,Private,1,3,0,5.3,1
60,0,0,Emergency,3,GI,6,2,7.6,1.64,6.5,131.7,95,87,37.8,2,Private,0,1,1,3.9,1
50,1,1,Urgent,1,Respiratory,4,2,8.3,1.02,7.5,136.0,135,76,38.9,1,Medicaid,1,1,0,5.6,1
60,1,0,Emergency,1,Respiratory,5,1,5.7,0.98,16.5,133.4,80,92,37.9,2,Private,1,1,1,7.9,2
65,1,2,Elective,5,Infection,4,3,5.7,2.13,11.6,142.5,104,68,36.7,1,Medicaid,0,1,0,6.6,1
58,0,2,Elective,4,Neurological,4,0,7.2,0.4,12.5,142.2,141,85,37.2,2,Private,0,1,0,4.0,1
42,1,0,Emergency,4,Neurological,5,1,7.9,0.93,10.6,138.4,141,96,36.3,1,Medicaid,0,1,1,6.2,1
78,1,2,Elective,3,GI,6,1,7.2,0.9,9.2,137.8,122,53,38.0,0,Medicare,1,0,0,6.4,1
59,0,2,Elective,5,Infection,2,6,7.0,1.54,12.3,142.4,115,106,37.1,0,Medicare,0,4,0,5.5,1
26,0,2,Elective,4,Neurological,4,1,7.1,1.83,8.0,143.8,111,75,36.9,1,Medicaid,1,2,0,6.8,1
92,0,0,Emergency,5,Infection,3,1,8.3,1.88,3.7,136.8,111,55,36.7,3,Self-Pay,0,0,1,7.0,1
66,1,2,Elective,0,Cardiac,2,2,8.5,0.88,8.6,140.2,142,91,36.5,3,Self-Pay,0,0,0,4.8,1
67,1,0,Emergency,0,Cardiac,3,1,6.1,1.31,8.7,138.7,92,65,36.7,2,Private,1,2,1,7.2,2
64,1,1,Urgent,0,Cardiac,1,4,7.6,0.92,16.9,135.1,136,60,38.5,0,Medicare,0,2,0,7.7,2
32,0,1,Urgent,5,Infection,2,3,4.0,1.86,12.3,135.9,152,61,37.2,0,Medicare,0,1,0,5.3,1
79,1,1,Urgent,3,GI,4,2,4.0,1.32,7.5,134.6,121,86,38.7,1,Medicaid,1,1,0,5.8,1
70,1,0,Emergency,2,Orthopedic,5,3,5.9,1.13,8.3,138.8,143,83,36.8,3,Self-Pay,0,2,1,6.7,1
50,0,2,Elective,2,Orthopedic,5,2,5.4,1.27,7.3,137.7,133,84,38.2,1,Medicaid,0,1,0,4.0,1
50,0,0,Emergency,4,Neurological,1,4,9.7,1.77,6.2,139.1,151,79,36.5,0,Medicare,1,0,1,6.3,1
58,0,0,Emergency,5,Infection,3,3,6.0,1.34,11.0,142.7,172,73,38.2,2,Private,0,2,1,4.7,1
22,1,1,Urgent,4,Neurological,6,6,7.2,1.02,1.5,137.6,148,92,38.0,0,Medicare,1,2,0,8.0,2
55,0,2,Elective,4,Neurological,1,0,6.9,1.06,8.8,143.5,82,85,37.2,1,Medicaid,1,1,0,6.7,1
50,0,2,Elective,1,Respiratory,5,1,4.0,1.61,5.9,136.7,91,54,36.0,2,Private,0,0,0,3.7,1
62,0,1,Urgent,2,Orthopedic,7,1,7.0,0.73,2.9,137.7,128,75,37.8,1,Medicaid,0,2,0,4.5,1
76,1,0,Emergency,5,Infection,3,4,6.6,1.78,2.4,139.2,99,59,37.3,3,Self-Pay,0,0,1,6.7,1
69,0,0,Emergency,4,Neurological,4,0,9.3,0.49,10.4,141.9,134,89,36.5,1,Medicaid,0,0,1,5.4,1
71,0,0,Emergency,3,GI,4,4,5.5,1.2,14.9,138.7,125,91,38.2,0,Medicare,0,3,1,6.7,1
60,0,0,Emergency,0,Cardiac,1,3,7.6,0.86,4.3,137.5,158,58,37.5,2,Private,1,0,1,8.7,2
69,0,0,Emergency,0,Cardiac,3,3,7.5,4.19,11.9,141.7,142,74,37.3,0,Medicare,0,0,1,5.4,1
38,0,0,Emergency,0,Cardiac,1,3,5.0,0.41,7.7,134.3,111,73,37.2,0,Medicare,0,2,1,3.0,0
64,1,0,Emergency,3,GI,3,2,4.0,1.0,7.6,140.8,141,84,36.5,0,Medicare,1,2,1,5.9,1
69,1,2,Elective,2,Orthopedic,4,1,6.6,0.85,10.1,140.4,137,103,37.3,2,Private,0,4,0,3.1,1
61,1,1,Urgent,5,Infection,3,1,8.7,1.69,7.9,140.8,128,74,37.1,0,Medicare,1,0,0,5.4,1
43,1,2,Elective,3,GI,4,0,7.1,2.04,10.2,141.6,117,104,38.1,0,Medicare,0,0,0,1.0,0
82,0,0,Emergency,1,Respiratory,2,3,8.1,1.11,12.8,139.4,144,80,36.5,2,Private,1,1,1,5.9,1
66,1,0,Emergency,0,Cardiac,1,1,5.4,0.4,9.5,148.6,126,67,37.7,1,Medicaid,1,1,1,8.6,2
60,0,0,Emergency,4,Neurological,5,2,7.9,2.75,9.3,139.4,144,79,36.5,3,Self-Pay,0,1,1,5.3,1
54,0,0,Emergency,2,Orthopedic,1,1,4.0,1.82,12.3,135.1,124,94,37.1,0,Medicare,1,1,1,6.7,1
51,1,1,Urgent,3,GI,7,4,7.5,2.63,7.7,137.9,122,61,37.4,3,Self-Pay,0,2,0,5.5,1
79,1,1,Urgent,3,GI,2,0,4.0,1.09,12.8,135.9,161,91,37.2,3,Self-Pay,0,1,0,3.3,1
89,1,2,Elective,0,Cardiac,3,1,7.6,1.35,14.8,136.1,148,67,37.9,0,Medicare,1,2,0,6.1,1
76,1,2,Elective,0,Cardiac,2,0,5.5,0.91,12.6,136.2,137,96,37.0,2,Private,0,1,0,3.6,1
64,1,1,Urgent,1,Respiratory,4,3,8.0,0.44,10.5,141.0,154,91,37.7,0,Medicare,0,0,0,4.2,1
88,1,0,Emergency,1,Respiratory,5,1,6.4,0.97,12.4,131.7,121,73,37.1,0,Medicare,0,0,1,5.4,1
50,1,2,Elective,3,GI,5,0,8.5,0.78,7.2,132.0,168,91,36.7,2,Private,0,1,0,4.1,1
54,1,1,Urgent,3,GI,3,1,7.3,1.11,12.0,133.0,151,94,38.2,2,Private,0,1,0,4.0,1
54,0,1,Urgent,5,Infection,2,0,6.7,0.57,8.2,137.4,94,78,38.3,0,Medicare,0,1,0,4.7,1
93,0,1,Urgent,4,Neurological,5,2,8.6,1.55,7.9,131.9,119,74,37.4,0,Medicare,0,0,0,5.8,1
75,1,0,Emergency,2,Orthopedic,1,3,7.3,1.36,7.5,135.9,113,85,36.5,0,Medicare,0,2,1,1.9,0
62,0,0,Emergency,2,Orthopedic,4,1,9.6,0.45,13.5,143.1,125,70,37.1,0,Medicare,0,3,1,4.8,1
50,0,0,Emergency,3,GI,1,2,6.4,0.4,13.3,138.9,151,91,37.1,1,Medicaid,0,1,1,5.7,1
68,0,0,Emergency,0,Cardiac,2,1,6.1,0.79,13.5,133.6,111,96,37.7,0,Medicare,0,0,1,5.8,1
49,0,0,Emergency,5,Infection,3,5,4.9,1.68,10.5,139.3,130,83,38.5,2,Private,0,2,1,4.8,1
82,1,0,Emergency,2,Orthopedic,6,0,5.5,3.04,1.6,143.1,159,73,38.6,2,Private,1,1,1,6.2,1
40,1,2,Elective,5,Infection,2,4,6.1,0.73,1.5,138.1,113,85,36.9,2,Private,0,0,0,4.9,1
68,1,1,Urgent,5,Infection,1,4,5.3,0.9,10.1,135.6,109,63,37.7,2,Private,0,0,0,5.3,1
65,1,0,Emergency,3,GI,6,3,7.6,0.66,8.1,137.8,121,84,38.0,1,Medicaid,0,0,1,2.6,0
71,1,0,Emergency,0,Cardiac,3,3,4.2,1.05,3.3,132.0,83,104,37.4,0,Medicare,0,0,1,5.1,1
66,1,1,Urgent,3,GI,1,1,4.9,1.06,9.7,133.7,107,88,37.5,2,Private,0,1,0,3.2,1
55,1,0,Emergency,3,GI,3,4,4.0,1.8,7.6,135.4,109,63,38.3,1,Medicaid,0,2,1,4.4,1
79,0,1,Urgent,4,Neurological,5,1,5.3,0.6,14.0,135.4,83,92,36.7,3,Self-Pay,0,1,0,6.0,1
59,0,2,Elective,0,Cardiac,1,1,8.7,1.82,8.9,136.7,122,68,37.6,0,Medicare,0,3,0,5.1,1
50,0,1,Urgent,2,Orthopedic,1,3,5.6,1.64,7.3,133.9,130,72,37.9,2,Private,0,2,0,2.9,0
63,1,0,Emergency,5,Infection,3,3,5.0,0.89,4.3,140.9,118,70,36.2,0,Medicare,1,1,1,9.7,2
28,1,2,Elective,5,Infection,2,4,5.2,0.82,9.2,139.0,127,74,35.9,2,Private,0,1,0,4.0,1
55,1,0,Emergency,0,Cardiac,5,0,7.1,1.04,11.9,136.7,98,76,37.5,3,Self-Pay,0,1,1,4.0,1
55,1,0,Emergency,5,Infection,5,0,8.8,0.83,8.3,138.0,168,71,38.6,0,Medicare,1,1,1,6.1,1
50,0,1,Urgent,0,Cardiac,2,2,8.1,0.99,11.7,136.3,122,75,37.5,0,Medicare,1,1,0,7.0,1
36,0,2,Elective,4,Neurological,1,2,4.1,0.51,9.0,132.2,144,90,37.0,2,Private,0,2,0,3.5,1
78,1,0,Emergency,1,Respiratory,2,0,9.0,1.0,11.7,135.8,149,85,37.1,3,Self-Pay,0,0,1,5.4,1
50,0,2,Elective,5,Infection,5,3,8.3,0.97,9.2,132.5,120,79,37.2,0,Medicare,0,3,0,3.7,1
68,1,0,Emergency,3,GI,4,2,7.3,1.24,4.1,135.9,125,82,38.4,1,Medicaid,0,0,1,5.8,1
50,1,0,Emergency,1,Respiratory,3,3,4.5,2.05,13.3,137.2,146,111,37.6,1,Medicaid,0,2,1,6.5,1
78,1,1,Urgent,1,Respiratory,6,1,4.9,1.07,12.5,133.9,116,68,38.4,0,Medicare,1,3,0,8.6,2
40,0,0,Emergency,1,Respiratory,5,3,5.1,0.75,12.9,138.9,164,85,38.4,2,Private,1,1,1,8.3,2
79,1,0,Emergency,3,GI,3,5,5.5,0.53,21.5,141.7,116,76,38.1,3,Self-Pay,0,0,1,5.0,1
63,1,0,Emergency,5,Infection,5,3,6.8,1.5,8.7,145.6,158,76,35.9,2,Private,1,3,1,10.1,2
73,1,0,Emergency,4,Neurological,1,4,4.0,1.29,8.8,140.6,149,64,37.9,0,Medicare,0,4,1,4.1,1
42,1,0,Emergency,4,Neurological,2,2,4.2,1.11,8.5,142.6,139,74,37.1,1,Medicaid,0,1,1,6.2,1
30,1,1,Urgent,4,Neurological,5,2,6.1,1.25,7.0,137.3,136,85,36.6,2,Private,0,1,0,2.2,0
44,0,1,Urgent,5,Infection,1,2,8.3,1.69,10.9,133.3,146,69,36.9,0,Medicare,0,1,0,5.7,1
75,1,2,Elective,4,Neurological,1,3,5.9,1.34,7.9,133.2,129,56,37.0,2,Private,0,2,0,2.1,0
81,1,1,Urgent,0,Cardiac,3,3,6.8,1.34,14.1,137.1,114,91,38.0,1,Medicaid,0,1,0,4.8,1
71,0,1,Urgent,4,Neurological,7,3,8.5,2.21,9.2,137.4,95,65,36.4,1,Medicaid,0,1,0,6.4,1
67,0,1,Urgent,1,Respiratory,3,2,5.1,1.19,11.0,141.8,117,110,36.2,1,Medicaid,0,0,0,3.8,1
50,0,2,Elective,5,Infection,3,0,4.7,0.86,10.6,136.0,144,99,36.7,3,Self-Pay,1,2,0,7.8,2
67,1,0,Emergency,1,Respiratory,4,3,4.5,2.09,11.1,138.2,118,95,37.8,0,Medicare,0,2,1,6.8,1
64,0,0,Emergency,1,Respiratory,4,4,6.0,0.9,5.8,138.2,88,84,36.3,0,Medicare,0,1,1,5.3,1
44,0,1,Urgent,1,Respiratory,1,4,5.3,0.67,13.5,132.6,121,78,35.6,2,Private,1,1,0,8.3,2
38,1,0,Emergency,3,GI,3,0,9.5,1.4,10.7,139.6,143,97,36.8,0,Medicare,0,1,1,3.2,1
36,1,2,Elective,0,Cardiac,4,2,6.9,1.55,10.8,134.4,102,91,36.8,0,Medicare,0,2,0,2.5,0
50,0,1,Urgent,5,Infection,5,0,7.7,0.81,10.6,135.1,133,78,37.5,0,Medicare,0,1,0,4.5,1
68,0,0,Emergency,1,Respiratory,2,1,5.0,1.7,1.5,138.0,118,60,37.7,2,Private,0,0,1,4.0,1
66,0,2,Elective,1,Respiratory,1,1,6.4,1.16,9.4,135.2,134,74,37.4,1,Medicaid,0,1,0,3.0,0
66,0,0,Emergency,0,Cardiac,3,3,5.9,0.94,9.3,141.9,147,106,38.0,2,Private,1,3,1,8.8,2
52,0,2,Elective,1,Respiratory,3,2,6.8,1.18,9.9,141.7,155,108,37.6,1,Medicaid,0,0,0,1.5,0
84,1,2,Elective,2,Orthopedic,2,1,7.2,0.88,12.6,136.5,162,84,37.3,2,Private,1,1,0,8.3,2
32,1,1,Urgent,1,Respiratory,4,0,5.9,1.15,12.2,139.0,145,75,36.1,3,Self-Pay,0,2,0,4.3,1
50,1,0,Emergency,1,Respiratory,2,0,6.1,2.47,12.5,144.8,141,80,36.7,1,Medicaid,1,0,1,8.7,2
34,0,0,Emergency,0,Cardiac,1,2,8.5,1.0,5.6,134.1,98,87,36.1,2,Private,0,1,1,4.7,1
50,1,1,Urgent,1,Respiratory,4,3,4.9,0.98,9.4,138.1,110,76,36.3,0,Medicare,1,0,0,5.0,1
24,1,2,Elective,4,Neurological,4,2,7.8,0.79,3.5,133.2,169,66,37.5,0,Medicare,0,0,0,1.2,0
90,0,0,Emergency,2,Orthopedic,2,2,7.0,0.95,9.3,139.0,129,84,36.6,1,Medicaid,0,3,1,3.2,1
23,0,0,Emergency,1,Respiratory,3,1,7.8,0.66,5.1,129.6,122,78,38.1,3,Self-Pay,1,0,1,4.6,1
50,1,0,Emergency,1,Respiratory,3,1,5.9,0.94,8.1,138.6,107,92,39.0,1,Medicaid,1,2,1,8.1,2
70,1,1,Urgent,3,GI,3,1,8.4,0.84,11.8,140.7,142,63,36.2,0,Medicare,0,1,0,2.5,0
63,0,2,Elective,1,Respiratory,3,0,5.4,1.04,16.5,136.7,130,86,38.4,2,Private,0,3,0,2.1,0
70,1,0,Emergency,3,GI,1,2,7.4,0.73,5.6,138.4,109,100,37.4,2,Private,1,1,1,4.3,1
50,1,0,Emergency,5,Infection,6,2,7.4,3.54,9.9,133.6,118,73,37.3,1,Medicaid,0,1,1,7.3,2
56,1,1,Urgent,0,Cardiac,4,0,6.8,0.81,8.8,138.7,131,71,36.2,2,Private,0,3,0,3.9,1
56,0,2,Elective,0,Cardiac,2,2,8.3,0.97,7.4,141.6,147,82,35.7,2,Private,0,1,0,3.5,1
31,1,2,Elective,0,Cardiac,3,2,8.5,1.31,10.0,142.8,115,81,37.0,0,Medicare,0,1,0,4.8,1
75,0,2,Elective,2,Orthopedic,1,3,7.7,1.39,10.1,136.2,154,82,38.1,0,Medicare,0,0,0,4.9,1
68,1,0,Emergency,0,Cardiac,1,0,9.7,1.62,9.3,134.1,136,76,37.0,1,Medicaid,1,0,1,6.7,1
69,1,0,Emergency,2,Orthopedic,3,1,5.8,1.03,4.2,132.1,126,76,36.3,2,Private,0,1,1,3.7,1
71,0,2,Elective,5,Infection,1,0,6.0,0.79,9.1,142.9,113,102,37.2,2,Private,0,1,0,5.6,1
88,1,2,Elective,0,Cardiac,2,1,7.0,2.26,11.2,135.6,148,67,38.1,0,Medicare,0,1,0,4.0,1
71,0,1,Urgent,1,Respiratory,5,1,6.2,0.78,3.3,135.8,148,93,37.5,1,Medicaid,1,0,0,6.3,1
66,1,1,Urgent,4,Neurological,5,4,5.8,1.05,6.4,129.0,141,97,37.1,0,Medicare,0,2,0,4.2,1
61,0,2,Elective,0,Cardiac,3,2,4.0,1.19,5.8,136.7,135,69,37.7,2,Private,0,1,0,4.6,1
64,1,0,Emergency,0,Cardiac,5,3,7.9,1.54,8.4,149.1,113,70,37.1,0,Medicare,0,2,1,4.9,1
74,0,0,Emergency,3,GI,3,4,6.3,1.41,11.7,145.6,119,81,38.4,0,Medicare,1,1,1,6.4,1
77,1,1,Urgent,0,Cardiac,10,1,6.4,0.89,8.3,138.2,119,84,37.4,2,Private,1,3,0,8.7,2
73,1,2,Elective,4,Neurological,2,2,4.7,1.27,14.1,143.4,102,72,36.6,0,Medicare,0,2,0,5.0,1
23,1,1,Urgent,0,Cardiac,1,2,5.8,0.58,10.1,135.3,136,74,38.0,2,Private,0,2,0,5.4,1
85,0,2,Elective,2,Orthopedic,1,2,6.9,3.13,9.3,144.1,126,72,35.3,0,Medicare,0,0,0,4.1,1
62,1,0,Emergency,4,Neurological,4,0,4.3,0.81,9.1,138.9,132,87,37.5,0,Medicare,0,3,1,4.1,1
81,0,0,Emergency,1,Respiratory,2,0,6.2,1.74,2.7,140.7,154,91,36.8,2,Private,1,1,1,8.6,2
68,1,0,Emergency,0,Cardiac,8,2,5.7,0.75,8.6,135.8,92,81,36.6,1,Medicaid,1,1,1,8.4,2
23,1,2,Elective,0,Cardiac,2,2,6.3,1.55,10.4,140.1,125,72,36.6,1,Medicaid,1,2,0,3.7,1
85,1,1,Urgent,4,Neurological,2,3,6.2,0.74,15.5,150.2,121,87,36.6,2,Private,0,0,0,4.7,1
63,1,0,Emergency,3,GI,2,2,4.1,1.74,5.7,142.2,148,107,36.8,2,Private,0,1,1,2.9,0
66,0,2,Elective,0,Cardiac,4,1,8.0,2.74,13.5,135.8,103,74,36.5,3,Self-Pay,0,2,0,4.3,1
50,1,1,Urgent,3,GI,1,3,4.0,1.2,11.1,129.3,128,79,37.0,0,Medicare,0,2,0,2.1,0
53,0,2,Elective,3,GI,2,2,6.9,1.5,6.9,135.2,125,74,37.2,2,Private,1,4,0,5.3,1
72,1,1,Urgent,5,Infection,1,4,8.4,1.8,6.9,138.4,115,98,36.3,0,Medicare,0,3,0,5.0,1
63,1,0,Emergency,1,Respiratory,5,2,6.3,0.9,13.6,135.7,134,81,36.4,0,Medicare,1,3,1,6.5,1
79,1,1,Urgent,5,Infection,3,2,4.0,1.78,10.9,138.5,126,52,37.0,0,Medicare,0,1,0,10.0,2
50,1,2,Elective,2,Orthopedic,3,2,7.9,0.95,12.4,137.3,110,72,37.6,2,Private,0,1,0,3.2,1
39,0,0,Emergency,5,Infection,4,1,4.0,3.08,7.7,142.1,108,74,36.1,2,Private,1,1,1,7.8,2
44,1,2,Elective,0,Cardiac,1,2,5.9,0.67,5.6,130.7,102,87,36.3,0,Medicare,0,1,0,4.9,1
60,0,0,Emergency,0,Cardiac,2,2,8.5,1.25,1.5,137.6,129,83,37.4,2,Private,0,0,1,3.4,1
42,1,0,Emergency,4,Neurological,3,0,6.3,0.73,4.7,139.6,131,69,37.0,0,Medicare,0,0,1,7.1,2
68,1,0,Emergency,4,Neurological,4,2,6.5,1.99,6.7,127.8,105,80,36.5,0,Medicare,0,3,1,6.9,1
34,0,2,Elective,1,Respiratory,2,0,8.7,3.57,11.9,133.9,147,80,36.5,0,Medicare,0,3,0,5.6,1
50,0,1,Urgent,3,GI,3,4,4.0,1.32,5.4,142.8,104,92,36.6,3,Self-Pay,0,1,0,5.6,1
72,0,0,Emergency,1,Respiratory,2,1,6.6,2.77,3.2,137.7,114,84,36.4,1,Medicaid,1,1,1,6.4,1
66,1,2,Elective,0,Cardiac,4,3,6.5,1.69,7.0,139.9,137,69,38.1,0,Medicare,0,0,0,4.3,1
89,0,0,Emergency,0,Cardiac,1,3,5.1,2.47,7.1,134.7,151,63,36.6,1,Medicaid,1,1,1,7.1,2
27,1,0,Emergency,0,Cardiac,3,0,5.4,1.68,9.0,133.4,152,80,36.7,2,Private,0,1,1,2.2,0
74,1,0,Emergency,3,GI,4,3,8.3,2.56,17.9,137.9,141,60,37.9,0,Medicare,1,0,1,8.8,2
66,0,1,Urgent,1,Respiratory,6,2,4.0,2.4,10.1,143.7,88,90,36.5,0,Medicare,0,2,0,5.6,1
52,1,1,Urgent,0,Cardiac,2,3,6.2,0.93,9.6,136.3,125,89,38.4,0,Medicare,0,1,0,5.5,1
61,1,2,Elective,5,Infection,2,1,5.2,0.94,10.4,137.8,105,105,37.0,1,Medicaid,0,3,0,6.1,1
22,0,1,Urgent,0,Cardiac,1,2,6.8,1.06,16.7,139.5,133,89,38.2,0,Medicare,0,0,0,4.1,1
55,1,0,Emergency,3,GI,3,2,5.6,0.88,2.9,141.7,86,84,37.1,1,Medicaid,0,1,1,2.9,0
77,0,2,Elective,5,Infection,4,1,6.8,1.49,13.3,140.9,116,71,38.0,2,Private,0,3,0,6.8,1
88,0,0,Emergency,0,Cardiac,4,3,6.4,2.25,12.0,141.8,110,74,38.4,1,Medicaid,0,2,1,7.0,1
50,1,2,Elective,0,Cardiac,6,2,6.6,1.47,3.8,132.7,133,81,37.5,2,Private,0,1,0,4.6,1
79,0,0,Emergency,3,GI,4,1,6.3,1.01,6.6,138.5,129,70,36.8,2,Private,0,2,1,5.0,1
53,1,0,Emergency,2,Orthopedic,3,2,6.7,1.3,5.8,137.4,87,52,36.6,0,Medicare,0,1,1,5.5,1
30,1,1,Urgent,2,Orthopedic,2,2,6.9,0.48,4.0,135.8,115,93,37.6,3,Self-Pay,0,1,0,2.2,0
51,1,0,Emergency,3,GI,3,1,6.6,0.7,7.1,135.6,139,76,37.3,1,Medicaid,1,1,1,6.0,1
51,0,0,Emergency,5,Infection,5,3,6.2,1.01,4.3,142.9,108,81,36.6,0,Medicare,0,3,1,8.5,2
48,0,1,Urgent,0,Cardiac,3,1,8.3,1.47,10.9,133.8,157,82,38.1,0,Medicare,0,0,0,4.2,1
20,0,0,Emergency,4,Neurological,3,1,4.8,1.04,14.1,129.9,164,102,37.1,2,Private,0,0,1,5.4,1
89,1,0,Emergency,1,Respiratory,3,0,10.4,1.27,6.3,135.2,115,49,36.0,0,Medicare,0,2,1,5.4,1
93,1,0,Emergency,1,Respiratory,4,2,4.9,1.05,4.9,132.8,130,74,37.1,1,Medicaid,1,2,1,6.3,1
70,0,1,Urgent,0,Cardiac,1,5,5.6,0.97,13.1,141.2,166,92,37.0,0,Medicare,0,1,0,3.6,1
36,0,0,Emergency,2,Orthopedic,1,3,4.0,0.69,4.8,137.4,137,92,37.6,1,Medicaid,0,1,1,2.4,0
70,1,0,Emergency,4,Neurological,1,0,6.0,1.42,3.5,140.9,138,67,35.0,0,Medicare,0,1,1,5.2,1
52,0,1,Urgent,0,Cardiac,2,4,8.1,0.95,6.7,135.2,108,90,35.8,0,Medicare,1,3,0,4.4,1
61,1,1,Urgent,1,Respiratory,3,0,4.8,1.24,11.6,134.4,139,56,38.4,2,Private,0,1,0,3.1,1
77,1,1,Urgent,1,Respiratory,5,2,9.0,0.87,9.8,143.2,116,94,37.2,0,Medicare,0,2,0,3.8,1
56,1,0,Emergency,0,Cardiac,2,1,6.2,1.51,12.8,138.8,144,73,37.0,0,Medicare,0,1,1,5.1,1
76,0,0,Emergency,4,Neurological,2,0,4.0,1.22,5.4,137.7,119,104,37.6,0,Medicare,0,1,1,4.7,1
54,1,1,Urgent,4,Neurological,2,6,5.0,1.31,12.2,136.7,125,97,36.4,0,Medicare,0,1,0,5.6,1
18,0,2,Elective,4,Neurological,4,3,7.3,0.82,8.3,134.0,113,95,37.0,0,Medicare,1,0,0,7.0,1
79,1,1,Urgent,3,GI,5,0,5.5,0.8,2.5,136.2,96,93,37.2,2,Private,1,0,0,5.9,1
72,0,0,Emergency,2,Orthopedic,2,0,9.4,1.34,13.8,139.2,133,65,36.3,2,Private,1,0,1,6.3,1
85,1,0,Emergency,1,Respiratory,3,3,5.3,0.61,9.3,144.3,116,79,36.8,1,Medicaid,0,0,1,4.8,1
50,1,2,Elective,3,GI,2,2,6.3,1.72,14.0,139.6,124,90,35.8,2,Private,1,0,0,5.6,1
84,0,1,Urgent,2,Orthopedic,1,2,5.4,1.11,13.3,131.7,147,73,38.2,0,Medicare,0,1,0,4.6,1
28,1,0,Emergency,5,Infection,1,3,8.2,0.75,12.7,138.7,104,80,36.4,0,Medicare,0,1,1,4.0,1
69,1,0,Emergency,5,Infection,2,1,4.0,0.59,17.9,139.6,130,51,36.6,2,Private,0,3,1,6.3,1
75,0,2,Elective,5,Infection,4,1,4.0,1.83,5.1,143.8,172,81,38.1,0,Medicare,1,1,0,7.5,2
81,0,0,Emergency,1,Respiratory,2,3,5.5,0.42,16.4,140.7,108,70,37.3,0,Medicare,1,1,1,8.8,2
77,1,1,Urgent,1,Respiratory,2,1,6.1,1.44,8.2,136.5,80,78,37.1,0,Medicare,1,1,0,3.5,1
75,1,1,Urgent,4,Neurological,3,1,4.0,1.24,12.2,138.4,166,100,36.9,0,Medicare,0,3,0,4.9,1
67,1,0,Emergency,4,Neurological,2,0,7.3,1.55,9.4,135.8,135,105,37.3,2,Private,0,2,1,5.0,1
34,1,0,Emergency,3,GI,2,3,7.8,0.71,12.3,138.5,140,50,36.2,1,Medicaid,0,3,1,2.7,0
74,1,0,Emergency,1,Respiratory,1,4,5.9,0.86,8.7,149.2,135,65,38.6,2,Private,0,0,1,3.8,1
77,1,2,Elective,4,Neurological,1,1,5.3,1.34,14.6,140.4,105,94,36.2,1,Medicaid,0,1,0,4.6,1
50,1,1,Urgent,3,GI,4,4,9.1,1.19,11.8,129.0,117,73,37.0,0,Medicare,0,2,0,6.7,1
76,0,2,Elective,2,Orthopedic,2,0,4.5,1.72,5.0,137.8,127,81,36.0,0,Medicare,0,0,0,2.0,0
35,1,1,Urgent,5,Infection,2,0,7.5,1.14,10.6,142.9,82,77,38.5,1,Medicaid,0,2,0,6.0,1
70,0,2,Elective,1,Respiratory,1,1,5.6,2.18,11.4,140.5,152,91,36.2,1,Medicaid,0,2,0,4.5,1
65,0,2,Elective,3,GI,1,2,6.8,1.24,11.5,139.6,131,59,36.5,2,Private,0,0,0,2.2,0
54,1,1,Urgent,2,Orthopedic,3,2,7.9,2.41,5.7,140.3,137,102,37.8,0,Medicare,0,0,0,4.0,1
50,0,0,Emergency,3,GI,1,1,7.1,2.52,8.1,137.3,113,72,36.9,0,Medicare,0,2,1,5.2,1
90,0,1,Urgent,0,Cardiac,2,5,4.0,2.56,10.1,137.9,93,71,35.8,2,Private,0,1,0,4.5,1
85,0,1,Urgent,2,Orthopedic,1,3,8.1,0.83,8.3,137.1,173,67,37.3,2,Private,0,1,0,5.1,1
55,1,1,Urgent,3,GI,3,2,4.0,2.01,16.2,137.8,131,100,37.7,2,Private,1,1,0,7.6,2
75,1,2,Elective,2,Orthopedic,3,3,7.7,1.15,8.6,136.9,148,59,37.1,2,Private,1,0,0,3.5,1
51,1,0,Emergency,4,Neurological,3,4,7.3,1.15,5.8,139.3,138,94,36.5,0,Medicare,1,2,1,7.8,2
63,1,0,Emergency,1,Respiratory,3,1,6.0,1.68,8.6,143.8,140,85,36.9,0,Medicare,0,1,1,4.0,1
90,0,1,Urgent,5,Infection,3,0,7.3,0.99,3.7,132.0,151,81,37.8,2,Private,0,1,0,5.2,1
55,0,0,Emergency,2,Orthopedic,6,3,4.5,0.55,9.3,138.9,100,76,38.7,1,Medicaid,0,1,1,3.1,1
82,0,0,Emergency,3,GI,7,1,4.1,1.17,5.8,140.2,102,79,36.9,1,Medicaid,0,1,1,6.8,1
66,0,2,Elective,0,Cardiac,3,2,7.5,2.72,6.1,140.2,93,81,37.1,2,Private,0,3,0,7.0,1
58,0,1,Urgent,0,Cardiac,2,3,5.9,0.99,11.4,134.7,122,97,38.0,3,Self-Pay,0,0,0,3.7,1
71,0,2,Elective,4,Neurological,4,1,9.2,1.12,2.7,136.0,143,87,37.7,2,Private,0,2,0,4.4,1
74,0,1,Urgent,0,Cardiac,3,2,5.8,1.39,7.9,141.9,114,87,38.0,0,Medicare,0,0,0,3.9,1
67,1,1,Urgent,5,Infection,7,2,4.7,0.99,13.4,138.8,132,88,36.7,1,Medicaid,1,1,0,7.9,2
50,1,1,Urgent,0,Cardiac,3,2,11.3,1.06,5.2,137.5,146,77,36.8,0,Medicare,0,0,0,4.9,1
30,1,0,Emergency,5,Infection,4,2,4.0,1.23,8.8,136.5,80,81,36.5,1,Medicaid,0,1,1,2.8,0
33,1,1,Urgent,2,Orthopedic,1,3,6.8,0.96,15.7,140.0,133,93,36.3,0,Medicare,0,5,0,4.0,1
79,0,0,Emergency,3,GI,2,2,6.7,2.09,13.3,137.6,175,85,37.0,1,Medicaid,0,0,1,5.0,1
50,1,2,Elective,0,Cardiac,4,0,7.8,3.01,7.6,142.0,119,105,37.2,1,Medicaid,0,0,0,3.4,1
81,0,0,Emergency,1,Respiratory,3,2,5.9,1.43,6.1,134.5,121,91,35.8,1,Medicaid,0,4,1,4.9,1
75,1,0,Emergency,0,Cardiac,1,1,6.0,0.93,11.2,136.8,107,60,37.2,0,Medicare,0,0,1,6.4,1
80,1,1,Urgent,2,Orthopedic,4,0,6.2,1.46,7.8,143.1,135,105,36.5,1,Medicaid,1,0,0,6.4,1
47,1,1,Urgent,3,GI,2,3,9.7,0.7,15.0,138.2,154,99,37.4,0,Medicare,0,1,0,1.7,0
88,1,0,Emergency,3,GI,1,1,8.1,0.62,11.1,132.4,121,63,37.6,1,Medicaid,0,2,1,3.7,1
73,1,0,Emergency,5,Infection,3,3,5.0,1.12,2.9,144.7,102,103,36.9,1,Medicaid,1,1,1,7.9,2
43,1,2,Elective,2,Orthopedic,3,0,5.5,2.05,4.0,139.1,149,87,37.6,3,Self-Pay,1,0,0,6.8,1
31,0,1,Urgent,1,Respiratory,2,2,6.3,2.19,5.2,140.7,114,60,36.5,0,Medicare,0,0,0,4.1,1
55,1,0,Emergency,1,Respiratory,4,1,4.9,1.39,6.1,134.9,129,91,37.2,3,Self-Pay,0,0,1,2.2,0
55,0,1,Urgent,4,Neurological,4,1,4.0,1.59,8.8,135.8,162,79,36.3,1,Medicaid,1,1,0,5.4,1
50,1,0,Emergency,0,Cardiac,1,2,5.3,1.29,10.8,136.9,131,73,37.8,3,Self-Pay,1,3,1,4.4,1
92,0,0,Emergency,3,GI,4,2,4.9,1.11,4.6,134.7,149,67,36.8,0,Medicare,1,3,1,6.6,1
62,0,2,Elective,0,Cardiac,5,2,9.3,0.68,4.2,136.4,145,84,36.8,1,Medicaid,1,1,0,6.9,1
72,1,0,Emergency,1,Respiratory,9,2,6.7,1.99,5.2,134.0,116,96,36.5,2,Private,0,0,1,6.0,1
55,0,0,Emergency,3,GI,3,1,4.0,0.96,7.4,130.5,83,96,38.7,1,Medicaid,0,0,1,5.0,1
56,1,2,Elective,2,Orthopedic,4,1,5.9,1.68,11.1,132.5,160,82,36.3,0,Medicare,1,0,0,3.8,1
39,0,2,Elective,2,Orthopedic,4,2,7.3,1.14,5.2,134.5,115,82,37.0,0,Medicare,0,3,0,3.5,1
23,1,0,Emergency,3,GI,5,0,7.8,0.76,10.7,136.2,149,91,37.0,0,Medicare,0,5,1,2.6,0
50,1,0,Emergency,1,Respiratory,6,5,6.9,0.8,7.0,136.1,137,98,36.4,2,Private,0,1,1,5.9,1
75,1,2,Elective,1,Respiratory,6,3,7.4,0.9,5.9,139.2,140,75,36.1,2,Private,1,1,0,5.5,1
18,0,0,Emergency,3,GI,6,3,6.2,1.22,7.7,143.8,111,64,36.7,2,Private,0,0,1,3.0,0
60,0,1,Urgent,2,Orthopedic,3,0,6.3,1.98,8.1,136.5,105,74,37.6,0,Medicare,0,1,0,3.0,0
81,1,1,Urgent,0,Cardiac,4,1,12.4,1.6,14.5,135.4,105,51,37.9,2,Private,0,1,0,5.9,1
75,0,0,Emergency,3,GI,6,0,5.4,0.81,10.4,142.9,138,68,37.4,0,Medicare,1,1,1,8.8,2
46,0,1,Urgent,3,GI,3,0,4.2,0.64,4.9,138.0,109,95,35.8,1,Medicaid,0,1,0,3.7,1
50,1,1,Urgent,0,Cardiac,4,3,5.7,1.57,14.7,137.7,161,77,37.0,1,Medicaid,0,0,0,4.6,1
50,1,0,Emergency,4,Neurological,1,1,6.3,2.78,13.7,141.5,174,94,38.8,0,Medicare,0,2,1,6.8,1
39,0,2,Elective,2,Orthopedic,3,2,4.0,1.79,5.2,134.5,121,99,37.1,2,Private,0,0,0,3.8,1
71,0,0,Emergency,0,Cardiac,1,1,7.4,2.9,5.0,135.8,117,89,36.3,2,Private,0,3,1,5.0,1
41,0,1,Urgent,3,GI,5,0,5.4,0.93,6.8,137.6,164,108,36.6,1,Medicaid,0,2,0,3.9,1
65,1,1,Urgent,3,GI,2,4,4.0,1.16,4.5,144.4,104,104,36.8,1,Medicaid,0,0,0,2.6,0
53,0,1,Urgent,5,Infection,5,2,6.5,2.11,11.6,130.2,138,101,37.8,0,Medicare,0,0,0,6.5,1
30,1,0,Emergency,4,Neurological,3,3,5.0,0.56,11.5,138.5,183,93,36.7,2,Private,1,1,1,7.7,2
60,0,1,Urgent,1,Respiratory,1,0,8.3,1.38,9.9,134.7,135,103,38.2,2,Private,0,0,0,3.3,1
82,0,0,Emergency,0,Cardiac,3,1,4.7,1.34,7.9,131.6,131,82,36.9,1,Medicaid,0,1,1,5.1,1
50,1,1,Urgent,4,Neurological,1,3,5.5,2.18,10.0,135.3,130,106,37.4,0,Medicare,0,2,0,5.7,1
66,0,2,Elective,4,Neurological,4,2,7.1,0.75,7.8,138.0,144,91,36.4,3,Self-Pay,0,4,0,4.1,1
72,1,2,Elective,0,Cardiac,3,5,5.8,1.05,7.5,138.1,99,75,38.0,1,Medicaid,0,1,0,5.3,1
77,1,1,Urgent,0,Cardiac,5,0,4.8,0.86,8.4,135.5,147,80,37.4,0,Medicare,0,1,0,5.3,1
74,0,0,Emergency,3,GI,1,2,4.8,1.11,9.6,140.2,104,69,39.0,1,Medicaid,1,1,1,7.5,2
82,1,0,Emergency,4,Neurological,7,0,8.7,0.67,10.6,131.0,107,81,37.2,0,Medicare,0,0,1,6.8,1
68,0,0,Emergency,0,Cardiac,3,5,5.5,1.47,5.3,135.9,111,73,36.6,2,Private,0,2,1,5.9,1
82,0,1,Urgent,3,GI,3,0,4.3,1.25,8.4,141.2,124,83,37.3,1,Medicaid,0,1,0,4.4,1
54,0,0,Emergency,1,Respiratory,4,6,6.0,1.03,9.1,140.4,107,100,36.7,2,Private,0,0,1,7.4,2
74,1,2,Elective,1,Respiratory,2,0,6.2,1.32,8.8,146.6,124,70,38.3,2,Private,0,1,0,2.2,0
55,0,2,Elective,1,Respiratory,4,2,7.5,1.42,2.4,141.0,131,88,35.0,2,Private,0,1,0,2.8,0
81,1,0,Emergency,2,Orthopedic,2,2,4.2,2.27,8.5,132.6,153,69,37.4,2,Private,1,0,1,7.4,2
77,1,1,Urgent,4,Neurological,1,3,9.6,1.11,7.5,142.0,112,84,37.5,0,Medicare,0,0,0,4.5,1
63,0,2,Elective,2,Orthopedic,2,3,5.5,2.12,6.0,136.2,142,61,36.5,1,Medicaid,0,3,0,4.9,1
67,0,0,Emergency,1,Respiratory,2,1,9.6,0.81,11.1,144.1,116,58,38.1,2,Private,1,2,1,7.6,2
74,1,1,Urgent,5,Infection,3,5,6.9,0.88,11.9,143.1,124,95,37.7,1,Medicaid,1,1,0,6.2,1
36,1,0,Emergency,0,Cardiac,1,3,7.5,2.39,10.1,132.2,135,68,37.4,0,Medicare,0,2,1,3.8,1
64,1,0,Emergency,4,Neurological,5,0,8.0,2.01,4.9,139.1,146,94,35.7,0,Medicare,1,0,1,9.9,2
20,1,1,Urgent,4,Neurological,1,1,5.8,0.54,5.5,137.0,134,104,36.4,1,Medicaid,1,1,0,4.7,1
41,0,2,Elective,1,Respiratory,2,4,4.1,0.43,13.8,136.7,127,64,38.8,2,Private,1,2,0,5.3,1
79,1,0,Emergency,0,Cardiac,5,3,7.8,2.29,13.6,145.1,116,91,37.2,0,Medicare,0,0,1,8.7,2
33,1,1,Urgent,5,Infection,3,2,10.4,1.1,11.2,138.5,107,67,38.3,0,Medicare,0,1,0,2.0,0
67,1,0,Emergency,3,GI,4,2,6.5,0.88,5.8,141.8,169,101,36.1,1,Medicaid,0,0,1,4.7,1
69,1,2,Elective,0,Cardiac,2,4,6.6,1.31,11.4,140.6,132,94,36.4,1,Medicaid,1,0,0,7.3,2
47,1,2,Elective,5,Infection,5,1,7.1,0.89,13.7,137.2,153,86,36.8,2,Private,1,2,0,7.5,2
74,1,0,Emergency,1,Respiratory,2,2,4.0,1.16,16.8,138.9,132,109,37.5,0,Medicare,0,0,1,5.0,1
83,1,2,Elective,1,Respiratory,3,0,8.6,1.02,5.3,131.5,97,96,38.0,0,Medicare,1,0,0,3.9,1
55,0,0,Emergency,3,GI,1,2,4.3,0.98,16.5,136.1,161,83,36.8,2,Private,1,0,1,6.3,1
37,1,0,Emergency,3,GI,5,2,9.2,0.49,2.4,137.6,107,94,38.7,3,Self-Pay,0,1,1,5.2,1
31,0,1,Urgent,1,Respiratory,4,4,7.0,0.73,14.1,137.5,135,89,37.7,1,Medicaid,0,0,0,5.0,1
78,0,0,Emergency,0,Cardiac,2,0,8.8,1.91,7.4,137.3,80,77,36.9,2,Private,1,0,1,7.6,2
18,0,1,Urgent,3,GI,1,3,4.0,1.64,11.3,135.4,146,92,37.2,0,Medicare,0,1,0,3.7,1
50,0,1,Urgent,3,GI,3,3,8.1,1.28,5.1,137.1,132,101,37.1,1,Medicaid,1,2,0,6.3,1
74,0,0,Emergency,5,Infection,4,1,6.8,1.67,12.8,132.1,116,76,37.2,1,Medicaid,0,3,1,5.0,1
69,1,0,Emergency,2,Orthopedic,6,1,6.1,1.2,5.9,145.8,148,102,36.7,0,Medicare,0,1,1,3.3,1
80,0,1,Urgent,3,GI,3,0,8.6,0.54,5.8,132.8,127,85,36.9,2,Private,0,1,0,3.5,1
31,1,0,Emergency,0,Cardiac,3,2,7.9,0.7,13.4,136.6,122,47,36.9,1,Medicaid,1,3,1,9.3,2
48,0,0,Emergency,5,Infection,3,2,6.8,1.45,4.3,140.4,139,68,36.9,1,Medicaid,0,1,1,6.5,1
61,0,0,Emergency,1,Respiratory,3,0,4.0,0.53,6.3,143.2,114,89,37.4,0,Medicare,0,2,1,6.7,1
28,0,2,Elective,3,GI,1,2,5.9,0.81,14.0,143.3,114,90,37.5,2,Private,0,0,0,4.4,1
50,0,2,Elective,5,Infection,2,2,8.1,0.84,10.3,138.7,131,92,37.4,0,Medicare,0,7,0,4.1,1
50,1,0,Emergency,4,Neurological,3,4,5.4,1.3,11.3,134.2,120,79,37.5,1,Medicaid,1,1,1,6.5,1
32,1,0,Emergency,3,GI,4,1,7.0,1.06,7.3,143.5,145,117,37.1,2,Private,1,3,1,5.1,1
49,0,1,Urgent,3,GI,3,4,7.7,1.26,4.3,137.5,147,99,37.0,2,Private,0,0,0,1.0,0
37,1,2,Elective,5,Infection,1,0,8.8,1.44,8.5,132.5,162,94,36.0,0,Medicare,0,2,0,5.3,1
30,1,0,Emergency,4,Neurological,3,3,6.9,1.36,7.1,137.9,131,81,36.6,1,Medicaid,0,2,1,6.5,1
69,0,2,Elective,3,GI,4,2,4.8,1.71,7.1,136.7,129,56,37.3,1,Medicaid,0,2,0,3.6,1
27,0,1,Urgent,3,GI,5,2,8.7,1.25,8.3,134.8,101,109,36.8,2,Private,0,0,0,3.0,0
50,1,2,Elective,0,Cardiac,6,0,6.1,0.74,10.2,138.7,127,75,36.5,3,Self-Pay,0,1,0,6.5,1
72,0,0,Emergency,2,Orthopedic,1,2,7.4,0.66,6.5,129.6,84,86,39.5,2,Private,0,2,1,4.4,1
50,1,2,Elective,1,Respiratory,2,1,5.3,1.39,10.6,131.9,137,100,37.8,2,Private,0,2,0,4.2,1
77,1,0,Emergency,2,Orthopedic,2,1,4.2,1.11,13.2,138.3,105,86,37.7,0,Medicare,1,1,1,4.3,1
50,1,2,Elective,3,GI,2,2,4.3,1.15,10.7,135.5,85,96,36.4,1,Medicaid,1,2,0,4.7,1
73,0,1,Urgent,0,Cardiac,7,2,9.1,0.86,13.7,137.4,122,64,37.0,2,Private,0,2,0,4.3,1
65,1,1,Urgent,0,Cardiac,4,3,6.4,1.13,12.5,144.6,127,74,36.4,1,Medicaid,0,2,0,3.5,1
84,0,2,Elective,1,Respiratory,2,1,7.8,0.59,12.3,138.4,103,91,36.9,2,Private,1,2,0,7.5,2
39,1,1,Urgent,1,Respiratory,3,3,10.2,0.62,6.9,131.8,143,83,37.3,2,Private,0,0,0,3.2,1
67,1,1,Urgent,2,Orthopedic,2,4,8.2,4.34,12.4,141.3,80,85,37.5,0,Medicare,0,0,0,4.9,1
67,0,0,Emergency,5,Infection,3,2,9.9,0.44,9.0,137.2,174,65,37.5,1,Medicaid,1,1,1,7.0,1
40,1,2,Elective,3,GI,2,1,4.6,0.73,14.2,143.7,136,99,37.1,1,Medicaid,0,2,0,1.8,0
61,0,2,Elective,1,Respiratory,1,2,6.5,0.68,14.8,138.7,105,87,36.9,0,Medicare,0,1,0,4.9,1
76,0,0,Emergency,0,Cardiac,1,3,4.9,0.68,12.1,140.7,109,91,36.8,0,Medicare,1,2,1,7.3,2
54,1,1,Urgent,3,GI,5,2,4.6,0.94,9.8,141.1,126,76,37.2,1,Medicaid,0,2,0,5.2,1
61,1,2,Elective,3,GI,3,2,5.4,0.64,10.3,136.6,121,96,37.4,1,Medicaid,0,0,0,3.3,1
50,1,1,Urgent,2,Orthopedic,6,4,5.2,1.59,9.8,132.2,116,67,37.7,2,Private,0,1,0,2.6,0
68,0,2,Elective,0,Cardiac,1,2,5.4,1.2,6.2,144.2,139,88,36.9,0,Medicare,0,1,0,2.8,0
74,1,2,Elective,0,Cardiac,3,3,6.7,1.42,5.7,140.9,154,72,37.1,2,Private,1,1,0,6.7,1
36,0,2,Elective,1,Respiratory,4,2,7.1,1.3,11.3,139.7,106,63,36.2,2,Private,0,0,0,4.1,1
58,1,1,Urgent,2,Orthopedic,4,3,8.3,0.85,6.6,135.2,112,68,36.8,2,Private,0,3,0,6.6,1
50,1,2,Elective,4,Neurological,2,2,7.5,0.81,9.9,133.7,121,86,38.1,0,Medicare,0,2,0,6.0,1
37,1,2,Elective,4,Neurological,1,4,10.0,2.1,7.7,136.9,145,96,35.4,2,Private,0,0,0,4.0,1
40,1,2,Elective,2,Orthopedic,3,1,10.3,1.22,5.6,142.7,131,62,37.1,0,Medicare,1,0,0,4.9,1
81,1,0,Emergency,4,Neurological,3,1,5.6,1.23,6.6,141.5,134,129,37.1,1,Medicaid,0,2,1,6.0,1
85,1,0,Emergency,5,Infection,4,3,7.0,1.21,16.8,130.7,135,81,36.7,1,Medicaid,0,0,1,5.6,1
57,1,1,Urgent,3,GI,2,0,6.5,1.21,6.6,141.2,120,81,35.8,0,Medicare,0,3,0,2.0,0
78,1,1,Urgent,4,Neurological,6,0,4.7,0.6,6.7,133.0,166,73,37.1,2,Private,0,2,0,7.0,1
54,1,0,Emergency,5,Infection,4,3,8.2,1.37,5.8,137.6,145,70,37.8,0,Medicare,0,1,1,7.8,2
34,1,0,Emergency,1,Respiratory,5,1,8.0,3.68,9.7,136.9,94,70,37.7,0,Medicare,0,0,1,6.7,1
68,1,0,Emergency,0,Cardiac,3,3,7.8,1.2,8.1,149.5,167,105,37.1,0,Medicare,0,1,1,4.9,1
74,0,2,Elective,5,Infection,1,0,8.2,2.53,3.0,131.5,104,86,38.2,2,Private,0,1,0,5.9,1
35,0,2,Elective,2,Orthopedic,1,3,5.4,1.24,14.3,134.1,139,68,37.5,0,Medicare,0,2,0,1.9,0
89,1,2,Elective,4,Neurological,3,3,8.9,1.33,1.5,129.4,118,93,35.7,0,Medicare,0,2,0,4.1,1
72,1,0,Emergency,4,Neurological,3,2,8.8,1.34,5.7,140.1,179,94,37.5,1,Medicaid,0,0,1,5.3,1
88,1,0,Emergency,1,Respiratory,6,2,4.0,0.49,7.9,145.1,133,104,38.2,2,Private,0,1,1,7.1,2
80,0,0,Emergency,2,Orthopedic,1,2,5.7,0.59,11.7,142.3,115,54,37.2,2,Private,0,0,1,4.5,1
34,0,0,Emergency,2,Orthopedic,3,2,7.4,1.07,6.7,131.0,143,95,36.8,0,Medicare,0,0,1,4.6,1
75,1,1,Urgent,1,Respiratory,6,1,11.7,2.53,6.6,138.7,110,105,37.6,2,Private,1,2,0,8.8,2
53,1,0,Emergency,0,Cardiac,5,1,7.0,0.94,9.5,142.1,121,74,36.7,0,Medicare,0,0,1,5.0,1
66,0,0,Emergency,2,Orthopedic,2,1,7.1,1.47,7.3,136.7,168,122,36.3,3,Self-Pay,0,2,1,5.8,1
67,1,0,Emergency,0,Cardiac,4,0,6.0,0.76,4.3,133.2,115,89,36.6,2,Private,0,0,1,3.8,1
53,1,0,Emergency,1,Respiratory,2,2,6.4,1.78,13.2,141.7,162,68,37.0,2,Private,0,1,1,4.7,1
34,0,0,Emergency,0,Cardiac,2,1,9.3,0.6,11.1,139.3,117,81,37.5,0,Medicare,0,1,1,4.4,1
86,0,1,Urgent,3,GI,1,3,6.7,1.89,12.1,143.6,137,86,38.1,2,Private,1,1,0,7.2,2
24,0,0,Emergency,5,Infection,3,2,9.2,1.14,9.6,141.2,130,94,37.6,0,Medicare,0,4,1,7.7,2
50,0,1,Urgent,3,GI,2,2,6.1,1.07,8.6,151.1,124,52,35.0,1,Medicaid,0,2,0,3.9,1
19,1,0,Emergency,2,Orthopedic,6,0,7.2,1.59,13.9,141.9,166,93,37.0,2,Private,0,5,1,3.7,1
38,0,1,Urgent,5,Infection,5,1,4.0,2.13,6.4,137.0,101,92,35.3,0,Medicare,0,1,0,6.7,1
63,0,2,Elective,0,Cardiac,3,2,5.5,0.58,10.8,132.3,123,70,37.1,0,Medicare,0,1,0,3.4,1
41,1,1,Urgent,1,Respiratory,4,2,6.0,1.58,9.6,135.3,107,99,37.2,0,Medicare,0,0,0,4.6,1
82,1,1,Urgent,1,Respiratory,5,1,6.4,0.55,9.4,137.8,104,76,37.2,0,Medicare,0,0,0,6.0,1
80,1,2,Elective,1,Respiratory,4,1,6.3,0.86,3.8,139.6,112,76,38.8,0,Medicare,0,2,0,4.2,1
50,0,0,Emergency,1,Respiratory,4,2,6.2,0.4,5.6,142.3,143,97,37.4,0,Medicare,0,0,1,6.0,1
66,1,0,Emergency,1,Respiratory,1,3,8.8,1.03,15.5,131.1,95,75,36.4,1,Medicaid,1,0,1,7.0,1
78,1,0,Emergency,1,Respiratory,4,2,5.7,1.27,11.1,144.1,137,90,37.1,3,Self-Pay,1,0,1,4.9,1
57,1,0,Emergency,2,Orthopedic,2,1,7.7,1.79,4.9,135.9,115,82,36.9,0,Medicare,0,2,1,3.6,1
66,1,1,Urgent,1,Respiratory,5,5,6.6,1.34,3.0,134.5,153,93,36.4,0,Medicare,0,3,0,4.5,1
33,1,0,Emergency,3,GI,2,2,5.9,1.19,5.0,145.4,122,82,38.1,2,Private,0,0,1,3.6,1
80,1,2,Elective,2,Orthopedic,5,1,10.4,1.76,5.9,132.3,126,71,38.1,0,Medicare,0,0,0,3.4,1
76,1,0,Emergency,0,Cardiac,6,1,7.6,2.13,11.3,133.0,131,63,37.2,2,Private,0,1,1,6.0,1
62,0,2,Elective,4,Neurological,3,3,6.3,1.86,2.4,134.5,122,82,38.7,1,Medicaid,0,1,0,4.6,1
77,0,2,Elective,2,Orthopedic,3,2,7.6,2.97,14.7,137.0,105,84,36.9,1,Medicaid,0,0,0,4.9,1
55,0,2,Elective,0,Cardiac,2,2,7.6,0.91,10.5,143.3,133,96,37.6,1,Medicaid,0,1,0,6.8,1
69,0,2,Elective,0,Cardiac,5,1,6.3,2.07,13.2,142.7,129,93,37.5,2,Private,0,0,0,6.5,1
50,0,0,Emergency,4,Neurological,2,1,4.7,0.6,9.3,143.0,140,83,38.0,1,Medicaid,0,0,1,4.1,1
69,1,1,Urgent,3,GI,1,3,5.8,0.66,8.4,137.8,121,74,38.3,3,Self-Pay,1,0,0,5.6,1
56,0,0,Emergency,2,Orthopedic,4,3,4.0,1.15,7.1,137.5,104,66,36.9,0,Medicare,1,2,1,6.7,1
81,1,2,Elective,1,Respiratory,4,4,5.4,0.94,7.3,139.0,106,75,37.4,2,Private,0,1,0,4.7,1
73,1,0,Emergency,2,Orthopedic,5,2,7.7,1.6,10.0,139.7,128,92,38.8,0,Medicare,1,3,1,7.5,2
58,0,0,Emergency,3,GI,3,1,7.0,1.43,10.0,138.7,111,100,36.3,0,Medicare,1,1,1,8.0,2
77,1,2,Elective,5,Infection,1,2,6.0,2.36,4.8,141.2,128,51,38.2,2,Private,0,1,0,6.5,1
74,0,0,Emergency,3,GI,1,0,7.4,1.48,1.5,140.0,154,74,37.0,3,Self-Pay,0,1,1,4.4,1
94,1,0,Emergency,1,Respiratory,7,1,8.2,1.44,8.0,138.7,101,65,37.1,0,Medicare,0,2,1,6.5,1
80,1,0,Emergency,0,Cardiac,1,4,6.7,0.7,14.0,135.7,113,95,36.2,0,Medicare,0,1,1,5.7,1
85,0,1,Urgent,0,Cardiac,1,3,6.0,1.04,7.7,141.8,147,85,36.4,2,Private,0,2,0,4.3,1
61,1,1,Urgent,3,GI,4,1,6.1,1.76,1.5,135.8,86,78,37.1,0,Medicare,0,1,0,3.5,1
69,1,1,Urgent,0,Cardiac,2,2,4.9,4.36,10.7,138.5,137,57,36.4,3,Self-Pay,0,3,0,6.3,1
50,0,2,Elective,2,Orthopedic,6,1,8.0,0.8,8.1,134.4,157,81,37.6,0,Medicare,0,0,0,3.7,1
76,1,0,Emergency,3,GI,5,1,10.2,1.97,5.9,134.8,142,59,37.6,1,Medicaid,0,2,1,5.6,1
78,1,1,Urgent,1,Respiratory,1,3,4.2,1.17,1.6,131.4,115,92,37.4,0,Medicare,0,1,0,5.1,1
32,0,1,Urgent,3,GI,2,3,5.5,1.23,10.3,135.0,145,79,36.8,0,Medicare,1,4,0,5.2,1
54,1,1,Urgent,3,GI,1,4,7.1,0.8,11.7,137.4,127,89,36.3,2,Private,1,2,0,4.4,1
79,0,0,Emergency,2,Orthopedic,6,1,6.0,0.94,8.1,136.6,136,119,37.5,0,Medicare,0,1,1,4.3,1
52,1,0,Emergency,5,Infection,3,2,7.6,1.12,5.3,142.0,169,70,37.0,1,Medicaid,1,2,1,8.4,2
19,0,0,Emergency,3,GI,2,0,4.9,1.73,1.5,135.9,151,80,37.2,0,Medicare,0,1,1,4.5,1
33,1,0,Emergency,1,Respiratory,7,0,4.0,2.29,17.9,139.1,80,62,37.7,3,Self-Pay,1,1,1,7.3,2
72,1,0,Emergency,4,Neurological,1,1,8.2,0.94,8.8,138.9,134,83,37.3,0,Medicare,0,1,1,4.0,1
74,0,0,Emergency,4,Neurological,2,2,7.9,0.91,11.2,137.1,116,64,36.9,1,Medicaid,0,3,1,6.2,1
42,0,0,Emergency,4,Neurological,6,2,8.0,1.63,8.4,136.9,104,64,39.0,2,Private,0,1,1,5.5,1
31,0,0,Emergency,3,GI,2,2,10.0,1.04,8.6,139.5,115,81,36.6,0,Medicare,0,0,1,1.8,0
63,1,2,Elective,1,Respiratory,2,3,5.6,1.88,8.3,133.6,143,85,36.1,2,Private,0,1,0,4.1,1
64,0,2,Elective,1,Respiratory,1,2,9.8,1.55,10.5,141.4,133,51,37.2,0,Medicare,0,0,0,1.8,0
63,1,0,Emergency,3,GI,2,4,9.2,0.89,11.7,135.6,132,65,37.0,2,Private,0,2,1,4.0,1
36,1,1,Urgent,0,Cardiac,3,3,6.0,1.76,10.9,139.8,179,59,37.4,2,Private,1,1,0,7.5,2
23,1,2,Elective,4,Neurological,5,1,4.4,1.45,12.5,137.9,125,83,36.3,0,Medicare,0,2,0,3.8,1
58,0,1,Urgent,1,Respiratory,2,2,4.7,1.05,10.2,143.6,129,70,35.8,0,Medicare,0,2,0,3.1,1
89,0,2,Elective,3,GI,4,0,7.7,1.43,8.8,139.1,92,98,38.1,0,Medicare,0,1,0,1.0,0
75,1,0,Emergency,2,Orthopedic,2,1,4.6,0.74,9.1,144.6,139,85,37.7,0,Medicare,1,0,1,5.7,1
64,1,2,Elective,2,Orthopedic,4,1,6.9,0.97,8.3,139.0,139,96,37.7,0,Medicare,0,1,0,2.0,0
68,1,1,Urgent,4,Neurological,2,0,6.1,1.66,11.9,139.9,150,88,36.4,2,Private,1,2,0,9.1,2
58,1,0,Emergency,3,GI,5,3,7.0,1.03,2.5,134.2,106,112,37.0,3,Self-Pay,0,3,1,6.7,1
72,0,2,Elective,1,Respiratory,6,7,8.2,1.42,10.5,140.4,120,77,37.2,3,Self-Pay,0,0,0,5.3,1
23,1,2,Elective,0,Cardiac,1,1,7.2,0.6,8.4,141.2,118,61,38.5,1,Medicaid,0,0,0,3.5,1
84,0,0,Emergency,4,Neurological,3,2,8.1,1.13,9.0,133.6,137,63,36.7,0,Medicare,1,2,1,9.2,2
26,0,2,Elective,5,Infection,4,2,10.0,1.3,10.1,133.0,133,95,37.8,2,Private,0,0,0,3.4,1
67,1,0,Emergency,0,Cardiac,3,1,4.0,0.88,10.0,145.7,126,81,36.4,0,Medicare,0,2,1,5.6,1
74,0,1,Urgent,1,Respiratory,5,3,7.0,1.22,11.6,138.7,125,83,37.3,1,Medicaid,1,2,0,7.2,2
78,1,0,Emergency,1,Respiratory,6,3,6.4,1.28,8.8,139.4,122,94,38.3,1,Medicaid,1,0,1,6.5,1
43,1,0,Emergency,5,Infection,5,1,6.5,0.73,8.2,143.1,129,98,38.0,1,Medicaid,1,0,1,9.1,2
74,1,2,Elective,0,Cardiac,4,3,4.0,0.4,7.7,137.8,111,59,37.2,0,Medicare,0,2,0,4.7,1
70,0,0,Emergency,0,Cardiac,4,3,6.9,0.77,7.6,134.8,109,60,36.1,0,Medicare,1,1,1,8.0,2
74,0,0,Emergency,0,Cardiac,3,1,5.6,0.45,5.8,136.2,130,78,36.8,0,Medicare,0,1,1,6.1,1
57,0,0,Emergency,4,Neurological,2,4,7.8,1.61,14.5,141.6,124,75,36.5,0,Medicare,1,0,1,7.2,2
79,0,0,Emergency,5,Infection,2,3,11.1,1.93,7.5,132.2,136,76,36.9,2,Private,1,2,1,8.1,2
64,1,1,Urgent,1,Respiratory,5,1,4.5,0.69,1.8,138.1,99,88,37.9,2,Private,0,1,0,4.8,1
75,1,0,Emergency,0,Cardiac,5,2,7.2,0.72,8.2,136.1,130,67,36.8,2,Private,0,0,1,3.1,1
50,0,2,Elective,3,GI,3,1,4.0,0.98,4.8,140.1,116,88,38.5,3,Self-Pay,0,2,0,3.0,0
75,1,0,Emergency,0,Cardiac,1,3,6.8,0.86,8.7,141.0,150,87,36.2,0,Medicare,1,1,1,6.9,1
63,1,0,Emergency,0,Cardiac,4,1,8.2,0.83,7.1,143.3,103,51,37.7,0,Medicare,1,2,1,7.7,2
74,0,0,Emergency,5,Infection,6,1,7.4,0.54,7.5,138.6,130,70,36.5,2,Private,0,0,1,6.7,1
18,0,1,Urgent,5,Infection,4,1,9.0,1.13,11.1,140.7,138,56,37.2,2,Private,0,1,0,5.5,1
20,0,0,Emergency,5,Infection,4,0,7.7,0.77,10.1,133.4,106,69,36.6,0,Medicare,0,1,1,4.6,1
79,1,1,Urgent,2,Orthopedic,2,1,4.0,0.57,13.0,134.9,142,89,39.0,2,Private,0,0,0,3.3,1
62,1,0,Emergency,1,Respiratory,5,1,9.9,0.93,15.1,143.2,125,67,37.3,0,Medicare,1,0,1,8.0,2
50,1,2,Elective,4,Neurological,2,5,4.0,1.23,9.7,133.8,149,84,36.1,1,Medicaid,0,0,0,4.0,1
35,0,0,Emergency,0,Cardiac,1,2,9.8,1.05,8.5,147.2,143,78,36.4,0,Medicare,0,1,1,4.9,1
46,1,2,Elective,1,Respiratory,2,1,7.7,1.46,10.3,136.1,97,64,36.4,2,Private,1,1,0,3.5,1
27,0,0,Emergency,1,Respiratory,4,3,7.2,2.78,5.9,138.2,121,81,37.7,2,Private,1,1,1,6.2,1
99,1,0,Emergency,5,Infection,2,1,9.6,1.14,6.1,139.9,151,74,36.8,0,Medicare,0,1,1,5.3,1
39,1,0,Emergency,4,Neurological,5,0,7.5,2.18,6.9,134.2,140,84,37.5,2,Private,0,1,1,5.2,1
64,0,0,Emergency,0,Cardiac,9,3,8.3,0.61,8.2,139.8,133,62,38.0,0,Medicare,0,0,1,5.5,1
37,1,1,Urgent,0,Cardiac,2,0,6.8,0.4,6.8,142.0,120,81,36.1,0,Medicare,1,0,0,5.5,1
81,1,2,Elective,4,Neurological,3,3,5.4,0.79,12.7,135.7,148,86,38.4,3,Self-Pay,1,4,0,8.5,2
81,1,0,Emergency,4,Neurological,1,1,4.6,0.97,11.1,135.0,105,113,36.3,2,Private,0,1,1,4.2,1
50,0,1,Urgent,3,GI,2,3,10.3,0.68,7.2,142.6,136,67,38.2,1,Medicaid,0,1,0,3.3,1
25,0,0,Emergency,0,Cardiac,6,0,9.2,1.53,1.5,134.1,122,77,37.1,0,Medicare,0,0,1,4.3,1
83,1,0,Emergency,2,Orthopedic,4,4,6.3,0.88,8.5,135.2,141,118,38.7,2,Private,0,4,1,6.3,1
44,1,0,Emergency,3,GI,1,4,5.4,1.07,12.0,142.0,185,87,36.8,0,Medicare,0,2,1,7.3,2
75,0,2,Elective,5,Infection,1,1,9.4,1.14,10.4,141.0,167,62,36.8,2,Private,0,1,0,4.7,1
61,1,0,Emergency,0,Cardiac,2,3,8.2,2.01,8.5,142.6,119,49,37.7,0,Medicare,0,2,1,5.0,1
72,0,2,Elective,2,Orthopedic,6,1,8.4,0.88,7.6,133.9,150,87,36.4,1,Medicaid,0,2,0,2.8,0
51,1,0,Emergency,0,Cardiac,1,1,8.9,0.93,8.3,134.0,124,74,36.2,0,Medicare,0,1,1,4.8,1
71,0,0,Emergency,2,Orthopedic,3,3,8.7,2.02,4.4,139.4,92,72,37.8,0,Medicare,1,2,1,6.3,1
26,0,0,Emergency,0,Cardiac,1,3,10.0,2.25,8.1,140.1,111,90,38.0,2,Private,0,2,1,3.7,1
58,1,0,Emergency,4,Neurological,2,0,8.0,2.25,2.2,138.8,122,70,38.1,0,Medicare,1,0,1,6.6,1
41,0,0,Emergency,1,Respiratory,2,3,4.1,2.2,3.3,142.3,133,82,37.7,1,Medicaid,0,5,1,4.8,1
50,1,0,Emergency,2,Orthopedic,4,2,5.9,0.41,9.9,138.0,116,97,36.7,2,Private,0,2,1,5.0,1
50,1,0,Emergency,2,Orthopedic,4,0,7.4,0.75,8.7,138.5,146,85,37.3,2,Private,0,2,1,2.7,0
69,0,2,Elective,5,Infection,3,1,7.1,2.92,4.6,143.0,107,102,36.4,2,Private,0,0,0,5.2,1
50,0,0,Emergency,4,Neurological,1,2,8.0,1.5,12.0,134.7,144,68,38.5,2,Private,0,1,1,5.6,1
90,1,1,Urgent,0,Cardiac,1,1,6.6,2.57,8.3,139.2,114,75,37.6,0,Medicare,0,0,0,4.3,1
65,0,0,Emergency,0,Cardiac,1,5,4.0,1.74,10.5,139.5,111,89,37.8,1,Medicaid,0,2,1,5.4,1
75,1,2,Elective,3,GI,1,2,7.0,1.47,12.3,135.5,103,73,37.6,3,Self-Pay,0,0,0,3.6,1
86,1,0,Emergency,2,Orthopedic,7,1,4.0,1.49,6.0,138.1,124,88,36.9,2,Private,0,1,1,4.2,1
33,1,0,Emergency,1,Respiratory,2,2,4.0,1.08,4.0,137.9,124,88,38.6,2,Private,1,1,1,4.9,1
51,1,2,Elective,4,Neurological,1,2,7.5,1.18,7.0,135.5,164,103,37.3,2,Private,0,1,0,4.6,1
51,0,0,Emergency,0,Cardiac,1,0,4.8,0.7,6.2,132.8,125,100,38.2,2,Private,0,1,1,4.9,1
57,1,1,Urgent,5,Infection,3,3,5.7,0.91,9.1,134.6,170,97,37.0,0,Medicare,1,0,0,9.0,2
84,1,1,Urgent,0,Cardiac,2,2,7.4,0.95,10.2,138.0,122,70,39.3,1,Medicaid,1,1,0,7.4,2
23,1,0,Emergency,0,Cardiac,4,0,5.5,1.37,7.0,136.1,131,103,37.6,3,Self-Pay,0,0,1,5.3,1
50,1,2,Elective,1,Respiratory,5,3,7.2,1.61,11.8,132.5,108,74,36.9,0,Medicare,0,2,0,5.5,1
74,1,2,Elective,2,Orthopedic,1,4,8.7,1.78,15.0,144.7,124,88,36.4,1,Medicaid,1,0,0,4.7,1
61,0,2,Elective,0,Cardiac,5,5,5.0,2.74,3.6,138.3,83,122,38.0,0,Medicare,1,1,0,8.4,2
90,0,2,Elective,4,Neurological,3,1,5.5,1.78,5.7,137.7,102,97,37.1,2,Private,0,0,0,2.3,0
55,1,1,Urgent,1,Respiratory,1,3,7.6,1.66,8.0,132.1,143,85,36.2,1,Medicaid,0,1,0,3.5,1
56,0,0,Emergency,0,Cardiac,4,3,5.7,0.64,6.2,142.0,179,48,36.9,0,Medicare,0,0,1,4.4,1
28,0,2,Elective,5,Infection,1,0,7.6,0.56,10.4,144.2,115,110,37.0,0,Medicare,0,3,0,3.5,1
72,0,0,Emergency,5,Infection,7,1,7.4,1.37,5.4,139.3,145,102,36.5,3,Self-Pay,0,1,1,4.8,1
69,0,0,Emergency,3,GI,4,2,5.9,1.01,6.6,136.6,114,74,38.2,0,Medicare,0,3,1,5.9,1
69,0,1,Urgent,4,Neurological,2,2,8.9,1.24,13.9,137.8,118,85,36.7,2,Private,0,0,0,5.6,1
83,1,2,Elective,0,Cardiac,2,3,4.3,0.71,13.5,136.6,135,74,36.8,2,Private,0,1,0,4.4,1
80,0,0,Emergency,1,Respiratory,3,2,7.6,1.17,13.2,135.7,103,84,37.1,0,Medicare,0,2,1,6.0,1
46,1,2,Elective,1,Respiratory,2,1,4.0,0.93,6.1,136.8,145,91,37.6,0,Medicare,0,1,0,2.4,0
31,0,0,Emergency,5,Infection,1,1,6.7,1.43,11.4,140.1,156,97,37.2,2,Private,0,0,1,5.4,1
34,0,0,Emergency,2,Orthopedic,6,1,6.6,1.52,12.6,139.5,127,76,39.0,2,Private,0,1,1,4.5,1
74,0,2,Elective,0,Cardiac,4,0,4.3,1.34,5.3,147.7,128,100,37.2,0,Medicare,1,2,0,6.2,1
60,0,2,Elective,1,Respiratory,4,0,9.3,0.7,2.0,143.0,80,63,38.5,1,Medicaid,0,0,0,2.6,0
53,0,0,Emergency,0,Cardiac,2,2,4.5,1.09,11.2,130.0,127,79,37.7,1,Medicaid,1,0,1,7.7,2
50,1,0,Emergency,1,Respiratory,3,1,5.9,2.49,2.3,141.2,121,76,37.1,0,Medicare,0,0,1,4.4,1
78,1,0,Emergency,2,Orthopedic,3,3,8.6,0.92,6.5,149.0,102,65,37.7,2,Private,0,0,1,3.7,1
83,0,2,Elective,1,Respiratory,3,3,6.9,0.86,3.1,142.3,147,89,37.4,1,Medicaid,0,0,0,4.3,1
34,0,0,Emergency,0,Cardiac,2,3,5.8,1.65,9.1,135.2,94,72,37.7,0,Medicare,0,2,1,5.1,1
50,0,0,Emergency,0,Cardiac,3,0,5.4,0.9,15.8,141.6,144,77,36.7,0,Medicare,0,2,1,6.4,1
24,1,1,Urgent,3,GI,5,5,6.5,0.78,11.6,136.8,122,73,36.9,2,Private,0,1,0,5.7,1
80,1,0,Emergency,3,GI,4,4,5.8,0.85,14.3,133.7,163,80,36.7,1,Medicaid,0,0,1,4.2,1
74,0,0,Emergency,2,Orthopedic,4,1,6.7,1.8,10.8,138.6,164,74,38.1,0,Medicare,1,1,1,5.4,1
50,0,2,Elective,4,Neurological,1,0,5.3,1.07,3.4,143.5,147,64,38.5,1,Medicaid,1,1,0,8.4,2
23,1,2,Elective,0,Cardiac,1,3,8.1,1.67,8.7,142.8,159,102,36.9,0,Medicare,0,1,0,2.0,0
70,0,2,Elective,0,Cardiac,1,2,5.4,1.98,10.0,137.1,135,102,36.3,0,Medicare,1,1,0,7.5,2
50,1,0,Emergency,4,Neurological,1,4,4.0,0.96,10.8,135.9,166,91,36.4,2,Private,0,0,1,4.4,1
64,0,2,Elective,1,Respiratory,4,2,11.6,1.08,12.5,144.1,120,111,38.1,0,Medicare,0,0,0,4.1,1
75,1,1,Urgent,2,Orthopedic,3,3,8.3,1.05,6.2,143.0,143,100,36.8,1,Medicaid,0,2,0,2.0,0
65,1,0,Emergency,5,Infection,6,2,5.3,0.81,9.6,136.5,134,94,37.2,1,Medicaid,0,1,1,6.3,1
24,1,1,Urgent,2,Orthopedic,3,1,4.9,1.82,8.1,135.3,139,69,37.6,2,Private,1,0,0,6.1,1
39,1,0,Emergency,0,Cardiac,3,2,7.7,0.96,11.9,138.4,113,64,38.0,3,Self-Pay,0,0,1,4.2,1
72,0,1,Urgent,5,Infection,5,0,5.3,0.73,8.9,135.1,118,84,35.8,2,Private,0,1,0,5.0,1
53,1,1,Urgent,0,Cardiac,3,2,8.4,2.51,9.2,144.2,128,84,37.1,1,Medicaid,0,2,0,5.1,1
74,0,2,Elective,3,GI,3,1,7.4,1.05,9.3,137.1,130,54,37.4,0,Medicare,0,3,0,5.1,1
74,1,0,Emergency,1,Respiratory,2,2,7.0,1.13,10.3,145.1,140,71,35.9,0,Medicare,0,0,1,1.8,0
67,1,1,Urgent,2,Orthopedic,6,2,6.8,0.9,9.0,134.0,136,91,36.4,3,Self-Pay,0,2,0,4.2,1
47,0,0,Emergency,2,Orthopedic,1,1,9.1,0.69,13.4,133.8,113,61,38.0,2,Private,1,0,1,8.0,2
33,0,2,Elective,2,Orthopedic,4,2,6.1,0.59,3.2,138.3,112,94,36.3,1,Medicaid,0,0,0,2.2,0
74,1,1,Urgent,4,Neurological,4,1,6.8,1.71,12.1,138.7,129,76,38.3,1,Medicaid,1,1,0,9.7,2
73,1,0,Emergency,5,Infection,3,1,5.1,0.9,10.5,137.9,126,82,37.6,2,Private,0,0,1,5.4,1
28,1,0,Emergency,0,Cardiac,4,4,7.6,0.45,9.9,134.8,80,72,38.2,0,Medicare,0,2,1,7.3,2
46,0,1,Urgent,4,Neurological,1,3,4.9,0.8,8.1,137.1,131,91,37.3,2,Private,0,0,0,3.4,1
67,0,1,Urgent,0,Cardiac,5,1,8.7,1.02,15.3,136.0,136,96,37.5,2,Private,0,0,0,6.5,1
75,0,1,Urgent,0,Cardiac,1,2,8.9,0.83,9.0,131.4,143,81,36.5,0,Medicare,0,1,0,6.0,1
77,1,0,Emergency,5,Infection,6,2,4.0,1.45,13.4,135.9,133,91,36.6,2,Private,0,1,1,6.5,1
73,1,1,Urgent,2,Orthopedic,4,2,8.3,0.96,15.7,136.8,127,77,37.0,0,Medicare,0,3,0,4.6,1
59,1,0,Emergency,0,Cardiac,5,1,4.3,1.71,6.5,132.0,123,113,37.5,0,Medicare,0,1,1,5.5,1
52,1,1,Urgent,3,GI,1,2,5.7,1.71,8.5,141.5,172,73,37.4,0,Medicare,0,3,0,2.6,0
60,1,2,Elective,1,Respiratory,1,2,6.5,0.74,3.5,144.8,117,85,36.4,2,Private,0,0,0,1.0,0
41,1,1,Urgent,2,Orthopedic,2,3,5.7,0.84,5.2,138.2,126,96,37.3,2,Private,0,0,0,2.1,0
70,1,0,Emergency,3,GI,2,1,5.9,1.87,11.1,132.6,119,95,36.6,1,Medicaid,1,1,1,4.9,1
77,1,2,Elective,5,Infection,6,1,8.0,1.32,8.6,137.1,106,57,36.6,0,Medicare,0,1,0,4.5,1
77,0,0,Emergency,0,Cardiac,4,2,8.4,1.59,7.0,137.4,140,80,35.6,0,Medicare,0,2,1,4.9,1
77,1,1,Urgent,0,Cardiac,1,0,6.3,1.59,17.5,138.9,106,85,38.5,2,Private,0,1,0,4.8,1
50,0,1,Urgent,0,Cardiac,1,1,6.5,0.86,8.1,145.2,132,68,37.5,1,Medicaid,0,1,0,2.9,0
78,0,0,Emergency,0,Cardiac,1,3,7.6,3.57,4.5,133.7,146,73,38.2,0,Medicare,1,0,1,8.8,2
52,1,0,Emergency,5,Infection,3,2,4.6,1.81,5.8,139.3,110,103,36.0,2,Private,0,2,1,2.7,0
85,1,0,Emergency,5,Infection,3,1,6.6,0.96,9.6,141.2,111,68,36.8,0,Medicare,0,0,1,6.6,1
61,1,2,Elective,4,Neurological,2,1,6.1,1.85,10.2,141.0,158,60,36.5,0,Medicare,0,0,0,5.0,1
70,0,2,Elective,3,GI,4,1,7.0,1.1,6.5,142.5,156,113,37.0,1,Medicaid,0,1,0,3.5,1
41,1,1,Urgent,4,Neurological,2,3,4.4,1.23,6.2,138.0,123,91,37.8,2,Private,0,1,0,3.6,1
81,1,0,Emergency,0,Cardiac,1,1,7.2,0.88,6.5,137.9,144,71,37.1,1,Medicaid,0,2,1,4.3,1
50,0,2,Elective,0,Cardiac,2,2,7.0,0.78,14.4,138.7,130,103,36.9,0,Medicare,0,1,0,5.1,1
52,1,1,Urgent,1,Respiratory,2,1,10.1,1.65,13.8,138.0,80,80,37.8,0,Medicare,0,1,0,3.9,1
89,0,0,Emergency,4,Neurological,2,5,4.2,0.85,8.9,134.9,171,85,37.2,1,Medicaid,0,1,1,7.3,2
58,0,0,Emergency,2,Orthopedic,4,2,10.7,0.82,10.2,138.8,124,72,36.7,2,Private,0,1,1,4.3,1
83,1,0,Emergency,2,Orthopedic,1,3,10.0,1.01,9.5,140.0,147,122,37.9,1,Medicaid,0,0,1,4.3,1
74,0,1,Urgent,1,Respiratory,2,1,8.8,0.72,7.1,135.8,167,105,37.4,0,Medicare,0,2,0,3.7,1
65,0,1,Urgent,3,GI,1,2,5.6,1.19,11.6,139.9,132,69,35.9,2,Private,0,1,0,2.9,0
80,0,1,Urgent,5,Infection,1,1,8.3,0.92,3.2,135.1,148,79,37.9,2,Private,0,1,0,6.1,1
87,0,2,Elective,1,Respiratory,2,2,4.0,1.82,10.3,136.7,115,83,38.1,1,Medicaid,0,1,0,3.4,1
50,0,0,Emergency,3,GI,1,3,4.0,1.85,12.9,137.4,140,65,36.7,2,Private,1,0,1,6.8,1
75,0,1,Urgent,1,Respiratory,2,0,5.5,1.15,6.0,142.3,138,72,37.2,0,Medicare,0,0,0,2.9,0
81,0,0,Emergency,4,Neurological,6,2,4.7,0.8,7.5,139.2,105,78,35.3,1,Medicaid,0,3,1,6.7,1
73,0,2,Elective,2,Orthopedic,4,2,4.0,1.06,1.5,141.3,141,89,35.8,2,Private,0,3,0,3.3,1
76,0,0,Emergency,1,Respiratory,2,1,9.4,0.98,5.9,139.0,103,64,37.0,2,Private,0,1,1,4.5,1
81,0,0,Emergency,2,Orthopedic,6,1,5.2,2.37,15.1,140.0,132,65,37.8,0,Medicare,1,1,1,7.1,2
38,1,2,Elective,0,Cardiac,3,3,7.3,1.0,2.2,137.0,152,69,36.6,1,Medicaid,1,3,0,6.6,1
50,1,0,Emergency,5,Infection,2,2,11.6,1.29,6.1,138.1,140,95,36.8,0,Medicare,0,3,1,6.0,1
39,0,1,Urgent,5,Infection,5,0,6.3,1.55,14.1,142.0,137,64,37.7,1,Medicaid,1,2,0,6.6,1
50,1,2,Elective,2,Orthopedic,2,2,4.2,2.23,8.2,132.0,99,95,38.1,1,Medicaid,1,3,0,7.6,2
29,1,1,Urgent,1,Respiratory,2,1,9.9,0.99,6.6,138.0,127,40,38.0,1,Medicaid,0,1,0,1.0,0
68,1,0,Emergency,3,GI,3,4,6.2,0.6,9.5,138.7,92,79,37.9,2,Private,0,1,1,2.6,0
71,0,0,Emergency,2,Orthopedic,5,2,8.0,1.23,6.8,140.1,126,44,36.3,2,Private,0,1,1,4.6,1
73,1,2,Elective,1,Respiratory,1,2,4.0,1.94,6.7,138.8,106,79,36.6,0,Medicare,0,3,0,1.3,0
69,0,0,Emergency,0,Cardiac,5,1,7.0,1.38,9.7,138.4,165,89,36.9,0,Medicare,1,2,1,6.9,1
37,0,1,Urgent,5,Infection,1,2,6.4,0.91,7.4,133.9,108,78,36.4,2,Private,1,3,0,6.0,1
83,0,2,Elective,4,Neurological,5,1,5.8,1.0,10.0,135.9,155,86,37.2,0,Medicare,0,2,0,2.1,0
49,0,1,Urgent,4,Neurological,3,0,8.2,0.79,15.6,143.1,156,74,36.9,2,Private,0,2,0,2.9,0
24,1,2,Elective,2,Orthopedic,2,0,5.3,1.05,11.8,144.6,80,89,36.8,2,Private,0,2,0,1.1,0
39,1,0,Emergency,4,Neurological,4,1,6.0,0.79,10.0,140.8,154,89,37.1,2,Private,1,2,1,4.8,1
72,1,1,Urgent,3,GI,4,1,6.7,1.38,8.1,134.9,134,72,36.3,2,Private,0,3,0,3.5,1
60,0,1,Urgent,1,Respiratory,3,0,8.1,1.46,3.6,141.5,103,95,38.4,0,Medicare,0,0,0,3.7,1
36,0,0,Emergency,4,Neurological,2,1,6.1,1.21,13.3,140.8,125,84,37.3,3,Self-Pay,0,1,1,5.5,1
82,0,0,Emergency,5,Infection,7,4,6.2,1.72,7.8,135.0,116,82,37.9,1,Medicaid,0,0,1,7.0,1
25,0,1,Urgent,5,Infection,4,1,6.2,2.02,5.6,138.0,108,87,37.3,1,Medicaid,1,2,0,7.1,2
70,1,1,Urgent,4,Neurological,2,1,6.2,2.22,3.8,151.0,143,89,36.4,1,Medicaid,1,1,0,8.9,2
26,1,1,Urgent,4,Neurological,4,1,4.1,1.23,9.3,140.4,116,84,38.2,0,Medicare,0,2,0,3.9,1
30,1,2,Elective,3,GI,1,0,7.9,0.91,9.4,137.1,142,92,37.7,0,Medicare,0,1,0,2.3,0
59,1,1,Urgent,4,Neurological,4,1,8.0,0.43,6.7,134.2,127,104,37.1,0,Medicare,1,0,0,7.5,2
86,0,2,Elective,2,Orthopedic,1,0,4.0,0.95,11.8,138.5,125,77,37.0,0,Medicare,0,0,0,1.8,0
32,0,1,Urgent,0,Cardiac,1,4,5.7,0.65,10.0,140.9,98,67,37.3,2,Private,1,1,0,6.1,1
45,1,0,Emergency,4,Neurological,2,0,8.9,1.18,5.4,148.4,117,101,36.5,0,Medicare,0,0,1,2.8,0
59,0,0,Emergency,5,Infection,6,1,6.7,1.67,3.3,141.3,84,75,37.5,2,Private,1,3,1,8.3,2
77,1,1,Urgent,1,Respiratory,3,1,5.9,1.62,8.4,139.5,172,96,37.4,0,Medicare,0,0,0,3.7,1
68,0,2,Elective,4,Neurological,2,0,4.5,1.68,7.2,142.5,113,105,36.2,0,Medicare,0,3,0,4.5,1
50,0,0,Emergency,1,Respiratory,6,2,8.8,0.59,10.4,131.0,93,96,37.1,1,Medicaid,0,1,1,4.5,1
24,1,1,Urgent,5,Infection,4,2,5.2,0.6,11.9,132.7,132,81,36.6,1,Medicaid,0,2,0,3.4,1
39,1,0,Emergency,3,GI,3,3,7.7,2.07,13.1,138.1,130,73,36.9,2,Private,0,2,1,3.3,1
78,0,0,Emergency,3,GI,5,2,10.0,0.47,5.4,139.1,125,104,37.1,2,Private,0,0,1,2.1,0
65,1,1,Urgent,4,Neurological,2,2,6.7,1.59,7.4,128.3,148,94,37.4,0,Medicare,0,0,0,5.2,1
57,0,0,Emergency,4,Neurological,2,3,9.1,1.07,6.7,146.5,133,75,36.5,1,Medicaid,0,2,1,4.1,1
68,1,1,Urgent,5,Infection,3,1,7.3,1.0,4.8,134.8,131,111,36.7,1,Medicaid,1,1,0,8.0,2
66,0,2,Elective,5,Infection,2,0,8.3,1.27,12.1,132.7,138,59,38.3,3,Self-Pay,1,3,0,6.4,1
61,0,2,Elective,0,Cardiac,4,2,6.0,2.62,8.7,140.5,122,74,36.2,0,Medicare,1,0,0,4.7,1
62,1,0,Emergency,0,Cardiac,4,3,4.9,0.81,12.0,147.0,97,94,36.4,2,Private,1,0,1,6.6,1
64,0,1,Urgent,4,Neurological,1,4,5.7,0.97,8.5,129.9,134,74,36.8,0,Medicare,0,0,0,5.7,1
56,1,2,Elective,5,Infection,2,5,5.9,1.93,11.5,140.7,128,73,36.2,2,Private,0,0,0,6.4,1
49,1,0,Emergency,1,Respiratory,7,0,7.0,0.78,7.0,129.7,144,92,36.9,1,Medicaid,0,2,1,4.1,1
73,0,0,Emergency,0,Cardiac,4,2,7.8,1.7,4.9,138.9,133,68,37.2,0,Medicare,0,1,1,2.8,0
29,1,2,Elective,1,Respiratory,1,3,4.0,1.14,10.8,128.6,118,87,36.8,1,Medicaid,1,1,0,5.2,1
64,1,0,Emergency,1,Respiratory,3,2,6.8,0.42,4.8,134.2,134,67,35.5,0,Medicare,0,2,1,5.3,1
43,0,2,Elective,4,Neurological,4,3,7.1,1.22,6.3,138.9,137,78,37.9,0,Medicare,0,2,0,4.6,1
37,1,1,Urgent,0,Cardiac,6,2,6.6,1.21,9.8,142.0,145,85,36.8,0,Medicare,0,0,0,2.5,0
85,1,0,Emergency,0,Cardiac,6,2,4.6,1.28,7.5,141.5,166,90,36.7,2,Private,0,1,1,5.2,1
50,1,0,Emergency,5,Infection,1,3,7.2,1.59,11.9,141.4,102,64,35.7,1,Medicaid,0,1,1,4.4,1
81,1,0,Emergency,0,Cardiac,6,5,7.2,1.52,6.7,137.0,144,68,37.6,2,Private,1,1,1,7.2,2
73,1,0,Emergency,4,Neurological,2,3,8.0,1.16,3.8,136.6,101,83,37.6,3,Self-Pay,1,0,1,9.4,2
80,1,1,Urgent,1,Respiratory,2,2,6.1,1.94,8.2,139.7,122,77,37.2,1,Medicaid,0,1,0,3.0,0
50,1,1,Urgent,3,GI,3,1,7.0,0.98,1.5,137.0,115,106,37.6,1,Medicaid,0,0,0,2.2,0
42,0,1,Urgent,0,Cardiac,2,6,7.5,1.32,7.9,138.2,115,97,36.9,2,Private,0,2,0,2.8,0
52,1,0,Emergency,1,Respiratory,3,2,6.6,0.78,4.6,138.2,124,87,38.3,1,Medicaid,0,2,1,4.1,1
50,0,2,Elective,2,Orthopedic,3,1,4.1,0.46,11.5,142.1,156,76,38.0,0,Medicare,1,1,0,6.1,1
81,1,1,Urgent,4,Neurological,3,2,4.0,0.82,9.6,137.5,83,90,36.9,0,Medicare,1,4,0,7.3,2
62,1,2,Elective,3,GI,2,1,5.0,1.22,10.9,139.4,112,96,37.0,0,Medicare,0,2,0,4.4,1
20,0,2,Elective,0,Cardiac,5,2,4.0,0.56,11.9,137.6,127,86,35.6,2,Private,0,3,0,5.0,1
69,0,0,Emergency,4,Neurological,4,0,7.0,0.78,11.4,129.6,124,81,36.7,0,Medicare,0,0,1,5.2,1
76,0,0,Emergency,0,Cardiac,1,2,4.7,2.52,11.2,139.8,80,98,37.2,3,Self-Pay,0,3,1,5.6,1
18,0,2,Elective,5,Infection,2,1,5.3,1.02,11.7,134.4,131,76,37.1,0,Medicare,0,0,0,6.2,1
82,1,2,Elective,0,Cardiac,3,1,9.7,1.43,12.3,138.1,106,75,35.8,3,Self-Pay,0,1,0,5.9,1
51,1,0,Emergency,2,Orthopedic,2,0,5.8,0.79,4.6,137.3,138,90,37.8,0,Medicare,0,2,1,2.6,0
84,1,1,Urgent,0,Cardiac,4,3,8.6,0.63,11.6,139.9,131,86,40.4,2,Private,0,3,0,5.7,1
82,0,0,Emergency,3,GI,4,2,6.6,0.74,9.7,132.6,142,89,35.4,1,Medicaid,0,1,1,3.6,1
30,1,0,Emergency,2,Orthopedic,1,0,4.0,1.87,10.4,143.7,137,64,38.1,0,Medicare,0,1,1,3.4,1
36,1,1,Urgent,2,Orthopedic,2,2,6.4,1.02,14.6,139.3,115,77,38.3,2,Private,1,1,0,5.7,1
95,1,0,Emergency,0,Cardiac,4,5,4.0,1.23,10.5,137.1,139,88,37.3,1,Medicaid,0,1,1,5.7,1
77,1,2,Elective,5,Infection,5,0,6.9,0.84,8.3,138.4,154,90,37.4,0,Medicare,0,1,0,6.1,1
58,0,2,Elective,4,Neurological,4,0,4.8,1.62,2.9,142.5,139,99,37.7,3,Self-Pay,0,1,0,6.0,1
68,0,1,Urgent,3,GI,2,5,6.5,2.19,8.0,138.2,117,88,38.2,0,Medicare,0,1,0,5.1,1
68,1,0,Emergency,3,GI,3,1,5.3,3.19,10.8,137.9,101,92,38.0,0,Medicare,0,0,1,5.1,1
77,1,0,Emergency,3,GI,2,1,8.6,1.56,5.8,138.5,85,62,37.0,2,Private,0,1,1,3.3,1
78,1,0,Emergency,0,Cardiac,2,2,6.6,0.75,13.1,141.5,103,69,36.5,2,Private,0,2,1,4.6,1
43,0,1,Urgent,5,Infection,3,2,5.9,0.5,14.9,136.1,164,95,37.8,2,Private,1,1,0,9.3,2
68,1,0,Emergency,1,Respiratory,4,1,5.6,2.1,9.6,138.8,112,92,38.3,2,Private,0,0,1,3.4,1
32,0,1,Urgent,3,GI,1,4,6.9,0.51,8.3,138.9,140,60,38.2,0,Medicare,0,0,0,1.2,0
94,1,0,Emergency,3,GI,2,1,5.8,1.12,7.9,140.3,110,72,35.9,3,Self-Pay,0,1,1,3.4,1
75,1,2,Elective,3,GI,1,2,4.0,1.84,15.2,142.0,121,101,38.2,0,Medicare,0,0,0,4.3,1
32,1,2,Elective,5,Infection,2,1,5.5,2.48,13.2,138.3,104,92,37.4,0,Medicare,0,2,0,5.4,1
65,1,1,Urgent,1,Respiratory,2,4,6.5,0.78,3.7,136.1,126,78,37.7,2,Private,0,2,0,3.1,1
50,0,1,Urgent,4,Neurological,5,2,5.1,1.25,8.9,140.7,135,88,36.0,0,Medicare,0,1,0,6.4,1
59,0,0,Emergency,3,GI,5,2,6.9,1.1,15.3,131.7,109,83,37.3,0,Medicare,0,2,1,6.3,1
61,0,0,Emergency,0,Cardiac,4,0,6.7,0.84,12.0,133.7,126,74,37.3,0,Medicare,0,2,1,5.5,1
56,0,2,Elective,2,Orthopedic,5,2,4.0,2.03,5.6,133.9,150,73,37.1,0,Medicare,0,1,0,3.5,1
50,1,1,Urgent,4,Neurological,4,1,5.2,1.5,8.1,135.1,154,107,37.6,2,Private,0,1,0,6.7,1
51,0,0,Emergency,1,Respiratory,4,2,8.9,0.68,8.0,132.4,153,73,37.1,0,Medicare,1,2,1,8.5,2
26,1,1,Urgent,2,Orthopedic,1,2,7.5,1.06,5.2,141.8,138,85,35.6,3,Self-Pay,0,1,0,3.3,1
50,0,2,Elective,2,Orthopedic,1,1,7.6,0.98,16.7,136.6,171,55,36.7,3,Self-Pay,0,1,0,5.0,1
65,1,0,Emergency,3,GI,2,2,8.3,1.41,13.3,131.1,131,119,37.6,0,Medicare,0,1,1,3.9,1
31,1,0,Emergency,5,Infection,3,0,6.1,2.74,10.5,133.2,136,112,36.3,1,Medicaid,0,1,1,4.5,1
50,0,2,Elective,0,Cardiac,2,2,5.5,1.35,10.3,139.3,107,69,36.8,2,Private,0,0,0,3.9,1
72,0,1,Urgent,2,Orthopedic,9,1,8.0,1.02,13.7,131.5,149,99,38.1,0,Medicare,0,0,0,1.9,0
68,0,0,Emergency,2,Orthopedic,2,2,8.5,1.11,7.6,138.4,145,100,37.2,1,Medicaid,1,1,1,7.8,2
50,1,0,Emergency,1,Respiratory,3,3,8.7,1.39,11.9,137.9,146,74,37.7,0,Medicare,0,6,1,3.3,1
66,1,2,Elective,5,Infection,6,2,5.4,0.53,16.6,137.4,82,93,38.2,1,Medicaid,0,1,0,5.2,1
50,0,2,Elective,0,Cardiac,7,5,7.7,1.92,10.3,138.0,115,63,36.3,2,Private,0,1,0,5.0,1
52,1,0,Emergency,0,Cardiac,3,2,6.3,1.25,11.8,133.6,148,84,36.5,3,Self-Pay,0,1,1,4.8,1
99,0,0,Emergency,4,Neurological,4,0,7.8,1.1,8.6,135.9,112,91,36.7,0,Medicare,0,2,1,6.0,1
52,1,0,Emergency,1,Respiratory,5,5,6.3,0.97,7.3,132.9,138,86,37.2,0,Medicare,0,1,1,4.8,1
48,0,0,Emergency,4,Neurological,1,2,6.5,1.13,5.4,134.9,125,85,36.4,1,Medicaid,0,0,1,6.4,1
71,1,0,Emergency,4,Neurological,1,4,7.9,0.76,9.6,135.4,143,76,38.4,0,Medicare,1,0,1,7.4,2
59,1,0,Emergency,1,Respiratory,3,1,5.9,0.56,3.9,135.6,164,86,36.1,1,Medicaid,0,0,1,4.1,1
50,1,0,Emergency,0,Cardiac,1,3,5.8,1.48,6.5,136.5,107,92,37.9,2,Private,0,2,1,4.8,1
76,0,2,Elective,0,Cardiac,3,0,8.4,0.83,7.2,139.1,142,62,38.3,3,Self-Pay,0,0,0,3.8,1
32,0,0,Emergency,0,Cardiac,3,0,7.2,1.29,11.1,137.5,132,82,35.5,0,Medicare,1,2,1,6.7,1
74,1,0,Emergency,1,Respiratory,3,2,4.7,1.06,6.3,136.4,118,95,36.1,2,Private,0,2,1,2.1,0
83,0,0,Emergency,5,Infection,1,2,8.6,2.08,9.0,134.4,144,118,36.9,3,Self-Pay,1,0,1,7.0,1
50,0,1,Urgent,4,Neurological,4,2,9.1,1.44,4.3,134.5,136,118,37.5,0,Medicare,0,0,0,6.5,1
50,1,0,Emergency,0,Cardiac,3,3,7.0,1.91,9.4,139.3,120,74,36.7,2,Private,0,1,1,6.1,1
74,0,1,Urgent,5,Infection,2,1,5.9,1.64,12.3,136.6,131,89,36.6,0,Medicare,0,1,0,6.4,1
87,0,2,Elective,0,Cardiac,1,2,9.4,2.57,7.9,137.3,109,88,37.1,0,Medicare,0,0,0,4.2,1
78,1,2,Elective,3,GI,2,2,9.3,0.57,4.4,143.7,150,51,36.6,2,Private,0,2,0,3.4,1
90,1,1,Urgent,0,Cardiac,2,2,4.9,2.25,9.8,133.3,116,71,35.4,2,Private,1,1,0,8.1,2
79,0,0,Emergency,0,Cardiac,3,1,6.0,0.81,15.6,135.4,109,61,36.7,2,Private,1,1,1,8.3,2
51,1,0,Emergency,4,Neurological,1,3,6.4,0.71,8.0,143.4,154,78,36.2,1,Medicaid,1,0,1,6.6,1
54,1,1,Urgent,2,Orthopedic,2,0,9.5,0.66,9.7,137.3,95,83,37.3,2,Private,0,1,0,1.9,0
70,0,0,Emergency,3,GI,4,3,8.1,0.96,5.6,137.8,136,77,36.6,1,Medicaid,0,2,1,5.4,1
55,1,0,Emergency,2,Orthopedic,2,0,5.9,1.41,7.4,145.8,141,81,36.3,0,Medicare,1,2,1,4.3,1
82,1,2,Elective,0,Cardiac,2,2,6.5,2.17,7.0,147.7,115,74,37.1,2,Private,0,0,0,4.1,1
71,0,2,Elective,4,Neurological,5,2,6.3,0.49,10.9,142.9,121,85,36.4,1,Medicaid,1,1,0,7.6,2
52,1,2,Elective,4,Neurological,3,2,5.1,1.33,6.4,136.2,122,81,35.7,1,Medicaid,0,0,0,4.1,1
62,0,2,Elective,0,Cardiac,4,1,7.4,0.75,7.6,139.2,130,66,37.2,0,Medicare,0,0,0,2.8,0
81,1,1,Urgent,1,Respiratory,1,1,7.3,0.66,9.8,132.0,127,119,36.3,2,Private,0,1,0,2.1,0
63,1,1,Urgent,3,GI,7,4,7.6,0.91,1.9,138.4,118,87,37.6,2,Private,1,0,0,7.4,2
83,0,0,Emergency,3,GI,4,0,6.9,1.21,11.6,139.2,111,96,37.6,2,Private,0,2,1,4.0,1
91,1,2,Elective,3,GI,1,5,4.5,0.86,4.5,137.0,154,70,36.6,1,Medicaid,0,0,0,1.6,0
34,1,0,Emergency,3,GI,6,3,5.4,0.67,4.8,138.2,144,76,38.2,3,Self-Pay,0,1,1,3.6,1
35,0,1,Urgent,5,Infection,4,1,6.6,0.96,5.0,145.0,118,78,37.7,2,Private,1,2,0,8.6,2
55,1,0,Emergency,1,Respiratory,3,1,8.1,1.51,14.0,136.8,103,100,36.5,1,Medicaid,1,1,1,7.2,2
50,0,0,Emergency,3,GI,4,0,7.0,1.39,13.6,138.6,168,72,38.4,2,Private,1,1,1,7.6,2
72,1,1,Urgent,3,GI,4,3,4.3,0.92,6.2,138.6,155,73,35.0,0,Medicare,0,1,0,4.4,1
84,1,0,Emergency,3,GI,5,1,4.0,1.07,14.7,140.6,118,61,38.1,0,Medicare,0,1,1,7.7,2
67,1,1,Urgent,1,Respiratory,3,2,6.4,0.82,14.6,137.8,166,98,37.7,0,Medicare,1,4,0,6.7,1
51,1,1,Urgent,3,GI,2,4,7.2,1.29,9.4,137.2,106,58,36.7,0,Medicare,0,2,0,4.4,1
67,1,1,Urgent,3,GI,3,2,7.9,1.72,16.4,142.0,103,49,36.6,0,Medicare,0,1,0,3.3,1
18,1,0,Emergency,3,GI,4,2,9.7,0.81,13.6,137.1,160,88,36.9,2,Private,0,1,1,3.4,1
20,1,0,Emergency,0,Cardiac,2,1,8.5,0.93,8.6,136.3,121,70,37.0,0,Medicare,1,1,1,6.7,1
34,1,2,Elective,2,Orthopedic,7,1,7.6,1.5,11.0,138.9,137,91,35.9,2,Private,0,1,0,4.3,1
71,1,0,Emergency,5,Infection,2,3,5.5,3.62,6.7,137.8,118,83,37.4,2,Private,1,1,1,9.5,2
50,0,0,Emergency,5,Infection,4,2,9.1,1.58,7.9,137.6,135,65,38.1,2,Private,0,1,1,7.5,2
84,1,1,Urgent,4,Neurological,3,1,4.6,1.07,8.5,141.1,123,73,38.2,1,Medicaid,0,0,0,4.4,1
64,1,2,Elective,3,GI,1,3,8.5,0.73,5.9,135.5,146,69,36.8,3,Self-Pay,0,1,0,1.0,0
65,1,1,Urgent,0,Cardiac,4,1,9.9,1.87,9.7,134.5,136,71,37.4,0,Medicare,1,0,0,7.1,2
34,1,0,Emergency,2,Orthopedic,2,4,9.0,0.8,2.1,139.9,125,58,38.2,2,Private,0,0,1,2.6,0
77,0,2,Elective,0,Cardiac,2,1,5.8,1.06,9.5,140.6,136,77,37.2,1,Medicaid,1,2,0,5.1,1
56,0,2,Elective,4,Neurological,1,1,4.0,0.98,7.7,138.5,155,93,38.4,3,Self-Pay,0,1,0,4.7,1
34,0,2,Elective,1,Respiratory,2,2,5.2,1.12,11.6,133.6,146,116,36.4,1,Medicaid,1,2,0,4.7,1
32,1,1,Urgent,4,Neurological,3,3,6.6,0.76,7.5,147.0,157,76,36.9,3,Self-Pay,0,0,0,4.8,1
50,1,2,Elective,4,Neurological,1,3,6.0,1.78,10.0,139.8,132,82,36.0,0,Medicare,0,1,0,6.5,1
66,1,1,Urgent,5,Infection,1,4,6.9,1.41,7.9,139.7,164,75,37.7,2,Private,0,1,0,4.9,1
84,0,1,Urgent,4,Neurological,4,0,4.0,1.01,5.3,133.4,116,73,36.4,3,Self-Pay,1,1,0,8.3,2
56,1,2,Elective,3,GI,3,4,7.9,1.04,9.6,136.3,179,72,37.9,0,Medicare,0,1,0,3.4,1
62,1,2,Elective,3,GI,4,2,5.4,1.0,9.1,140.1,121,83,37.8,0,Medicare,0,0,0,4.6,1
50,1,1,Urgent,1,Respiratory,2,4,6.5,1.23,12.3,140.4,126,100,38.6,2,Private,0,1,0,4.4,1
67,0,2,Elective,0,Cardiac,2,2,5.6,0.82,14.1,136.1,157,84,37.5,2,Private,1,1,0,7.0,1
63,1,0,Emergency,0,Cardiac,4,3,7.8,0.73,16.9,145.6,126,79,37.3,2,Private,1,0,1,6.4,1
50,1,0,Emergency,0,Cardiac,1,2,5.5,1.05,10.2,140.0,108,89,36.0,0,Medicare,0,2,1,5.2,1
35,1,1,Urgent,5,Infection,4,2,4.0,1.55,10.4,135.6,141,77,37.6,1,Medicaid,0,1,0,2.8,0
62,1,1,Urgent,0,Cardiac,3,4,7.5,2.32,9.9,135.3,137,80,38.3,0,Medicare,0,1,0,7.4,2
27,1,0,Emergency,4,Neurological,3,1,4.0,1.26,6.1,134.8,134,97,38.4,0,Medicare,0,1,1,4.6,1
69,0,1,Urgent,0,Cardiac,1,0,6.2,1.67,7.7,133.8,159,100,37.0,2,Private,0,0,0,2.3,0
37,0,0,Emergency,5,Infection,3,2,8.5,1.68,10.6,137.9,100,73,37.3,1,Medicaid,0,2,1,7.8,2
38,1,1,Urgent,1,Respiratory,2,0,7.5,1.34,13.2,139.2,144,94,38.1,0,Medicare,1,1,0,6.8,1
75,0,2,Elective,2,Orthopedic,2,4,6.6,1.43,13.2,144.2,131,76,37.3,0,Medicare,0,2,0,2.2,0
51,0,1,Urgent,2,Orthopedic,4,0,6.6,0.97,8.2,141.0,109,60,37.8,2,Private,0,2,0,3.5,1
72,0,0,Emergency,4,Neurological,4,3,4.6,0.84,6.3,142.7,171,97,38.5,2,Private,0,0,1,2.9,0
50,1,2,Elective,0,Cardiac,4,1,7.2,0.76,14.1,136.0,124,77,37.6,3,Self-Pay,0,4,0,4.8,1
97,1,1,Urgent,4,Neurological,3,3,7.4,1.07,6.9,139.5,108,92,35.8,1,Medicaid,0,1,0,4.3,1
85,0,2,Elective,3,GI,4,5,6.9,1.31,4.7,138.0,139,57,38.2,2,Private,0,0,0,5.2,1
70,1,1,Urgent,1,Respiratory,6,3,6.5,0.99,9.8,133.4,123,81,36.7,1,Medicaid,0,0,0,4.4,1
37,1,2,Elective,0,Cardiac,2,3,6.2,1.14,8.0,140.6,83,70,36.4,1,Medicaid,0,2,0,5.4,1
84,0,2,Elective,4,Neurological,2,1,7.9,0.6,8.6,142.4,123,103,36.6,0,Medicare,0,1,0,4.0,1
71,0,1,Urgent,0,Cardiac,4,2,5.4,3.22,8.2,135.8,177,78,37.2,2,Private,0,0,0,5.8,1
33,1,0,Emergency,5,Infection,4,1,4.1,2.39,8.7,142.8,121,94,36.9,0,Medicare,1,0,1,9.0,2
65,1,1,Urgent,0,Cardiac,1,2,8.1,1.08,8.8,139.8,113,87,36.5,2,Private,1,1,0,4.9,1
86,0,1,Urgent,3,GI,1,1,4.1,1.32,11.0,137.1,146,74,36.3,3,Self-Pay,0,2,0,4.0,1
60,0,1,Urgent,3,GI,3,2,5.2,2.45,9.4,140.6,136,96,36.8,2,Private,0,1,0,5.2,1
77,0,0,Emergency,3,GI,2,2,7.3,1.66,8.9,144.0,124,81,37.2,2,Private,0,2,1,4.9,1
39,0,0,Emergency,1,Respiratory,8,2,7.1,0.9,10.5,145.6,90,89,38.8,0,Medicare,0,0,1,4.3,1
22,0,1,Urgent,5,Infection,3,1,6.2,1.46,11.8,138.7,93,86,38.3,1,Medicaid,0,1,0,6.1,1
32,1,2,Elective,4,Neurological,3,3,9.0,0.63,4.5,142.4,114,88,36.8,0,Medicare,1,2,0,6.3,1
56,1,2,Elective,2,Orthopedic,3,1,8.3,1.31,6.6,144.4,143,89,38.5,0,Medicare,1,4,0,5.8,1
53,1,0,Emergency,3,GI,2,2,6.3,1.33,3.4,138.2,137,92,37.2,0,Medicare,0,0,1,3.9,1
62,0,0,Emergency,3,GI,5,1,5.5,0.5,8.8,140.1,119,90,39.0,0,Medicare,1,0,1,7.2,2
29,1,0,Emergency,5,Infection,2,2,7.0,1.84,7.1,131.1,163,84,37.4,0,Medicare,0,3,1,6.5,1
28,0,0,Emergency,5,Infection,3,1,6.8,1.42,5.6,135.1,95,90,37.5,2,Private,0,3,1,9.7,2
87,1,0,Emergency,1,Respiratory,7,1,8.6,1.0,9.0,138.1,128,84,37.4,2,Private,1,2,1,5.8,1
76,1,2,Elective,1,Respiratory,4,3,6.1,1.03,5.5,131.8,112,88,36.7,1,Medicaid,0,1,0,5.6,1
59,1,2,Elective,5,Infection,2,0,8.3,1.7,10.7,135.7,125,40,38.6,0,Medicare,0,1,0,4.0,1
37,1,0,Emergency,1,Respiratory,1,1,4.1,0.89,8.7,143.1,88,61,36.9,0,Medicare,0,0,1,2.0,0
67,1,1,Urgent,5,Infection,1,4,7.1,0.88,8.0,138.0,106,94,36.9,2,Private,0,0,0,5.2,1
76,1,1,Urgent,3,GI,4,2,5.2,0.83,9.5,143.3,138,84,37.8,2,Private,0,1,0,2.6,0
50,1,2,Elective,0,Cardiac,1,0,6.5,1.66,10.8,140.5,153,57,36.0,0,Medicare,0,0,0,1.4,0
50,1,2,Elective,1,Respiratory,1,3,6.1,1.55,8.7,132.4,125,82,37.2,1,Medicaid,0,4,0,1.0,0
31,1,0,Emergency,2,Orthopedic,5,3,4.5,0.7,7.9,134.9,111,85,36.9,3,Self-Pay,1,1,1,8.1,2
18,1,0,Emergency,4,Neurological,5,2,5.2,1.24,8.3,138.1,120,100,36.0,2,Private,1,1,1,7.7,2
74,1,0,Emergency,1,Respiratory,3,1,5.7,1.32,11.7,139.8,112,83,37.0,0,Medicare,0,1,1,4.8,1
69,0,1,Urgent,1,Respiratory,3,2,9.6,1.98,3.5,139.3,127,101,37.3,0,Medicare,0,1,0,4.0,1
57,0,1,Urgent,5,Infection,2,0,5.5,0.97,8.8,136.7,122,90,37.6,3,Self-Pay,1,0,0,6.1,1
75,1,0,Emergency,0,Cardiac,6,1,4.0,0.92,13.6,136.9,121,77,36.1,1,Medicaid,0,1,1,5.9,1
42,1,2,Elective,3,GI,5,2,5.2,1.47,12.0,140.2,133,68,36.0,0,Medicare,0,4,0,2.5,0
84,0,1,Urgent,2,Orthopedic,1,1,4.0,0.91,10.0,132.2,141,81,38.0,1,Medicaid,0,1,0,2.7,0
76,1,2,Elective,0,Cardiac,3,1,4.6,1.57,11.0,134.2,124,90,38.7,2,Private,1,0,0,6.1,1
49,0,0,Emergency,0,Cardiac,4,0,4.0,1.29,16.9,139.8,121,99,36.4,1,Medicaid,0,2,1,4.4,1
76,1,0,Emergency,1,Respiratory,3,2,5.4,0.53,9.6,135.8,123,85,36.4,0,Medicare,0,1,1,5.4,1
70,0,0,Emergency,0,Cardiac,3,6,7.2,1.04,7.4,139.5,165,82,36.7,2,Private,0,1,1,5.8,1
82,1,0,Emergency,2,Orthopedic,3,4,5.8,1.28,13.4,138.5,115,54,36.4,2,Private,1,2,1,9.4,2
52,1,2,Elective,3,GI,1,0,5.9,1.6,9.6,130.3,112,95,36.9,1,Medicaid,0,0,0,2.0,0
80,0,0,Emergency,3,GI,3,2,11.1,0.93,2.7,134.8,91,98,36.5,0,Medicare,1,3,1,6.7,1
33,0,1,Urgent,2,Orthopedic,1,2,5.4,0.8,9.7,141.6,118,77,37.5,0,Medicare,0,0,0,1.4,0
43,1,0,Emergency,1,Respiratory,1,2,6.9,0.79,10.9,135.2,123,93,37.0,0,Medicare,0,3,1,3.0,0
30,1,0,Emergency,0,Cardiac,4,0,6.7,1.27,5.7,143.4,149,77,37.4,1,Medicaid,0,3,1,3.8,1
84,1,2,Elective,1,Respiratory,4,1,7.0,1.18,16.1,134.2,166,80,38.4,2,Private,0,1,0,4.4,1
76,1,2,Elective,2,Orthopedic,3,2,5.4,0.85,6.8,145.0,125,83,38.1,3,Self-Pay,0,0,0,2.9,0
65,0,0,Emergency,5,Infection,2,4,7.9,1.42,7.2,136.6,93,69,36.9,2,Private,1,0,1,7.2,2
66,1,2,Elective,0,Cardiac,3,1,8.6,1.27,12.3,141.0,115,110,37.7,0,Medicare,0,3,0,4.7,1
59,1,1,Urgent,2,Orthopedic,1,3,6.6,0.89,11.2,140.8,146,68,39.0,2,Private,0,0,0,2.8,0
52,1,0,Emergency,4,Neurological,1,2,8.6,0.9,9.7,144.3,121,66,35.8,0,Medicare,0,1,1,4.6,1
90,1,2,Elective,3,GI,3,2,7.5,2.54,10.6,138.9,145,94,37.0,2,Private,0,1,0,5.5,1
73,1,0,Emergency,5,Infection,3,2,6.8,0.44,7.7,140.7,122,85,36.9,0,Medicare,0,3,1,3.6,1
50,1,0,Emergency,0,Cardiac,3,2,4.6,0.58,7.3,136.2,143,79,37.4,0,Medicare,0,0,1,4.5,1
60,0,1,Urgent,0,Cardiac,1,4,6.3,1.06,5.1,137.2,165,75,36.7,1,Medicaid,0,2,0,4.7,1
54,0,0,Emergency,1,Respiratory,3,0,8.3,1.81,15.8,135.7,126,79,37.8,1,Medicaid,0,4,1,3.9,1
27,1,0,Emergency,0,Cardiac,3,2,5.8,0.79,4.3,136.1,122,69,38.7,0,Medicare,0,1,1,3.7,1
68,1,0,Emergency,2,Orthopedic,1,2,6.6,1.51,8.8,126.7,126,112,35.9,2,Private,0,1,1,2.1,0
70,1,2,Elective,5,Infection,2,0,4.6,0.53,4.4,137.3,118,67,37.1,3,Self-Pay,1,3,0,6.7,1
68,1,1,Urgent,3,GI,3,3,7.2,1.03,8.4,138.0,122,65,36.9,0,Medicare,0,1,0,2.5,0
77,0,0,Emergency,0,Cardiac,1,1,7.3,1.33,10.6,131.8,122,87,37.2,0,Medicare,0,1,1,3.8,1
18,1,2,Elective,0,Cardiac,2,1,10.7,1.71,9.1,141.9,116,112,36.3,0,Medicare,0,0,0,3.4,1
31,0,0,Emergency,5,Infection,5,1,6.9,1.52,15.6,134.9,149,106,37.0,1,Medicaid,0,0,1,4.2,1
52,0,1,Urgent,2,Orthopedic,2,3,7.0,0.5,10.5,138.2,140,96,37.8,0,Medicare,0,0,0,1.9,0
40,0,2,Elective,5,Infection,5,2,6.2,1.17,9.1,141.1,126,81,37.3,0,Medicare,1,1,0,6.7,1
69,1,2,Elective,4,Neurological,1,1,6.3,0.84,11.3,136.4,132,85,38.2,2,Private,0,1,0,5.4,1
60,0,1,Urgent,5,Infection,5,0,6.0,1.11,7.3,138.5,101,50,38.0,0,Medicare,0,1,0,6.4,1
50,1,1,Urgent,5,Infection,2,0,8.9,1.01,8.4,138.1,141,114,36.9,0,Medicare,0,2,0,5.8,1
60,0,0,Emergency,2,Orthopedic,2,4,5.6,1.59,4.5,139.0,117,94,37.4,1,Medicaid,0,1,1,4.4,1
55,0,1,Urgent,4,Neurological,4,2,8.6,1.15,12.3,138.5,101,113,36.1,0,Medicare,1,2,0,7.2,2
28,1,0,Emergency,2,Orthopedic,1,2,6.3,1.3,10.5,137.5,156,85,37.0,2,Private,0,2,1,5.0,1
44,1,0,Emergency,1,Respiratory,2,3,5.0,1.19,11.8,134.2,120,90,38.4,3,Self-Pay,0,0,1,5.0,1
51,0,0,Emergency,1,Respiratory,3,3,5.5,0.43,14.0,143.0,108,97,36.8,0,Medicare,0,1,1,4.1,1
36,0,0,Emergency,1,Respiratory,6,2,5.3,1.18,9.1,138.5,93,52,37.3,0,Medicare,1,1,1,6.6,1
50,1,1,Urgent,0,Cardiac,4,3,5.5,1.14,7.8,136.4,146,78,36.4,3,Self-Pay,0,0,0,4.0,1
72,0,2,Elective,0,Cardiac,2,1,4.3,1.45,10.1,132.3,124,87,36.3,2,Private,0,1,0,5.2,1
81,1,0,Emergency,2,Orthopedic,1,2,5.2,1.43,8.7,142.1,159,113,38.1,0,Medicare,0,1,1,1.6,0
81,0,0,Emergency,5,Infection,3,3,4.0,0.52,6.6,133.8,136,102,37.1,1,Medicaid,0,0,1,5.4,1
34,0,1,Urgent,3,GI,2,1,6.7,0.71,7.9,139.8,123,95,37.2,2,Private,0,2,0,1.8,0
50,0,1,Urgent,2,Orthopedic,4,2,5.5,1.2,10.5,137.2,121,85,36.5,0,Medicare,0,0,0,1.9,0
29,1,0,Emergency,1,Respiratory,3,0,6.1,1.48,6.1,140.6,133,80,37.0,0,Medicare,1,3,1,5.7,1
21,1,0,Emergency,0,Cardiac,4,2,5.0,1.01,2.9,144.3,162,64,37.1,2,Private,0,1,1,4.0,1
50,0,1,Urgent,3,GI,6,0,8.9,1.46,3.8,134.0,108,95,36.3,2,Private,0,2,0,4.4,1
70,1,2,Elective,4,Neurological,1,0,4.0,2.8,10.5,133.5,132,78,38.0,1,Medicaid,0,0,0,2.8,0
50,1,0,Emergency,1,Respiratory,4,2,8.2,1.46,8.6,139.6,132,78,37.0,1,Medicaid,0,0,1,3.3,1
71,1,0,Emergency,3,GI,4,5,4.0,2.17,9.5,142.8,119,89,36.7,3,Self-Pay,0,1,1,5.6,1
50,0,1,Urgent,3,GI,6,1,5.2,1.03,8.5,136.8,123,75,36.4,2,Private,0,1,0,3.7,1
43,0,0,Emergency,0,Cardiac,3,2,7.2,1.54,10.4,137.9,132,100,37.0,3,Self-Pay,0,2,1,4.8,1
32,1,0,Emergency,1,Respiratory,5,3,10.0,1.84,12.2,132.4,132,82,36.8,1,Medicaid,1,1,1,6.5,1
79,0,1,Urgent,4,Neurological,4,2,7.9,1.86,11.5,142.1,144,74,37.3,2,Private,0,1,0,5.0,1
71,0,2,Elective,3,GI,2,0,4.0,0.46,4.0,138.3,92,83,38.3,2,Private,1,2,0,5.7,1
84,1,0,Emergency,0,Cardiac,5,6,7.1,0.9,5.9,142.0,143,93,37.7,1,Medicaid,1,1,1,7.6,2
71,0,1,Urgent,1,Respiratory,3,2,5.0,1.71,10.4,139.2,144,71,37.3,0,Medicare,1,0,0,6.4,1
48,0,0,Emergency,3,GI,2,0,10.8,0.6,6.5,137.3,123,76,36.9,0,Medicare,0,0,1,3.9,1
86,0,2,Elective,1,Respiratory,2,2,7.1,0.8,12.7,142.1,104,93,37.8,0,Medicare,0,1,0,4.6,1
70,1,0,Emergency,4,Neurological,4,1,8.2,1.51,13.6,138.7,129,94,36.4,0,Medicare,0,0,1,3.8,1
75,0,1,Urgent,0,Cardiac,2,3,4.9,0.83,13.5,132.8,124,63,36.8,1,Medicaid,1,3,0,8.6,2
68,1,2,Elective,0,Cardiac,4,6,4.8,0.69,8.6,141.5,123,86,37.1,0,Medicare,0,1,0,3.2,1
64,1,2,Elective,1,Respiratory,4,2,6.4,2.15,10.6,143.6,92,99,36.6,0,Medicare,0,4,0,2.2,0
50,1,1,Urgent,5,Infection,1,4,5.1,0.93,8.7,135.1,130,42,37.1,2,Private,0,0,0,3.3,1
66,0,0,Emergency,4,Neurological,3,3,7.1,0.7,14.3,137.7,94,98,35.8,3,Self-Pay,0,0,1,5.8,1
77,0,0,Emergency,5,Infection,7,2,5.7,0.71,9.1,146.0,149,109,37.4,1,Medicaid,0,3,1,7.0,1
76,1,0,Emergency,2,Orthopedic,2,1,6.5,2.04,14.9,136.7,97,87,39.8,2,Private,0,3,1,5.6,1
38,0,1,Urgent,4,Neurological,5,2,8.2,1.35,1.5,133.8,130,68,37.5,2,Private,0,0,0,6.0,1
73,1,1,Urgent,4,Neurological,5,0,6.6,2.1,6.8,135.6,131,85,37.3,3,Self-Pay,0,1,0,4.3,1
56,1,2,Elective,1,Respiratory,2,2,6.0,1.04,7.8,136.8,108,81,36.3,3,Self-Pay,0,1,0,1.0,0
63,1,0,Emergency,5,Infection,4,3,5.2,1.21,17.0,142.6,119,59,36.5,0,Medicare,1,2,1,7.3,2
70,0,1,Urgent,4,Neurological,5,3,5.6,0.77,4.2,136.3,116,50,36.6,0,Medicare,0,1,0,5.3,1
55,1,2,Elective,5,Infection,4,2,7.8,1.76,9.8,141.1,130,66,36.3,1,Medicaid,1,2,0,8.6,2
76,0,2,Elective,5,Infection,5,2,6.3,0.73,10.6,139.4,111,51,37.6,2,Private,0,1,0,5.5,1
55,0,1,Urgent,4,Neurological,4,2,4.8,2.65,12.9,138.3,175,73,36.8,2,Private,0,1,0,7.6,2
42,1,1,Urgent,5,Infection,1,1,5.8,0.7,6.8,138.1,107,69,36.8,0,Medicare,0,1,0,6.3,1
20,1,1,Urgent,2,Orthopedic,1,1,8.0,0.64,3.3,129.0,120,71,39.1,0,Medicare,1,1,0,2.7,0
62,1,0,Emergency,4,Neurological,4,3,5.9,1.36,12.6,140.0,120,74,36.7,0,Medicare,0,0,1,7.3,2
61,1,0,Emergency,0,Cardiac,6,0,4.0,0.83,13.0,142.6,106,88,37.8,2,Private,1,1,1,8.5,2
93,1,1,Urgent,4,Neurological,4,2,8.1,0.92,8.4,135.6,116,80,37.6,0,Medicare,1,1,0,7.0,1
61,0,0,Emergency,4,Neurological,1,1,6.1,1.86,9.0,142.8,121,56,38.1,0,Medicare,0,0,1,4.9,1
78,0,1,Urgent,3,GI,1,4,7.9,2.28,2.3,136.4,104,83,37.3,2,Private,1,1,0,3.5,1
60,1,1,Urgent,4,Neurological,2,2,5.8,1.21,15.5,137.7,163,103,37.7,0,Medicare,0,1,0,6.9,1
61,0,1,Urgent,2,Orthopedic,2,3,7.4,1.01,13.0,139.0,124,98,36.3,0,Medicare,1,0,0,5.6,1
58,1,0,Emergency,2,Orthopedic,1,4,7.5,1.0,5.6,143.5,138,83,37.0,0,Medicare,0,2,1,2.4,0
85,0,0,Emergency,0,Cardiac,3,3,5.2,1.41,12.5,130.4,160,88,37.4,2,Private,0,2,1,5.5,1
25,0,0,Emergency,0,Cardiac,3,2,4.1,0.41,1.5,140.8,125,125,39.0,0,Medicare,1,0,1,7.7,2
82,0,0,Emergency,3,GI,2,2,4.4,1.11,8.1,139.3,120,78,37.0,1,Medicaid,1,0,1,6.9,1
54,1,2,Elective,3,GI,3,3,6.9,0.72,8.2,140.4,124,87,37.3,0,Medicare,0,0,0,1.5,0
78,1,0,Emergency,0,Cardiac,2,0,6.2,1.31,4.9,137.6,192,87,37.1,0,Medicare,0,0,1,3.2,1
35,0,0,Emergency,1,Respiratory,4,3,6.5,1.06,8.6,136.7,145,69,38.8,0,Medicare,0,2,1,3.0,0
28,0,0,Emergency,1,Respiratory,1,1,7.3,1.21,9.2,146.3,139,95,37.8,1,Medicaid,0,2,1,1.7,0
28,1,1,Urgent,3,GI,4,4,5.9,1.26,11.8,135.5,160,63,37.4,0,Medicare,0,0,0,2.3,0
57,0,1,Urgent,3,GI,1,2,5.7,1.4,15.5,138.1,134,67,36.7,0,Medicare,0,0,0,3.3,1
58,1,0,Emergency,0,Cardiac,1,6,5.0,0.81,10.7,146.2,132,76,37.5,0,Medicare,0,2,1,4.8,1
50,1,2,Elective,4,Neurological,2,1,7.2,1.97,17.1,141.8,144,68,37.7,0,Medicare,0,2,0,4.4,1
66,1,2,Elective,1,Respiratory,1,2,9.6,1.23,9.7,131.3,140,82,37.0,2,Private,0,4,0,1.6,0
80,1,0,Emergency,3,GI,3,3,5.6,1.27,6.2,133.4,118,70,36.3,2,Private,0,2,1,5.1,1
77,0,1,Urgent,0,Cardiac,2,1,7.3,1.14,6.5,142.0,119,90,36.3,3,Self-Pay,1,2,0,6.1,1
35,1,1,Urgent,5,Infection,3,3,8.9,0.9,8.7,138.3,109,81,36.4,2,Private,0,1,0,4.7,1
69,1,0,Emergency,0,Cardiac,2,4,5.3,1.51,6.5,148.3,122,84,37.6,0,Medicare,1,3,1,7.3,2
65,1,2,Elective,4,Neurological,1,3,9.7,1.29,12.1,138.8,176,77,38.5,2,Private,0,1,0,4.6,1
61,0,0,Emergency,2,Orthopedic,1,2,4.8,2.94,8.5,141.1,142,93,38.3,1,Medicaid,0,2,1,6.0,1
80,1,0,Emergency,0,Cardiac,4,2,7.5,0.83,10.1,139.6,142,57,37.9,1,Medicaid,1,1,1,6.8,1
79,1,0,Emergency,0,Cardiac,1,2,4.5,2.18,5.6,143.2,143,70,37.9,0,Medicare,0,1,1,4.9,1
82,1,1,Urgent,1,Respiratory,1,2,7.4,1.15,11.6,146.7,103,87,37.5,1,Medicaid,0,1,0,4.1,1
44,0,2,Elective,4,Neurological,1,3,5.3,1.12,6.9,139.3,141,63,37.4,2,Private,0,1,0,2.8,0
56,0,0,Emergency,0,Cardiac,2,1,4.0,0.78,13.1,144.3,118,73,36.8,2,Private,0,0,1,5.1,1
51,1,0,Emergency,3,GI,2,2,9.0,1.38,6.9,141.1,119,94,37.3,1,Medicaid,0,1,1,4.6,1
72,1,1,Urgent,3,GI,5,3,6.9,1.07,6.7,139.2,116,97,37.6,2,Private,0,2,0,4.7,1
68,0,0,Emergency,1,Respiratory,1,1,5.5,1.44,5.8,138.3,152,72,37.2,2,Private,0,1,1,3.0,0
80,1,0,Emergency,0,Cardiac,3,2,6.1,0.77,4.4,133.1,131,97,35.4,2,Private,0,0,1,5.5,1
51,0,0,Emergency,5,Infection,2,1,6.2,1.28,13.7,145.3,126,85,36.6,1,Medicaid,0,1,1,4.4,1
58,0,0,Emergency,1,Respiratory,4,2,5.9,1.17,13.6,138.5,116,72,37.4,0,Medicare,0,2,1,7.1,2
76,0,0,Emergency,0,Cardiac,5,2,5.8,0.95,11.9,134.1,95,85,37.1,0,Medicare,0,1,1,6.1,1
76,0,0,Emergency,3,GI,5,5,6.2,1.22,7.9,135.9,125,109,37.9,1,Medicaid,0,0,1,4.2,1
37,0,0,Emergency,0,Cardiac,1,2,10.1,1.16,3.5,133.7,98,99,36.5,0,Medicare,0,3,1,4.5,1
50,0,1,Urgent,2,Orthopedic,1,6,4.0,1.49,12.1,140.4,153,83,37.5,0,Medicare,0,1,0,3.8,1
34,0,0,Emergency,0,Cardiac,2,1,4.0,1.72,5.7,144.1,184,103,38.2,2,Private,0,4,1,4.6,1
22,1,2,Elective,5,Infection,5,5,7.3,1.46,6.3,135.5,152,96,37.2,0,Medicare,0,1,0,4.4,1
85,1,0,Emergency,2,Orthopedic,3,0,4.0,1.25,9.1,133.6,127,58,37.0,3,Self-Pay,0,0,1,3.6,1
64,1,1,Urgent,5,Infection,1,1,5.6,0.73,11.7,129.4,134,67,38.0,2,Private,1,2,0,5.3,1
54,0,2,Elective,1,Respiratory,4,4,5.1,0.86,11.4,133.7,136,64,36.2,0,Medicare,0,1,0,3.9,1
50,0,0,Emergency,1,Respiratory,3,1,6.4,1.73,11.9,133.4,110,68,36.9,0,Medicare,0,3,1,3.9,1
65,1,1,Urgent,5,Infection,4,2,5.4,1.41,4.0,145.5,147,65,36.0,0,Medicare,1,0,0,8.3,2
67,1,2,Elective,1,Respiratory,2,6,6.2,0.98,8.5,132.0,123,77,37.1,1,Medicaid,1,1,0,5.3,1
84,0,0,Emergency,2,Orthopedic,1,2,5.1,1.73,10.6,140.1,120,88,38.0,0,Medicare,0,1,1,5.4,1
35,0,2,Elective,0,Cardiac,3,4,4.2,0.87,3.4,139.6,123,76,37.1,0,Medicare,0,1,0,3.4,1
77,1,0,Emergency,5,Infection,6,1,6.0,0.79,8.8,137.6,139,76,36.3,0,Medicare,0,0,1,6.0,1
52,1,0,Emergency,0,Cardiac,2,1,7.4,1.82,9.0,136.4,151,88,38.0,0,Medicare,1,3,1,5.5,1
51,0,2,Elective,4,Neurological,5,3,7.6,2.13,4.8,145.2,174,90,37.5,1,Medicaid,0,1,0,6.6,1
55,1,0,Emergency,2,Orthopedic,1,1,6.8,0.93,10.0,139.5,119,80,36.6,0,Medicare,0,3,1,1.8,0
79,1,1,Urgent,0,Cardiac,4,3,8.8,1.61,11.5,132.5,125,85,37.9,1,Medicaid,0,2,0,7.0,1
73,1,2,Elective,0,Cardiac,3,5,6.7,1.72,7.9,136.7,122,46,37.5,2,Private,0,1,0,4.9,1
50,0,2,Elective,5,Infection,2,5,8.0,1.24,14.2,137.5,100,89,38.5,1,Medicaid,0,4,0,5.7,1
58,1,1,Urgent,4,Neurological,5,5,6.0,1.06,11.9,135.3,120,87,37.1,0,Medicare,0,1,0,6.4,1
64,0,2,Elective,3,GI,2,3,7.3,0.89,7.2,138.2,148,105,37.8,0,Medicare,0,1,0,4.0,1
73,1,0,Emergency,2,Orthopedic,2,0,10.0,1.24,10.9,141.3,136,89,35.7,1,Medicaid,0,0,1,3.6,1
19,1,0,Emergency,1,Respiratory,4,2,6.8,1.04,2.6,138.7,175,92,36.3,0,Medicare,1,1,1,5.7,1
20,1,1,Urgent,3,GI,5,4,8.7,1.87,14.8,140.7,112,53,36.9,1,Medicaid,1,2,0,7.9,2
67,1,1,Urgent,3,GI,1,2,6.5,1.9,10.7,140.3,122,64,37.5,1,Medicaid,1,1,0,4.9,1
40,0,1,Urgent,4,Neurological,1,3,4.2,1.14,10.2,141.1,128,87,37.0,2,Private,0,1,0,4.4,1
39,0,1,Urgent,1,Respiratory,3,1,6.8,1.47,6.3,144.1,135,87,36.9,2,Private,0,3,0,2.1,0
69,1,0,Emergency,5,Infection,6,2,7.5,1.4,4.8,134.9,119,74,37.1,0,Medicare,1,1,1,6.2,1
50,1,1,Urgent,0,Cardiac,1,4,8.0,2.35,12.3,131.3,123,68,37.7,2,Private,0,1,0,5.1,1
32,0,2,Elective,0,Cardiac,7,0,5.3,1.16,10.6,140.7,158,77,37.0,0,Medicare,0,2,0,4.8,1
65,1,1,Urgent,5,Infection,2,1,13.3,1.39,10.2,146.2,151,59,37.1,0,Medicare,1,2,0,6.2,1
29,0,0,Emergency,3,GI,3,2,8.4,1.09,11.4,138.5,138,67,37.5,1,Medicaid,1,2,1,6.7,1
37,0,2,Elective,1,Respiratory,3,2,8.8,1.54,7.2,133.7,147,91,38.8,2,Private,0,1,0,2.5,0
72,0,0,Emergency,4,Neurological,5,2,8.1,0.94,8.5,139.8,139,59,36.9,1,Medicaid,0,0,1,6.6,1
63,1,2,Elective,2,Orthopedic,2,1,5.0,0.68,9.3,131.5,118,97,38.3,2,Private,0,1,0,6.5,1
63,0,0,Emergency,0,Cardiac,4,3,5.7,2.85,5.9,138.5,142,82,36.6,0,Medicare,0,1,1,5.8,1
70,1,0,Emergency,3,GI,1,2,7.5,0.86,10.7,130.4,155,88,37.7,1,Medicaid,0,1,1,3.4,1
84,0,0,Emergency,1,Respiratory,4,1,4.0,0.68,8.2,135.6,128,79,36.4,1,Medicaid,0,1,1,4.8,1
25,0,0,Emergency,0,Cardiac,1,1,5.6,1.42,8.4,147.0,130,81,37.9,1,Medicaid,0,3,1,4.6,1
89,1,1,Urgent,1,Respiratory,3,2,5.6,1.19,9.7,132.9,160,66,37.6,2,Private,0,1,0,1.3,0
73,1,0,Emergency,2,Orthopedic,4,2,7.6,0.72,9.3,139.9,156,100,38.1,3,Self-Pay,0,1,1,4.1,1
74,0,2,Elective,0,Cardiac,4,1,4.7,1.25,9.2,140.6,140,86,36.3,1,Medicaid,0,1,0,2.5,0
28,0,1,Urgent,5,Infection,5,5,10.1,0.89,2.5,134.0,129,113,37.1,1,Medicaid,0,0,0,5.5,1
38,1,0,Emergency,3,GI,3,2,12.3,0.66,8.2,144.5,134,96,36.7,0,Medicare,0,1,1,3.1,1
75,0,1,Urgent,1,Respiratory,2,4,7.3,1.44,9.0,135.8,139,75,36.8,2,Private,0,0,0,3.6,1
86,1,1,Urgent,3,GI,5,1,8.7,1.22,5.4,138.2,121,63,36.1,1,Medicaid,1,0,0,6.3,1
65,1,2,Elective,4,Neurological,3,1,7.4,1.55,6.6,137.8,151,90,36.7,2,Private,0,0,0,4.7,1
74,0,1,Urgent,3,GI,1,3,5.5,0.81,15.3,141.0,128,89,37.7,2,Private,1,1,0,7.5,2
75,1,0,Emergency,0,Cardiac,3,3,4.8,1.7,11.0,148.1,141,66,37.1,0,Medicare,0,2,1,7.0,1
76,1,1,Urgent,0,Cardiac,2,2,7.1,0.75,8.6,134.5,131,77,38.6,0,Medicare,0,2,0,7.4,2
68,0,0,Emergency,4,Neurological,1,5,5.3,1.19,6.0,139.5,166,72,37.3,2,Private,1,3,1,8.8,2
86,0,1,Urgent,1,Respiratory,2,2,8.3,0.95,8.7,142.9,116,77,37.9,0,Medicare,0,1,0,4.4,1
55,0,2,Elective,0,Cardiac,5,2,5.3,0.79,16.4,133.9,148,82,36.7,1,Medicaid,0,1,0,5.1,1
57,1,0,Emergency,3,GI,7,2,6.9,1.52,7.8,136.6,134,77,36.0,0,Medicare,0,4,1,4.4,1
58,1,1,Urgent,0,Cardiac,1,2,5.0,1.47,8.5,141.6,147,99,37.5,1,Medicaid,0,1,0,5.4,1
55,0,0,Emergency,5,Infection,4,1,4.8,1.05,3.0,135.4,138,72,37.8,0,Medicare,0,2,1,6.7,1
82,0,0,Emergency,5,Infection,5,1,9.1,1.06,5.5,136.0,146,70,37.3,1,Medicaid,1,0,1,8.4,2
50,0,1,Urgent,3,GI,4,1,5.7,1.18,8.2,126.6,127,73,37.3,0,Medicare,0,0,0,1.0,0
70,0,1,Urgent,4,Neurological,3,4,5.8,1.21,9.8,134.8,151,97,38.2,1,Medicaid,0,0,0,6.0,1
69,0,0,Emergency,2,Orthopedic,5,3,5.3,0.78,16.5,131.1,122,96,37.2,2,Private,0,1,1,6.3,1
62,1,0,Emergency,4,Neurological,3,1,5.6,1.03,7.4,137.9,129,93,36.6,3,Self-Pay,0,2,1,4.8,1
65,0,2,Elective,3,GI,4,2,6.3,0.79,8.6,129.4,120,77,38.6,0,Medicare,0,0,0,1.2,0
53,0,0,Emergency,0,Cardiac,5,1,4.0,1.5,10.3,136.3,133,75,38.8,0,Medicare,0,1,1,2.9,0
24,1,0,Emergency,5,Infection,4,3,8.0,0.41,8.3,138.6,107,91,38.4,0,Medicare,0,0,1,5.7,1
61,0,2,Elective,5,Infection,6,1,7.2,1.1,10.7,137.2,170,74,38.0,1,Medicaid,0,0,0,5.3,1
65,0,2,Elective,5,Infection,4,3,8.1,1.57,13.0,140.6,127,91,37.1,0,Medicare,0,0,0,4.1,1
73,0,0,Emergency,4,Neurological,2,0,8.8,1.27,15.2,140.2,131,89,37.7,2,Private,1,2,1,7.1,2
81,0,2,Elective,2,Orthopedic,1,2,6.8,0.85,1.5,131.9,146,82,37.2,0,Medicare,0,1,0,1.3,0
29,1,0,Emergency,0,Cardiac,5,5,6.7,0.4,4.6,137.9,142,137,36.8,1,Medicaid,0,3,1,5.5,1
57,1,0,Emergency,0,Cardiac,3,5,7.6,1.36,7.8,129.5,116,82,36.0,0,Medicare,0,1,1,4.5,1
23,0,2,Elective,0,Cardiac,1,3,4.1,1.78,10.0,137.3,153,108,37.5,0,Medicare,0,1,0,2.7,0
61,0,2,Elective,1,Respiratory,5,1,5.9,1.09,7.1,134.6,145,100,38.0,0,Medicare,0,0,0,2.0,0
52,0,0,Emergency,3,GI,3,3,8.3,1.7,7.8,136.6,83,82,37.2,1,Medicaid,0,1,1,2.2,0
65,1,0,Emergency,3,GI,8,3,8.1,1.28,10.4,136.7,141,77,38.3,2,Private,1,3,1,7.7,2
52,1,0,Emergency,1,Respiratory,2,3,10.5,1.15,2.5,139.9,81,64,37.8,0,Medicare,0,4,1,4.2,1
86,1,0,Emergency,2,Orthopedic,3,4,6.4,1.43,5.1,137.8,109,92,36.2,0,Medicare,1,2,1,8.1,2
78,0,2,Elective,1,Respiratory,4,2,8.7,1.17,12.3,135.5,127,94,38.1,1,Medicaid,0,3,0,4.5,1
79,0,1,Urgent,3,GI,1,2,6.4,2.05,6.6,129.6,150,74,36.9,2,Private,0,1,0,5.2,1
50,1,1,Urgent,5,Infection,6,5,4.5,1.55,14.9,140.6,148,74,36.3,0,Medicare,0,1,0,6.9,1
50,1,1,Urgent,3,GI,6,2,6.8,1.19,9.9,132.8,108,69,36.7,1,Medicaid,0,1,0,2.5,0
65,1,2,Elective,0,Cardiac,2,3,6.1,2.62,14.8,131.5,117,93,38.6,2,Private,0,1,0,4.9,1
51,0,0,Emergency,2,Orthopedic,2,2,5.7,0.92,13.6,133.5,110,101,38.6,1,Medicaid,0,1,1,3.7,1
90,1,1,Urgent,4,Neurological,3,3,4.6,1.45,7.9,141.4,138,67,36.9,2,Private,0,2,0,4.0,1
53,1,2,Elective,2,Orthopedic,1,2,6.0,1.48,3.7,137.4,130,68,38.0,0,Medicare,0,3,0,4.1,1
50,1,0,Emergency,5,Infection,1,0,5.0,1.85,10.6,140.4,157,80,37.6,1,Medicaid,0,0,1,4.0,1
68,0,2,Elective,0,Cardiac,2,2,10.1,1.37,8.0,133.6,126,94,36.9,2,Private,0,2,0,3.4,1
39,1,1,Urgent,1,Respiratory,2,1,8.1,1.05,8.4,137.0,122,90,37.4,1,Medicaid,0,2,0,2.3,0
63,0,0,Emergency,1,Respiratory,4,2,4.4,1.14,7.9,145.5,132,100,35.8,2,Private,0,0,1,6.8,1
50,1,0,Emergency,4,Neurological,4,1,5.4,1.44,4.5,136.7,141,47,36.8,2,Private,0,2,1,6.4,1
60,0,1,Urgent,2,Orthopedic,3,5,5.8,3.11,10.7,133.7,136,75,37.1,2,Private,0,2,0,3.2,1
55,1,1,Urgent,0,Cardiac,1,2,6.1,0.59,6.4,135.8,140,98,37.5,0,Medicare,0,1,0,3.1,1
50,1,1,Urgent,1,Respiratory,4,5,5.0,1.82,6.0,140.0,121,107,38.2,0,Medicare,0,0,0,3.6,1
50,0,0,Emergency,2,Orthopedic,4,0,6.3,1.87,8.1,143.7,131,79,39.0,0,Medicare,0,1,1,5.5,1
69,1,1,Urgent,5,Infection,1,2,8.3,1.69,12.8,128.3,83,74,36.6,2,Private,0,0,0,5.4,1
62,0,0,Emergency,1,Respiratory,4,4,5.8,1.2,8.6,137.1,141,69,37.6,2,Private,1,3,1,7.4,2
62,0,0,Emergency,0,Cardiac,5,1,4.4,0.96,5.4,135.5,86,93,37.6,1,Medicaid,0,3,1,4.6,1
68,0,0,Emergency,2,Orthopedic,1,1,4.0,0.94,9.4,136.6,138,100,35.0,2,Private,0,0,1,3.3,1
67,0,1,Urgent,1,Respiratory,3,1,4.0,1.79,13.5,134.4,122,87,37.7,2,Private,0,2,0,3.9,1
34,1,0,Emergency,3,GI,3,3,7.0,1.72,11.9,134.2,135,49,36.7,2,Private,1,0,1,7.8,2
57,0,0,Emergency,2,Orthopedic,4,3,6.7,0.57,2.7,133.1,144,88,35.8,2,Private,0,1,1,6.4,1
82,1,0,Emergency,3,GI,3,0,6.1,0.8,9.7,134.4,137,75,37.2,0,Medicare,0,0,1,3.7,1
90,1,0,Emergency,5,Infection,1,1,5.5,1.1,13.4,137.1,154,89,37.9,1,Medicaid,1,0,1,9.1,2
62,1,0,Emergency,0,Cardiac,3,2,5.7,0.93,9.5,137.3,138,83,36.6,1,Medicaid,0,1,1,3.6,1
56,1,1,Urgent,4,Neurological,3,2,7.0,1.57,3.5,140.0,104,101,38.6,3,Self-Pay,0,1,0,4.2,1
79,0,1,Urgent,5,Infection,2,0,5.4,0.92,3.4,138.6,186,84,36.7,1,Medicaid,0,2,0,6.2,1
70,1,1,Urgent,1,Respiratory,3,2,6.6,4.12,5.9,138.4,105,81,38.8,0,Medicare,0,0,0,5.2,1
55,0,1,Urgent,0,Cardiac,2,3,6.0,0.95,4.1,141.2,148,81,37.1,0,Medicare,0,1,0,4.5,1
82,1,0,Emergency,4,Neurological,5,4,6.7,0.79,4.8,133.3,122,105,38.4,0,Medicare,1,1,1,7.0,1
85,1,2,Elective,3,GI,1,0,4.0,1.86,4.0,135.4,142,75,37.1,2,Private,0,2,0,1.5,0
52,1,0,Emergency,0,Cardiac,2,0,8.0,1.04,8.2,136.1,131,94,37.1,1,Medicaid,0,0,1,2.7,0
79,0,1,Urgent,2,Orthopedic,4,2,7.0,1.74,7.1,137.5,122,90,36.8,1,Medicaid,0,2,0,3.8,1
32,1,2,Elective,3,GI,3,4,5.6,2.11,8.5,141.4,124,86,37.0,2,Private,1,0,0,6.0,1
75,1,1,Urgent,0,Cardiac,2,1,5.9,1.88,11.0,138.7,142,85,36.8,3,Self-Pay,1,1,0,5.3,1
39,1,0,Emergency,3,GI,4,3,7.4,0.96,4.5,142.4,124,83,37.0,2,Private,0,1,1,3.5,1
82,0,0,Emergency,3,GI,3,2,6.3,0.58,14.7,144.1,96,104,38.3,1,Medicaid,0,0,1,3.3,1
69,1,0,Emergency,5,Infection,2,3,7.6,2.44,12.1,136.2,134,88,37.7,0,Medicare,0,2,1,6.8,1
59,0,1,Urgent,3,GI,4,3,6.7,0.64,2.4,131.0,149,94,35.9,0,Medicare,0,1,0,4.9,1
35,1,1,Urgent,3,GI,5,1,8.2,2.91,10.2,142.8,140,82,37.1,2,Private,0,1,0,4.4,1
72,1,1,Urgent,3,GI,2,1,4.8,1.1,7.1,137.1,129,104,38.4,2,Private,0,1,0,3.2,1
39,0,0,Emergency,1,Respiratory,1,1,6.7,1.03,9.6,136.9,98,79,37.9,0,Medicare,0,2,1,3.4,1
63,0,2,Elective,4,Neurological,5,3,4.0,0.92,10.3,140.5,127,85,36.6,1,Medicaid,0,0,0,5.0,1
76,1,1,Urgent,3,GI,4,4,4.8,1.2,7.1,137.5,125,53,36.8,0,Medicare,0,1,0,2.2,0
61,0,0,Emergency,4,Neurological,1,0,4.1,0.87,8.0,137.6,90,85,37.7,0,Medicare,0,0,1,3.6,1
45,0,0,Emergency,4,Neurological,2,2,6.2,1.42,6.8,138.0,96,72,36.6,2,Private,0,1,1,5.2,1
34,1,1,Urgent,3,GI,5,0,5.9,1.12,9.9,134.2,92,78,36.3,2,Private,1,1,0,4.8,1
62,1,1,Urgent,0,Cardiac,3,2,5.4,0.71,8.4,134.8,138,70,37.2,0,Medicare,1,0,0,5.4,1
44,1,0,Emergency,5,Infection,4,1,4.1,0.76,10.1,142.1,125,78,37.7,2,Private,1,4,1,6.2,1
21,0,0,Emergency,1,Respiratory,2,1,4.0,1.02,8.0,142.2,135,105,37.4,1,Medicaid,0,0,1,2.4,0
50,0,2,Elective,5,Infection,2,3,4.5,0.43,3.0,138.2,159,83,37.1,1,Medicaid,0,1,0,6.8,1
68,1,0,Emergency,2,Orthopedic,3,2,8.1,0.57,8.5,137.1,120,68,36.9,0,Medicare,1,0,1,7.8,2
74,1,0,Emergency,0,Cardiac,2,5,6.6,2.04,11.0,140.6,108,84,37.9,1,Medicaid,1,0,1,9.0,2
79,1,2,Elective,5,Infection,3,2,4.8,2.01,12.4,136.9,144,94,36.5,0,Medicare,0,0,0,4.9,1
74,1,1,Urgent,4,Neurological,4,0,6.3,1.77,2.7,138.6,124,79,37.8,2,Private,0,0,0,6.3,1
62,0,1,Urgent,4,Neurological,3,2,7.0,1.58,9.0,145.5,143,91,37.8,0,Medicare,0,2,0,6.2,1
87,0,1,Urgent,0,Cardiac,1,5,6.7,1.44,12.9,144.0,138,52,36.8,1,Medicaid,1,0,0,6.9,1
50,1,1,Urgent,5,Infection,4,9,5.5,1.43,7.0,133.0,109,65,37.4,1,Medicaid,0,2,0,7.3,2
68,1,1,Urgent,3,GI,10,3,5.5,0.87,13.3,138.7,117,89,37.6,0,Medicare,0,0,0,5.0,1
54,1,2,Elective,2,Orthopedic,1,3,5.7,1.86,1.5,133.4,111,60,37.1,3,Self-Pay,1,3,0,4.5,1
65,1,0,Emergency,5,Infection,1,0,8.7,0.76,5.6,140.9,131,89,36.5,0,Medicare,0,0,1,3.6,1
67,1,0,Emergency,3,GI,5,4,7.6,3.63,4.6,134.0,159,71,36.2,0,Medicare,0,0,1,6.0,1
48,1,0,Emergency,0,Cardiac,2,0,8.8,0.92,9.2,144.4,134,67,36.4,0,Medicare,0,0,1,3.7,1
69,0,1,Urgent,2,Orthopedic,3,2,6.7,0.76,7.6,133.1,142,87,37.9,2,Private,1,0,0,6.5,1
68,1,1,Urgent,3,GI,3,3,4.7,5.09,13.0,133.8,166,91,36.1,2,Private,0,0,0,4.4,1
83,1,0,Emergency,5,Infection,5,1,8.8,0.72,12.3,132.8,141,100,37.5,0,Medicare,1,0,1,10.3,2
57,0,0,Emergency,1,Respiratory,3,0,5.9,1.67,7.3,135.5,107,91,36.9,1,Medicaid,0,1,1,4.2,1
29,1,0,Emergency,4,Neurological,3,1,4.5,1.36,11.5,139.6,108,87,36.4,1,Medicaid,1,0,1,4.7,1
76,0,0,Emergency,4,Neurological,4,1,4.8,1.56,5.9,142.2,111,102,36.1,2,Private,0,0,1,5.4,1
70,1,2,Elective,0,Cardiac,4,1,7.7,1.96,11.9,134.6,113,68,37.1,0,Medicare,0,2,0,3.1,1
55,1,1,Urgent,0,Cardiac,5,3,6.7,1.67,2.4,141.1,99,63,38.2,2,Private,0,0,0,3.1,1
80,1,0,Emergency,3,GI,7,4,5.2,0.58,18.2,136.6,126,60,37.3,1,Medicaid,1,3,1,8.1,2
54,1,0,Emergency,4,Neurological,1,3,5.2,1.36,10.9,132.4,114,94,39.4,2,Private,0,1,1,3.7,1
78,1,0,Emergency,3,GI,3,2,11.4,1.34,15.0,141.8,154,71,38.7,0,Medicare,0,0,1,5.4,1
52,1,1,Urgent,4,Neurological,3,3,7.3,1.65,11.7,136.6,159,70,36.4,0,Medicare,0,0,0,4.1,1
68,1,1,Urgent,3,GI,5,1,6.2,1.16,6.2,135.7,124,80,36.3,0,Medicare,0,0,0,2.8,0
79,0,2,Elective,3,GI,3,4,7.3,0.8,1.5,144.8,117,70,37.9,1,Medicaid,0,3,0,5.7,1
84,0,1,Urgent,0,Cardiac,3,3,4.0,0.78,6.4,141.1,108,72,36.5,1,Medicaid,0,1,0,5.3,1
76,1,1,Urgent,0,Cardiac,4,5,4.8,1.1,11.3,147.8,126,75,36.6,0,Medicare,0,2,0,6.0,1
62,1,2,Elective,4,Neurological,5,2,5.0,0.67,3.3,137.0,156,90,37.7,1,Medicaid,0,1,0,5.1,1
74,0,1,Urgent,4,Neurological,2,2,8.9,0.91,15.8,139.2,143,100,38.5,3,Self-Pay,0,1,0,5.5,1
87,0,0,Emergency,2,Orthopedic,3,3,4.0,0.94,8.3,133.6,149,70,37.9,2,Private,1,2,1,8.5,2
52,0,1,Urgent,3,GI,2,2,4.8,1.03,17.0,141.3,139,52,37.3,2,Private,0,0,0,3.5,1
50,1,1,Urgent,3,GI,5,3,6.6,3.39,6.9,135.6,128,89,38.1,2,Private,0,1,0,8.0,2
74,1,1,Urgent,0,Cardiac,3,4,5.7,0.76,11.0,133.2,149,60,38.5,1,Medicaid,0,0,0,3.7,1
62,0,0,Emergency,3,GI,5,1,4.7,0.4,10.9,135.0,101,78,37.1,2,Private,0,1,1,3.4,1
37,1,0,Emergency,2,Orthopedic,4,2,6.0,1.35,3.4,138.2,103,92,36.5,2,Private,1,1,1,6.2,1
80,0,0,Emergency,3,GI,4,0,9.4,0.8,10.4,148.2,126,101,36.7,2,Private,0,2,1,4.3,1
65,1,0,Emergency,3,GI,4,2,8.1,1.94,11.0,138.6,124,58,37.1,0,Medicare,1,1,1,6.1,1
54,1,2,Elective,4,Neurological,1,4,4.0,1.08,11.6,137.0,139,93,36.9,0,Medicare,0,0,0,2.9,0
85,1,1,Urgent,1,Respiratory,4,0,6.6,1.21,13.4,140.9,104,54,37.5,1,Medicaid,0,1,0,4.9,1
52,0,1,Urgent,1,Respiratory,8,4,4.0,0.64,3.5,138.8,138,75,36.4,1,Medicaid,1,0,0,8.1,2
30,0,1,Urgent,1,Respiratory,4,2,7.0,1.19,10.9,131.6,111,84,37.4,0,Medicare,0,1,0,4.1,1
54,1,1,Urgent,4,Neurological,4,0,8.2,2.07,4.7,139.1,122,66,36.8,0,Medicare,0,0,0,4.3,1
78,0,2,Elective,2,Orthopedic,4,0,4.0,1.73,5.4,143.1,171,87,37.2,1,Medicaid,0,0,0,2.9,0
51,1,0,Emergency,0,Cardiac,5,1,7.2,1.26,5.1,137.1,128,76,38.3,0,Medicare,1,2,1,8.3,2
70,1,1,Urgent,5,Infection,3,0,9.2,0.67,9.8,139.0,127,82,38.8,2,Private,0,1,0,6.6,1
33,0,0,Emergency,2,Orthopedic,2,0,4.0,1.45,11.4,138.7,132,83,37.2,0,Medicare,0,0,1,2.8,0
50,1,2,Elective,0,Cardiac,4,0,6.7,1.38,7.9,142.2,123,82,38.4,2,Private,0,2,0,4.8,1
33,0,2,Elective,3,GI,2,1,6.8,2.07,8.9,136.1,162,103,37.4,2,Private,0,3,0,4.7,1
65,1,2,Elective,4,Neurological,4,4,6.3,1.33,3.5,137.0,125,74,36.0,0,Medicare,0,1,0,3.0,0
50,1,0,Emergency,2,Orthopedic,2,2,4.6,1.51,10.2,138.9,136,72,37.4,0,Medicare,0,2,1,4.8,1
73,0,0,Emergency,3,GI,4,1,7.0,0.98,7.3,135.8,90,104,36.2,2,Private,0,5,1,5.2,1
61,1,0,Emergency,0,Cardiac,4,1,5.8,0.9,5.2,134.8,122,76,38.2,2,Private,1,1,1,5.7,1
52,0,1,Urgent,1,Respiratory,4,3,6.9,1.44,1.5,140.6,152,84,36.9,2,Private,0,2,0,3.8,1
76,1,1,Urgent,0,Cardiac,1,2,5.2,1.3,5.4,142.0,95,95,35.5,1,Medicaid,1,5,0,5.8,1
74,0,0,Emergency,1,Respiratory,6,2,6.6,1.31,8.1,135.5,104,88,36.0,0,Medicare,0,1,1,5.0,1
29,1,1,Urgent,3,GI,3,6,11.3,1.24,10.9,136.2,151,80,36.7,2,Private,0,0,0,2.1,0
80,1,0,Emergency,2,Orthopedic,1,1,4.0,0.46,5.4,138.0,136,67,35.6,0,Medicare,0,2,1,4.7,1
49,0,2,Elective,3,GI,2,0,4.0,1.52,7.8,140.2,130,49,37.4,1,Medicaid,0,2,0,1.0,0
65,1,0,Emergency,2,Orthopedic,1,4,6.7,1.58,14.2,136.6,134,81,38.1,2,Private,0,0,1,4.0,1
34,1,0,Emergency,1,Respiratory,3,3,5.9,0.89,13.0,136.1,113,85,36.8,1,Medicaid,0,2,1,3.7,1
32,1,1,Urgent,0,Cardiac,3,2,6.1,1.58,7.1,139.9,89,83,37.3,2,Private,0,1,0,2.4,0
74,1,1,Urgent,1,Respiratory,3,2,4.6,1.08,7.3,133.8,110,93,38.7,2,Private,0,2,0,2.5,0
41,1,0,Emergency,0,Cardiac,1,1,7.2,1.23,15.5,136.9,88,71,36.7,0,Medicare,0,0,1,5.6,1
58,0,2,Elective,3,GI,4,2,9.1,0.85,9.6,124.5,130,86,36.7,0,Medicare,0,2,0,3.4,1
79,1,1,Urgent,4,Neurological,3,2,5.2,1.15,7.8,138.3,132,87,36.8,2,Private,0,0,0,5.5,1
66,1,2,Elective,4,Neurological,5,3,8.2,0.57,8.6,138.2,132,86,37.8,2,Private,0,1,0,5.6,1
61,0,2,Elective,3,GI,1,3,7.0,1.02,5.8,138.8,86,109,36.5,1,Medicaid,0,2,0,2.0,0
54,0,1,Urgent,1,Respiratory,1,4,7.2,2.65,4.0,129.4,152,85,37.1,1,Medicaid,0,1,0,5.3,1
26,1,2,Elective,3,GI,4,3,6.8,1.25,7.9,135.0,127,63,38.5,2,Private,0,0,0,1.7,0
82,1,2,Elective,3,GI,3,2,5.7,1.01,13.3,140.6,117,67,36.2,1,Medicaid,0,0,0,6.3,1
75,1,2,Elective,0,Cardiac,3,5,7.7,0.99,8.3,147.2,109,98,37.7,2,Private,0,0,0,3.7,1
71,1,2,Elective,5,Infection,3,1,5.5,0.86,8.1,140.3,149,90,38.1,1,Medicaid,0,0,0,3.9,1
60,0,2,Elective,0,Cardiac,5,0,8.3,1.23,11.1,145.8,139,81,37.9,1,Medicaid,0,3,0,4.5,1
74,1,1,Urgent,2,Orthopedic,5,7,8.5,0.74,9.4,143.6,110,74,38.0,2,Private,1,1,0,7.6,2
57,1,0,Emergency,2,Orthopedic,4,1,6.1,1.64,3.7,139.2,147,87,36.6,2,Private,0,0,1,3.5,1
30,0,2,Elective,4,Neurological,4,0,4.6,1.71,10.1,142.0,88,85,37.9,1,Medicaid,0,0,0,1.8,0
68,0,1,Urgent,5,Infection,3,2,6.5,1.59,2.5,145.3,132,89,36.5,0,Medicare,1,1,0,9.0,2
71,0,0,Emergency,5,Infection,1,2,8.5,1.8,13.3,138.3,173,54,37.1,0,Medicare,0,1,1,6.7,1
77,1,0,Emergency,3,GI,4,1,5.6,1.78,10.8,133.6,113,78,36.2,1,Medicaid,0,0,1,3.2,1
50,0,1,Urgent,3,GI,3,4,6.7,1.34,10.6,139.8,86,87,37.3,3,Self-Pay,0,2,0,4.6,1
46,0,1,Urgent,0,Cardiac,1,1,6.1,2.13,16.4,137.1,163,76,37.2,2,Private,0,1,0,5.8,1
80,0,0,Emergency,2,Orthopedic,5,2,5.8,1.44,5.1,136.1,153,95,38.4,3,Self-Pay,0,0,1,5.7,1
50,0,0,Emergency,5,Infection,2,2,9.5,0.89,11.4,138.2,126,94,36.4,2,Private,0,2,1,4.5,1
43,0,1,Urgent,2,Orthopedic,5,5,8.2,1.13,9.7,135.1,143,64,37.0,1,Medicaid,0,0,0,3.8,1
45,1,0,Emergency,0,Cardiac,3,2,5.1,1.74,11.0,136.1,107,100,36.5,0,Medicare,1,1,1,5.9,1
58,0,1,Urgent,0,Cardiac,5,3,4.0,1.44,7.5,135.8,159,74,36.8,2,Private,1,1,0,8.6,2
62,1,2,Elective,2,Orthopedic,3,1,7.3,0.92,10.8,136.2,135,92,36.0,0,Medicare,0,2,0,2.6,0
59,1,2,Elective,1,Respiratory,2,1,5.0,1.19,8.7,136.1,135,85,36.2,2,Private,0,0,0,4.6,1
56,1,0,Emergency,1,Respiratory,1,4,6.9,0.82,12.5,143.5,121,76,37.7,1,Medicaid,1,1,1,7.6,2
46,1,0,Emergency,1,Respiratory,4,1,6.1,1.68,10.0,133.2,152,99,36.1,0,Medicare,0,1,1,5.4,1
36,0,1,Urgent,1,Respiratory,3,2,8.8,2.12,12.3,142.3,141,100,35.5,2,Private,0,1,0,4.5,1
97,0,1,Urgent,0,Cardiac,1,0,6.2,0.57,6.6,146.7,154,88,37.8,0,Medicare,1,0,0,6.3,1
39,0,0,Emergency,5,Infection,5,4,6.9,1.4,7.3,134.1,127,93,36.5,0,Medicare,1,3,1,10.2,2
82,1,0,Emergency,3,GI,4,1,10.4,0.72,5.1,137.7,116,70,38.2,0,Medicare,0,2,1,3.9,1
50,0,2,Elective,3,GI,3,1,8.6,0.62,13.5,137.6,138,106,37.1,1,Medicaid,0,2,0,5.0,1
47,1,2,Elective,3,GI,3,1,4.0,2.09,15.3,131.3,143,81,37.2,2,Private,0,1,0,3.2,1
62,1,1,Urgent,1,Respiratory,2,4,6.0,1.93,6.3,139.9,154,84,36.0,0,Medicare,0,3,0,4.2,1
60,1,0,Emergency,4,Neurological,3,3,5.5,1.28,9.9,139.3,129,99,36.7,0,Medicare,0,1,1,5.0,1
56,1,0,Emergency,5,Infection,5,4,7.5,0.93,13.8,142.4,134,77,36.9,2,Private,0,1,1,8.5,2
18,1,0,Emergency,0,Cardiac,1,2,5.5,1.02,9.5,139.6,121,61,37.9,1,Medicaid,1,3,1,7.5,2
75,0,0,Emergency,0,Cardiac,4,1,4.0,0.88,9.5,138.8,131,63,37.4,0,Medicare,0,1,1,4.8,1
79,1,1,Urgent,3,GI,4,1,6.7,2.84,6.1,135.3,150,71,37.3,1,Medicaid,0,1,0,4.0,1
73,0,1,Urgent,1,Respiratory,2,0,8.2,2.79,9.4,130.7,99,102,36.7,2,Private,0,1,0,5.3,1
67,1,0,Emergency,5,Infection,3,3,6.2,1.68,5.6,140.4,116,112,37.2,0,Medicare,0,0,1,5.4,1
53,1,2,Elective,3,GI,3,3,6.1,1.2,14.2,144.2,93,98,38.1,1,Medicaid,0,3,0,5.0,1
74,0,1,Urgent,1,Respiratory,4,0,6.3,0.67,1.5,132.3,128,75,37.6,1,Medicaid,0,2,0,2.1,0
52,1,1,Urgent,2,Orthopedic,1,2,5.1,1.06,4.7,140.9,136,84,37.2,0,Medicare,0,0,0,3.4,1
51,1,2,Elective,3,GI,1,0,6.1,1.17,9.8,137.7,80,77,36.7,1,Medicaid,0,0,0,2.8,0
67,1,1,Urgent,0,Cardiac,1,3,6.0,0.86,4.3,134.1,101,60,37.9,1,Medicaid,0,1,0,4.3,1
57,1,2,Elective,5,Infection,3,1,7.6,2.15,2.3,144.1,131,72,37.3,0,Medicare,0,2,0,5.9,1
64,1,0,Emergency,0,Cardiac,1,1,8.6,2.69,18.1,139.2,87,69,37.5,0,Medicare,0,2,1,6.2,1
72,0,0,Emergency,5,Infection,5,0,7.8,1.09,11.1,139.0,134,56,37.4,0,Medicare,0,2,1,5.3,1
77,0,1,Urgent,0,Cardiac,7,0,5.7,1.85,8.2,131.9,139,78,37.9,3,Self-Pay,0,1,0,4.0,1
72,1,1,Urgent,4,Neurological,5,2,4.0,1.33,10.8,144.6,136,85,35.9,1,Medicaid,1,4,0,6.7,1
50,1,0,Emergency,0,Cardiac,5,1,6.1,0.83,10.5,135.2,113,78,37.2,0,Medicare,0,1,1,6.0,1
82,0,1,Urgent,2,Orthopedic,2,2,7.7,1.97,6.6,139.3,155,79,36.5,1,Medicaid,0,1,0,3.0,0
55,0,0,Emergency,3,GI,5,1,8.3,2.37,7.9,142.0,137,79,36.7,2,Private,0,0,1,5.3,1
37,0,1,Urgent,0,Cardiac,1,1,6.1,1.5,8.1,139.5,127,64,36.5,1,Medicaid,1,0,0,4.1,1
78,1,1,Urgent,2,Orthopedic,2,2,5.5,0.96,7.6,141.4,114,94,37.5,2,Private,0,2,0,3.5,1
50,0,1,Urgent,1,Respiratory,3,1,4.3,1.68,7.4,142.2,150,62,38.4,2,Private,0,3,0,3.1,1
43,0,1,Urgent,2,Orthopedic,1,3,8.0,1.04,11.8,147.4,147,64,38.3,2,Private,1,5,0,7.7,2
67,1,2,Elective,2,Orthopedic,1,2,4.0,1.74,8.3,132.8,144,107,37.8,1,Medicaid,1,3,0,4.4,1
50,0,0,Emergency,4,Neurological,3,0,8.1,2.27,12.3,138.0,101,82,38.5,0,Medicare,0,1,1,4.4,1
59,1,2,Elective,0,Cardiac,5,2,5.5,0.87,6.3,144.1,125,50,37.2,1,Medicaid,1,1,0,5.7,1
50,0,0,Emergency,0,Cardiac,2,2,4.4,1.52,10.6,137.8,119,113,36.4,1,Medicaid,0,1,1,5.1,1
31,0,1,Urgent,2,Orthopedic,5,2,9.0,1.03,2.1,129.1,127,97,37.1,0,Medicare,1,1,0,5.0,1
73,1,1,Urgent,5,Infection,3,3,4.3,1.98,10.7,143.8,143,74,37.6,0,Medicare,0,1,0,5.8,1
52,1,2,Elective,4,Neurological,2,2,4.0,1.19,12.0,138.6,172,93,38.1,3,Self-Pay,1,4,0,7.6,2
60,0,2,Elective,3,GI,3,2,10.1,2.31,5.0,134.0,110,66,38.2,2,Private,0,1,0,4.8,1
70,1,2,Elective,5,Infection,7,1,7.6,3.57,9.9,139.0,92,69,35.8,0,Medicare,0,1,0,8.6,2
31,0,0,Emergency,4,Neurological,4,1,7.2,0.82,11.7,140.2,129,72,35.6,2,Private,0,0,1,3.5,1
61,1,2,Elective,1,Respiratory,5,0,6.9,1.35,8.0,134.8,147,93,37.0,1,Medicaid,0,2,0,4.1,1
66,0,0,Emergency,0,Cardiac,2,1,5.3,2.01,12.1,137.5,137,100,38.0,2,Private,0,0,1,7.5,2
90,1,0,Emergency,1,Respiratory,3,3,5.6,1.07,6.6,140.6,117,80,36.8,0,Medicare,1,0,1,8.8,2
64,1,0,Emergency,1,Respiratory,2,1,9.6,1.56,10.0,134.2,89,88,36.8,0,Medicare,0,1,1,4.5,1
62,0,1,Urgent,3,GI,5,1,6.3,0.99,9.2,141.0,165,86,36.7,2,Private,0,1,0,2.9,0
50,0,1,Urgent,3,GI,3,1,5.3,0.58,9.5,144.8,90,60,36.9,0,Medicare,0,0,0,2.6,0
50,1,0,Emergency,3,GI,3,1,8.9,1.63,12.9,130.6,174,49,37.5,2,Private,1,0,1,7.8,2
62,0,0,Emergency,0,Cardiac,3,0,5.2,1.64,9.3,138.8,133,86,35.6,3,Self-Pay,1,1,1,4.8,1
65,0,1,Urgent,4,Neurological,1,2,7.3,0.82,7.4,139.9,87,84,38.0,1,Medicaid,0,0,0,3.7,1
58,0,2,Elective,2,Orthopedic,4,2,9.0,1.0,15.2,138.6,114,69,37.8,1,Medicaid,0,2,0,3.6,1
79,1,1,Urgent,2,Orthopedic,7,1,6.2,1.08,15.0,141.3,156,66,36.0,2,Private,0,0,0,6.1,1
69,1,1,Urgent,5,Infection,2,3,4.0,1.6,15.9,139.3,98,78,37.4,0,Medicare,0,0,0,4.7,1
79,0,1,Urgent,1,Respiratory,3,1,8.1,1.83,13.1,141.9,90,78,37.5,0,Medicare,0,0,0,5.1,1
36,1,2,Elective,1,Respiratory,1,3,8.8,1.47,11.5,141.3,95,73,36.4,0,Medicare,1,0,0,6.1,1
77,1,2,Elective,3,GI,5,2,6.5,0.71,13.7,133.9,147,79,36.8,1,Medicaid,0,0,0,3.8,1
41,0,1,Urgent,5,Infection,3,1,6.1,1.02,6.9,132.0,118,50,36.8,3,Self-Pay,1,0,0,8.7,2
63,1,0,Emergency,0,Cardiac,3,3,6.5,1.07,6.2,133.1,135,63,35.6,2,Private,1,2,1,6.9,1
80,1,2,Elective,4,Neurological,5,1,6.7,1.03,3.9,144.6,105,113,36.7,3,Self-Pay,0,1,0,3.8,1
61,1,2,Elective,5,Infection,2,2,5.9,1.81,6.6,135.4,161,115,37.9,2,Private,0,0,0,3.2,1
63,0,0,Emergency,2,Orthopedic,3,2,9.7,2.1,8.3,138.6,116,61,36.4,1,Medicaid,0,1,1,5.6,1
71,1,1,Urgent,1,Respiratory,2,4,6.9,1.81,3.7,141.8,124,101,37.3,1,Medicaid,0,3,0,4.5,1
40,1,2,Elective,3,GI,5,2,6.5,2.2,9.1,137.6,127,88,37.5,2,Private,0,0,0,4.8,1
52,1,1,Urgent,1,Respiratory,1,2,7.9,1.2,5.6,141.2,149,64,36.5,2,Private,1,3,0,7.0,1
63,1,0,Emergency,1,Respiratory,4,3,5.7,0.93,1.6,140.7,148,73,38.0,1,Medicaid,1,1,1,8.6,2
60,0,1,Urgent,5,Infection,2,2,6.1,0.69,1.5,135.5,129,98,36.9,0,Medicare,0,2,0,3.8,1
50,1,0,Emergency,3,GI,1,2,7.4,1.02,4.8,133.4,161,91,36.9,0,Medicare,0,1,1,2.7,0
83,1,0,Emergency,0,Cardiac,1,2,6.4,0.81,7.0,141.6,148,91,37.3,2,Private,0,2,1,4.8,1
63,0,2,Elective,1,Respiratory,1,1,7.9,2.67,13.2,139.9,114,77,40.0,0,Medicare,0,0,0,6.5,1
40,0,1,Urgent,3,GI,5,0,5.9,1.72,5.1,135.8,111,50,37.9,0,Medicare,1,4,0,7.3,2
91,0,2,Elective,2,Orthopedic,2,1,7.2,0.77,16.9,142.2,115,92,37.2,3,Self-Pay,0,0,0,5.0,1
57,1,2,Elective,3,GI,7,2,8.0,1.08,11.4,137.4,110,84,36.7,0,Medicare,1,1,0,5.0,1
73,1,1,Urgent,4,Neurological,1,1,8.3,0.91,8.8,139.2,111,95,38.1,2,Private,0,1,0,3.9,1
29,1,2,Elective,2,Orthopedic,1,2,4.0,0.88,6.1,139.2,125,97,38.5,0,Medicare,1,1,0,4.8,1
73,0,0,Emergency,5,Infection,2,1,7.0,0.99,7.7,136.3,109,51,37.7,2,Private,0,1,1,5.0,1
76,1,1,Urgent,5,Infection,3,2,8.0,1.01,5.6,134.5,99,107,37.3,0,Medicare,1,3,0,7.1,2
69,1,1,Urgent,0,Cardiac,5,3,4.8,0.96,7.9,143.7,122,83,38.0,2,Private,0,1,0,4.0,1
54,0,1,Urgent,1,Respiratory,1,2,8.4,1.19,7.1,144.4,142,80,37.9,2,Private,0,0,0,3.8,1
55,0,0,Emergency,1,Respiratory,4,3,6.9,1.02,11.3,134.8,144,55,36.9,0,Medicare,0,1,1,5.4,1
50,0,0,Emergency,0,Cardiac,2,4,5.7,1.96,4.3,137.3,178,77,37.8,2,Private,0,1,1,2.7,0
19,1,0,Emergency,1,Respiratory,2,1,7.3,1.18,10.0,140.8,107,82,36.7,3,Self-Pay,0,3,1,4.9,1
65,1,1,Urgent,2,Orthopedic,8,2,8.0,1.16,8.5,139.7,84,105,37.5,0,Medicare,0,2,0,3.3,1
78,1,2,Elective,0,Cardiac,1,3,4.0,0.96,7.6,144.3,139,67,35.9,0,Medicare,0,2,0,3.8,1
59,0,2,Elective,0,Cardiac,4,0,9.4,1.1,1.5,140.2,122,79,38.0,1,Medicaid,1,1,0,5.2,1
61,1,0,Emergency,0,Cardiac,1,1,4.0,0.66,7.2,139.1,138,74,36.4,0,Medicare,0,3,1,5.1,1
29,1,0,Emergency,0,Cardiac,5,4,4.5,1.04,8.8,130.9,135,73,37.9,1,Medicaid,0,1,1,6.0,1
69,0,0,Emergency,2,Orthopedic,3,0,9.1,2.02,10.4,130.7,160,74,36.8,0,Medicare,0,1,1,6.9,1
73,0,0,Emergency,1,Respiratory,2,2,8.2,0.85,10.7,135.5,104,52,36.5,2,Private,0,0,1,2.5,0
44,1,2,Elective,5,Infection,2,1,5.7,1.35,12.0,136.3,133,83,36.2,2,Private,1,0,0,6.1,1
65,1,2,Elective,0,Cardiac,1,0,8.4,2.02,8.6,138.6,118,72,37.2,2,Private,1,2,0,5.9,1
68,0,0,Emergency,5,Infection,1,3,7.1,1.32,8.8,141.7,80,87,37.8,2,Private,0,2,1,5.4,1
28,0,0,Emergency,0,Cardiac,1,0,6.9,1.0,8.2,137.6,146,99,36.1,2,Private,0,1,1,6.0,1
45,1,0,Emergency,3,GI,2,2,4.0,1.56,10.9,135.9,160,74,36.7,0,Medicare,1,0,1,6.0,1
57,1,0,Emergency,1,Respiratory,1,5,4.6,1.15,8.9,140.4,135,76,37.7,0,Medicare,0,1,1,4.8,1
55,1,2,Elective,4,Neurological,2,1,5.8,1.73,11.7,136.7,149,84,36.8,0,Medicare,0,2,0,4.0,1
65,0,1,Urgent,0,Cardiac,2,5,4.0,1.34,12.3,139.7,102,77,39.1,2,Private,0,3,0,3.4,1
42,0,2,Elective,5,Infection,1,1,7.9,0.57,11.9,133.9,133,92,36.2,0,Medicare,0,0,0,1.8,0
72,0,1,Urgent,0,Cardiac,5,3,6.4,0.91,7.5,139.5,130,98,37.4,2,Private,1,2,0,6.7,1
68,1,0,Emergency,1,Respiratory,1,4,8.9,1.3,2.5,135.9,132,110,37.9,0,Medicare,0,2,1,6.5,1
77,1,0,Emergency,2,Orthopedic,2,2,5.6,1.87,9.5,141.4,105,72,36.4,2,Private,0,3,1,4.5,1
18,1,0,Emergency,4,Neurological,3,0,4.0,1.66,9.7,137.1,158,70,38.4,0,Medicare,1,2,1,9.4,2
69,0,2,Elective,5,Infection,4,0,4.7,1.76,2.1,137.3,160,95,38.1,0,Medicare,0,1,0,6.6,1
63,1,2,Elective,2,Orthopedic,2,2,7.1,1.08,14.1,135.1,128,79,36.8,2,Private,0,2,0,4.8,1
74,1,2,Elective,4,Neurological,5,4,8.5,0.87,10.6,142.5,138,80,37.9,2,Private,0,0,0,5.5,1
87,1,0,Emergency,4,Neurological,2,2,6.5,0.9,14.1,139.2,125,80,36.9,0,Medicare,0,3,1,4.5,1
72,1,2,Elective,3,GI,3,3,8.3,0.85,9.5,144.5,97,101,36.1,3,Self-Pay,0,1,0,1.7,0
66,1,0,Emergency,3,GI,1,3,6.5,3.12,9.9,138.9,102,87,37.8,0,Medicare,0,2,1,6.0,1
50,1,0,Emergency,0,Cardiac,1,1,7.6,2.65,10.3,132.2,177,62,37.3,0,Medicare,1,1,1,6.2,1
78,0,0,Emergency,2,Orthopedic,1,1,9.6,0.68,7.4,141.5,107,67,37.1,0,Medicare,1,2,1,4.7,1
50,1,1,Urgent,4,Neurological,2,1,7.5,1.4,4.9,142.5,105,99,37.2,2,Private,1,1,0,5.9,1
60,0,2,Elective,2,Orthopedic,2,2,5.2,1.1,4.5,136.7,122,125,37.3,0,Medicare,0,0,0,1.9,0
76,1,1,Urgent,5,Infection,5,5,7.0,1.02,17.0,133.5,165,99,36.5,0,Medicare,0,4,0,8.0,2
37,1,0,Emergency,4,Neurological,4,2,6.7,1.54,8.3,145.5,104,67,36.5,0,Medicare,0,0,1,4.6,1
88,0,0,Emergency,5,Infection,2,3,5.9,0.93,4.9,138.8,179,85,37.2,1,Medicaid,0,3,1,5.3,1
55,1,0,Emergency,0,Cardiac,5,3,5.1,0.94,15.2,142.2,156,96,37.6,2,Private,0,2,1,6.4,1
68,1,0,Emergency,1,Respiratory,3,1,10.5,1.46,13.6,135.6,103,68,37.6,0,Medicare,1,1,1,3.9,1
67,1,0,Emergency,0,Cardiac,6,0,6.0,2.13,12.9,139.2,152,60,37.7,2,Private,0,0,1,8.9,2
19,1,1,Urgent,5,Infection,1,3,4.0,2.93,1.7,137.6,106,97,38.2,2,Private,0,3,0,7.6,2
54,1,0,Emergency,1,Respiratory,3,4,5.4,1.48,13.6,137.3,112,81,36.3,1,Medicaid,1,1,1,6.1,1
40,1,2,Elective,1,Respiratory,1,1,5.1,0.79,3.9,139.1,134,89,37.8,2,Private,1,0,0,4.7,1
50,0,1,Urgent,1,Respiratory,3,0,6.1,1.62,8.5,127.7,149,94,37.7,0,Medicare,0,0,0,5.8,1
52,0,0,Emergency,0,Cardiac,3,0,4.0,0.98,8.4,141.4,127,81,37.3,2,Private,0,2,1,4.2,1
63,0,0,Emergency,1,Respiratory,4,4,5.5,1.17,10.9,141.5,125,69,37.7,0,Medicare,0,1,1,3.9,1
50,1,1,Urgent,0,Cardiac,2,4,7.0,2.37,9.6,135.8,115,90,36.8,1,Medicaid,1,4,0,6.2,1
57,0,1,Urgent,1,Respiratory,3,2,4.1,2.2,7.1,139.9,131,92,36.8,2,Private,0,2,0,5.4,1
63,1,0,Emergency,5,Infection,4,1,8.6,1.76,15.0,143.8,131,72,38.1,0,Medicare,0,2,1,8.3,2
71,0,2,Elective,3,GI,2,4,6.6,2.48,15.0,136.1,134,95,37.6,1,Medicaid,1,5,0,7.5,2
57,1,0,Emergency,3,GI,2,1,6.8,0.41,10.2,138.6,148,96,37.7,2,Private,0,0,1,4.9,1
50,0,2,Elective,2,Orthopedic,4,6,5.8,0.86,8.5,135.7,111,80,36.8,0,Medicare,0,0,0,3.7,1
39,1,0,Emergency,4,Neurological,3,5,6.9,1.57,14.3,131.9,140,84,36.9,2,Private,1,1,1,8.1,2
50,1,2,Elective,5,Infection,3,1,7.9,1.15,12.7,136.7,131,82,36.8,0,Medicare,0,1,0,4.5,1
89,1,1,Urgent,5,Infection,4,1,6.9,1.96,4.6,135.8,135,105,37.0,2,Private,0,1,0,7.3,2
62,1,1,Urgent,0,Cardiac,1,4,8.5,0.69,16.8,139.9,163,69,37.9,2,Private,0,2,0,4.2,1
80,1,0,Emergency,5,Infection,3,3,6.8,2.02,5.6,142.9,126,74,36.6,1,Medicaid,1,0,1,7.6,2
58,1,0,Emergency,1,Respiratory,4,2,8.0,1.49,7.4,139.2,121,87,36.8,1,Medicaid,0,0,1,2.1,0
65,1,2,Elective,1,Respiratory,2,3,7.3,1.24,3.8,136.8,115,94,37.3,0,Medicare,1,1,0,6.5,1
74,0,2,Elective,1,Respiratory,1,0,4.0,0.56,7.2,135.6,117,70,38.1,0,Medicare,0,0,0,2.2,0
50,1,1,Urgent,3,GI,4,2,4.9,3.19,13.1,142.5,134,81,37.4,3,Self-Pay,0,0,0,5.4,1
75,1,0,Emergency,3,GI,3,2,5.0,0.69,9.1,142.2,80,101,35.9,0,Medicare,0,0,1,2.0,0
75,0,0,Emergency,0,Cardiac,4,0,5.1,0.63,9.8,136.7,95,73,38.9,0,Medicare,0,0,1,4.3,1
77,1,1,Urgent,4,Neurological,1,4,4.6,1.56,6.2,139.1,117,81,38.0,1,Medicaid,1,0,0,8.9,2
89,1,0,Emergency,2,Orthopedic,5,4,8.5,1.94,11.5,139.5,106,90,37.5,0,Medicare,0,2,1,5.4,1
54,1,0,Emergency,0,Cardiac,3,1,9.2,1.11,2.3,135.2,149,77,36.6,1,Medicaid,0,2,1,3.3,1
49,1,1,Urgent,2,Orthopedic,3,2,4.0,0.8,7.8,137.6,154,95,37.8,1,Medicaid,1,1,0,4.0,1
78,0,1,Urgent,2,Orthopedic,3,2,7.9,0.95,8.5,134.7,129,91,37.9,2,Private,0,1,0,4.3,1
78,0,0,Emergency,0,Cardiac,3,2,7.6,1.42,7.8,144.2,131,86,37.6,2,Private,0,0,1,3.4,1
55,0,0,Emergency,0,Cardiac,4,1,10.5,0.9,9.9,134.0,127,71,36.3,0,Medicare,0,0,1,5.7,1
80,0,1,Urgent,5,Infection,2,2,6.4,2.04,3.7,135.6,96,78,36.0,0,Medicare,1,1,0,8.3,2
75,1,0,Emergency,5,Infection,2,1,4.0,0.82,12.1,140.5,104,63,37.6,0,Medicare,0,1,1,4.1,1
60,0,2,Elective,0,Cardiac,4,0,4.0,0.57,5.2,138.1,89,73,37.7,2,Private,1,0,0,4.7,1
61,1,0,Emergency,3,GI,2,0,8.5,2.38,15.7,137.5,113,75,37.9,2,Private,0,3,1,5.9,1
60,1,0,Emergency,1,Respiratory,3,3,5.0,0.86,10.3,142.9,151,55,36.9,2,Private,0,4,1,3.6,1
61,1,2,Elective,2,Orthopedic,4,1,7.8,1.46,11.2,139.4,142,98,35.6,0,Medicare,1,2,0,6.3,1
57,0,1,Urgent,2,Orthopedic,3,2,6.5,1.49,6.6,137.2,115,74,36.8,1,Medicaid,0,1,0,5.1,1
58,0,0,Emergency,0,Cardiac,4,2,8.1,0.87,7.3,136.3,120,71,37.3,1,Medicaid,0,1,1,4.9,1
69,0,0,Emergency,1,Respiratory,1,3,4.0,1.54,13.6,134.9,105,75,35.1,1,Medicaid,0,0,1,4.9,1
40,0,0,Emergency,0,Cardiac,3,3,6.6,0.96,4.0,135.2,140,89,37.9,2,Private,1,2,1,7.2,2
83,1,1,Urgent,2,Orthopedic,6,1,7.9,0.85,9.0,136.4,162,61,38.1,0,Medicare,0,1,0,3.9,1
75,1,0,Emergency,5,Infection,3,1,7.7,1.14,9.1,136.3,163,87,35.7,0,Medicare,0,5,1,5.1,1
72,1,1,Urgent,5,Infection,2,5,8.2,2.56,10.6,135.0,150,83,36.5,3,Self-Pay,0,0,0,7.6,2
75,1,1,Urgent,5,Infection,2,4,4.0,1.34,9.8,141.2,104,92,36.7,0,Medicare,0,3,0,4.3,1
75,0,1,Urgent,5,Infection,2,2,6.3,1.77,10.6,141.4,125,104,36.7,0,Medicare,1,1,0,8.0,2
50,1,2,Elective,0,Cardiac,2,1,6.5,1.21,7.0,134.4,128,101,37.7,0,Medicare,1,3,0,4.8,1
29,0,1,Urgent,4,Neurological,3,2,9.1,0.92,17.9,142.3,98,62,36.8,2,Private,0,1,0,3.8,1
73,1,0,Emergency,1,Respiratory,1,2,11.4,1.36,9.0,135.6,148,70,36.8,2,Private,1,1,1,4.4,1
65,0,0,Emergency,5,Infection,1,1,9.1,1.09,12.6,131.8,112,98,37.0,2,Private,0,1,1,7.2,2
47,0,0,Emergency,4,Neurological,4,2,8.1,0.95,12.7,133.8,178,85,39.2,2,Private,0,0,1,4.4,1
61,0,2,Elective,2,Orthopedic,2,2,7.3,1.64,1.5,141.8,113,96,39.1,2,Private,0,1,0,3.2,1
51,0,2,Elective,2,Orthopedic,4,3,6.6,1.42,3.5,142.8,137,80,38.2,2,Private,0,2,0,3.4,1
50,1,0,Emergency,1,Respiratory,5,4,8.8,0.88,6.1,136.0,94,54,37.1,2,Private,0,1,1,5.8,1
18,0,2,Elective,1,Respiratory,6,2,6.9,1.74,7.2,140.6,104,76,36.4,0,Medicare,0,1,0,2.0,0
66,1,1,Urgent,5,Infection,2,1,5.6,1.16,10.0,137.1,101,95,36.4,0,Medicare,1,0,0,6.5,1
40,1,1,Urgent,5,Infection,1,4,6.4,1.7,10.0,146.6,155,100,37.6,2,Private,0,1,0,3.7,1
50,1,0,Emergency,0,Cardiac,3,2,5.2,0.86,6.2,129.9,123,87,36.4,2,Private,0,1,1,4.0,1
63,1,0,Emergency,1,Respiratory,3,2,4.0,0.79,1.9,139.9,117,69,36.3,0,Medicare,0,1,1,7.2,2
69,0,1,Urgent,0,Cardiac,2,2,4.0,0.95,14.7,139.6,165,89,37.1,2,Private,0,1,0,4.2,1
31,1,0,Emergency,5,Infection,5,1,6.6,1.18,12.1,145.7,96,95,37.2,1,Medicaid,0,1,1,4.4,1
50,1,1,Urgent,5,Infection,3,0,4.0,1.07,11.3,141.0,162,93,37.7,2,Private,0,3,0,3.9,1
71,1,2,Elective,3,GI,1,3,4.4,2.06,10.7,130.8,124,86,38.0,1,Medicaid,0,0,0,3.9,1
76,1,1,Urgent,3,GI,2,2,7.3,0.81,11.2,136.6,152,67,37.9,0,Medicare,0,0,0,7.0,1
50,1,1,Urgent,4,Neurological,1,0,5.1,0.48,3.7,140.0,108,97,36.3,3,Self-Pay,0,0,0,5.3,1
76,0,1,Urgent,0,Cardiac,6,1,4.3,1.16,3.5,135.2,147,65,36.6,0,Medicare,0,3,0,7.3,2
79,1,0,Emergency,5,Infection,3,1,4.5,1.46,11.2,137.4,133,78,38.4,0,Medicare,0,0,1,5.1,1
73,1,2,Elective,2,Orthopedic,5,1,8.6,0.99,1.5,136.6,86,95,37.4,0,Medicare,1,1,0,3.6,1
40,0,2,Elective,0,Cardiac,5,0,8.0,1.28,10.5,136.0,81,102,38.3,0,Medicare,0,0,0,5.2,1
50,1,1,Urgent,1,Respiratory,6,1,5.0,0.82,11.7,137.1,160,73,37.0,0,Medicare,1,2,0,5.0,1
50,0,0,Emergency,3,GI,5,0,7.4,0.77,15.1,137.7,80,74,36.9,2,Private,0,1,1,4.0,1
85,0,0,Emergency,1,Respiratory,1,2,6.7,1.5,7.9,141.3,135,76,35.2,0,Medicare,0,1,1,2.4,0
79,1,0,Emergency,3,GI,1,1,8.0,1.53,5.2,135.4,108,82,38.3,1,Medicaid,0,1,1,4.3,1
27,1,1,Urgent,5,Infection,2,4,8.8,1.51,12.7,137.4,105,71,37.4,2,Private,1,0,0,7.1,2
36,1,0,Emergency,4,Neurological,4,0,4.0,1.49,8.2,140.9,158,73,37.3,2,Private,0,2,1,4.4,1
91,1,1,Urgent,3,GI,3,1,7.3,1.4,3.0,140.2,125,66,35.9,3,Self-Pay,0,1,0,2.9,0
30,0,1,Urgent,2,Orthopedic,5,3,6.6,1.09,1.5,131.4,112,62,37.7,0,Medicare,0,2,0,4.0,1
78,1,0,Emergency,1,Respiratory,2,3,8.5,1.59,11.0,134.6,126,78,37.3,0,Medicare,0,1,1,5.4,1
74,0,1,Urgent,2,Orthopedic,1,1,4.0,0.8,11.8,135.5,172,77,37.1,2,Private,0,1,0,4.1,1
90,0,0,Emergency,1,Respiratory,4,2,4.2,2.03,9.0,135.6,131,79,36.9,0,Medicare,1,0,1,9.3,2
39,0,2,Elective,5,Infection,1,1,6.7,1.74,8.8,137.2,115,73,35.0,0,Medicare,0,2,0,4.3,1
78,1,0,Emergency,5,Infection,3,1,6.0,0.6,9.1,133.9,136,61,36.9,2,Private,0,4,1,7.6,2
54,1,0,Emergency,0,Cardiac,3,2,7.1,1.68,8.4,127.9,103,71,36.3,0,Medicare,0,1,1,5.4,1
54,1,0,Emergency,4,Neurological,2,3,4.0,1.68,3.4,134.3,141,71,37.8,0,Medicare,0,3,1,5.4,1
73,1,2,Elective,3,GI,4,6,8.6,3.43,7.7,141.6,147,60,37.1,0,Medicare,0,2,0,5.3,1
30,0,1,Urgent,5,Infection,6,3,6.8,0.73,8.6,138.1,119,89,36.6,0,Medicare,0,0,0,4.3,1
69,1,0,Emergency,2,Orthopedic,2,3,6.8,0.64,12.5,136.1,128,70,37.9,0,Medicare,0,0,1,2.9,0
79,0,0,Emergency,4,Neurological,4,5,6.2,1.84,6.3,138.5,133,79,36.3,2,Private,0,0,1,7.0,1
50,0,1,Urgent,2,Orthopedic,2,3,4.4,1.42,7.5,138.3,130,70,38.0,0,Medicare,0,2,0,2.6,0
61,1,0,Emergency,0,Cardiac,5,3,5.1,0.63,10.7,148.4,147,73,37.9,1,Medicaid,0,1,1,6.6,1
58,1,2,Elective,0,Cardiac,1,3,9.5,2.9,6.7,141.0,146,76,36.6,2,Private,0,1,0,2.8,0
54,1,2,Elective,0,Cardiac,2,2,6.6,0.99,6.6,137.1,123,73,37.4,0,Medicare,0,2,0,3.1,1
58,1,1,Urgent,1,Respiratory,4,1,6.5,0.97,3.8,141.6,114,78,36.2,1,Medicaid,0,0,0,3.3,1
50,1,2,Elective,1,Respiratory,3,2,8.0,1.65,13.7,141.4,107,85,38.2,3,Self-Pay,0,0,0,2.1,0
76,1,0,Emergency,4,Neurological,1,4,5.1,3.22,10.7,136.9,113,95,38.1,2,Private,1,2,1,7.8,2
74,0,0,Emergency,3,GI,3,2,7.3,0.94,11.9,141.6,104,67,37.2,0,Medicare,0,1,1,6.4,1
50,0,0,Emergency,5,Infection,2,4,6.8,1.52,7.1,142.9,153,52,37.0,0,Medicare,0,1,1,4.8,1
18,0,0,Emergency,1,Respiratory,4,4,6.0,0.74,15.4,137.0,136,95,37.8,0,Medicare,0,2,1,5.5,1
78,0,2,Elective,5,Infection,1,4,5.6,1.14,10.1,133.2,110,83,35.6,2,Private,0,0,0,4.2,1
62,0,0,Emergency,3,GI,3,2,7.7,2.55,11.3,141.1,130,86,37.0,0,Medicare,1,0,1,8.5,2
41,1,2,Elective,2,Orthopedic,4,3,7.5,2.27,10.1,137.2,126,72,37.0,0,Medicare,0,5,0,3.5,1
59,1,2,Elective,3,GI,1,1,5.1,0.95,9.6,138.9,142,111,36.7,2,Private,0,1,0,4.1,1
78,1,0,Emergency,3,GI,1,1,7.3,1.75,9.5,140.8,146,85,38.2,1,Medicaid,1,0,1,6.9,1
63,0,0,Emergency,0,Cardiac,6,4,4.5,1.26,6.3,143.9,154,76,37.2,0,Medicare,0,0,1,5.7,1
50,0,0,Emergency,4,Neurological,3,3,5.3,1.12,10.2,136.4,107,63,36.9,1,Medicaid,0,2,1,6.2,1
50,0,0,Emergency,4,Neurological,2,0,7.2,0.52,10.2,136.6,100,101,35.1,0,Medicare,0,0,1,4.6,1
73,1,1,Urgent,5,Infection,6,1,7.0,0.96,7.8,139.5,147,62,37.5,0,Medicare,0,2,0,6.4,1
85,1,1,Urgent,5,Infection,2,1,4.6,0.73,7.9,132.8,114,113,36.9,2,Private,1,1,0,6.6,1
79,1,1,Urgent,3,GI,1,1,7.1,1.34,9.3,136.3,120,95,37.1,1,Medicaid,0,1,0,2.9,0
71,1,2,Elective,3,GI,1,2,6.2,0.81,5.6,141.0,130,73,37.6,3,Self-Pay,1,2,0,5.9,1
72,1,0,Emergency,5,Infection,3,0,8.4,0.42,9.6,138.3,135,88,36.2,1,Medicaid,0,4,1,6.5,1
44,0,0,Emergency,5,Infection,3,0,7.3,1.36,12.5,142.2,114,67,37.0,1,Medicaid,1,1,1,9.3,2
39,1,2,Elective,4,Neurological,2,3,4.5,1.51,4.5,135.9,154,97,36.9,0,Medicare,0,0,0,2.9,0
67,1,0,Emergency,4,Neurological,4,1,6.8,0.83,13.0,143.4,139,69,37.5,2,Private,1,2,1,8.2,2
74,1,0,Emergency,0,Cardiac,4,2,5.1,0.41,6.4,138.2,159,63,36.5,0,Medicare,1,1,1,4.9,1
81,0,2,Elective,4,Neurological,2,0,6.6,1.01,8.8,137.4,143,64,36.8,0,Medicare,1,1,0,4.9,1
66,0,2,Elective,1,Respiratory,4,2,7.2,0.79,12.1,141.6,144,88,38.2,2,Private,1,0,0,5.0,1
73,0,2,Elective,3,GI,3,0,7.4,0.61,8.0,132.7,154,84,36.5,2,Private,1,2,0,3.3,1
35,1,0,Emergency,2,Orthopedic,3,1,4.8,1.07,10.9,136.1,148,84,38.1,1,Medicaid,0,2,1,3.0,0
45,1,1,Urgent,1,Respiratory,3,1,5.4,0.98,5.8,139.2,160,73,38.1,0,Medicare,1,0,0,6.9,1
63,1,0,Emergency,1,Respiratory,2,2,6.6,0.82,10.7,139.9,85,78,39.9,1,Medicaid,1,3,1,7.0,1
65,1,2,Elective,4,Neurological,1,3,5.7,1.34,11.6,128.9,117,85,37.8,2,Private,0,2,0,6.1,1
61,0,0,Emergency,4,Neurological,1,2,5.7,1.22,7.0,134.8,107,102,37.4,3,Self-Pay,0,0,1,6.3,1
18,1,0,Emergency,2,Orthopedic,4,2,4.6,0.97,9.5,137.7,94,77,38.1,0,Medicare,0,0,1,3.7,1
21,0,2,Elective,3,GI,4,4,7.2,1.27,9.9,137.6,142,88,36.9,0,Medicare,0,2,0,3.4,1
77,1,2,Elective,5,Infection,4,0,5.3,1.12,8.1,140.5,168,105,37.5,1,Medicaid,0,2,0,6.3,1
50,1,1,Urgent,1,Respiratory,2,3,5.9,0.76,6.9,136.6,121,91,36.6,1,Medicaid,0,1,0,3.5,1
21,1,0,Emergency,3,GI,4,2,6.6,1.21,7.9,133.9,129,75,38.9,3,Self-Pay,0,2,1,5.0,1
73,1,1,Urgent,2,Orthopedic,2,1,4.0,1.52,8.6,140.2,136,81,36.4,1,Medicaid,0,1,0,3.8,1
60,1,2,Elective,5,Infection,4,1,4.0,1.05,9.1,133.6,115,88,37.7,2,Private,1,1,0,7.2,2
34,1,1,Urgent,1,Respiratory,3,3,9.4,3.55,10.0,135.9,132,57,37.4,2,Private,0,3,0,4.1,1
73,0,0,Emergency,5,Infection,3,2,4.0,1.15,9.5,134.8,165,72,36.4,0,Medicare,0,1,1,4.9,1
75,1,0,Emergency,1,Respiratory,3,1,8.2,1.41,7.8,136.1,116,85,36.4,0,Medicare,0,0,1,4.3,1
43,1,2,Elective,0,Cardiac,3,2,8.1,1.28,7.6,131.0,117,110,36.3,0,Medicare,0,4,0,4.4,1
53,1,1,Urgent,0,Cardiac,2,3,6.5,1.54,11.1,136.2,118,103,36.6,2,Private,1,2,0,7.5,2
75,1,1,Urgent,2,Orthopedic,3,3,9.2,1.52,9.8,141.6,121,64,37.2,0,Medicare,0,1,0,2.4,0
21,1,0,Emergency,3,GI,4,3,8.0,0.89,9.6,137.1,132,66,37.5,0,Medicare,0,2,1,5.2,1
74,1,1,Urgent,2,Orthopedic,2,2,6.9,1.3,8.1,128.8,107,108,37.4,0,Medicare,0,1,0,4.0,1
80,0,2,Elective,1,Respiratory,4,2,7.2,1.02,5.3,132.0,128,65,37.4,1,Medicaid,0,1,0,3.3,1
64,1,0,Emergency,3,GI,3,3,8.2,0.9,8.4,133.6,119,62,38.0,1,Medicaid,0,0,1,4.8,1
62,1,1,Urgent,4,Neurological,1,1,7.2,1.07,9.4,137.0,135,55,37.3,0,Medicare,0,2,0,3.5,1
64,1,0,Emergency,4,Neurological,1,2,8.0,1.06,6.5,131.1,140,74,37.8,3,Self-Pay,0,0,1,3.6,1
44,0,0,Emergency,4,Neurological,5,2,9.4,2.1,19.3,139.8,131,110,37.7,1,Medicaid,1,3,1,11.3,2
53,1,2,Elective,5,Infection,1,1,8.8,0.8,12.4,144.3,139,95,37.7,0,Medicare,0,2,0,1.9,0
76,0,2,Elective,3,GI,3,2,5.9,1.3,8.9,142.4,108,82,37.8,2,Private,0,2,0,4.5,1
78,1,1,Urgent,0,Cardiac,3,2,5.0,1.29,10.9,140.3,128,106,37.4,2,Private,0,4,0,5.1,1
71,0,0,Emergency,1,Respiratory,1,3,6.6,1.04,9.3,141.6,130,110,36.2,0,Medicare,0,3,1,3.0,0
65,1,0,Emergency,1,Respiratory,1,2,10.2,1.94,8.4,143.4,125,74,37.9,3,Self-Pay,0,1,1,3.3,1
69,0,2,Elective,2,Orthopedic,2,1,4.4,1.47,15.0,140.3,119,58,38.5,2,Private,0,1,0,4.9,1
29,0,0,Emergency,5,Infection,1,0,6.1,0.56,9.8,133.0,125,62,36.3,2,Private,0,0,1,4.8,1
24,1,2,Elective,4,Neurological,1,1,6.3,2.27,5.5,143.1,141,70,37.9,2,Private,0,2,0,4.3,1
86,0,0,Emergency,1,Respiratory,1,2,5.0,3.39,9.9,139.2,115,81,37.2,1,Medicaid,1,1,1,7.3,2
31,0,2,Elective,2,Orthopedic,1,1,6.7,2.85,9.4,136.1,130,107,37.5,0,Medicare,0,0,0,2.4,0
45,0,2,Elective,3,GI,3,2,5.5,1.44,8.8,139.8,144,96,38.1,0,Medicare,0,1,0,2.7,0
57,1,0,Emergency,5,Infection,1,1,6.4,0.71,10.3,136.6,144,69,37.9,0,Medicare,0,4,1,4.8,1
71,1,2,Elective,0,Cardiac,4,2,6.2,1.25,8.1,136.1,110,91,36.7,0,Medicare,0,3,0,4.0,1
85,0,0,Emergency,2,Orthopedic,6,3,6.6,0.65,2.4,145.3,132,91,36.6,2,Private,0,1,1,6.4,1
60,1,0,Emergency,5,Infection,3,1,4.8,1.84,10.9,130.4,129,62,36.7,2,Private,0,2,1,5.7,1
70,0,1,Urgent,5,Infection,3,3,5.6,1.5,7.3,137.3,133,74,36.8,1,Medicaid,1,1,0,5.8,1
60,1,1,Urgent,1,Respiratory,3,3,6.2,3.15,8.4,134.4,142,52,37.3,2,Private,0,2,0,5.0,1
71,1,0,Emergency,0,Cardiac,3,1,6.4,1.7,8.4,134.5,115,89,37.0,1,Medicaid,0,1,1,3.6,1
35,1,1,Urgent,3,GI,4,4,6.5,0.8,11.0,132.5,148,78,36.8,2,Private,0,2,0,4.2,1
50,1,0,Emergency,5,Infection,5,2,7.6,2.15,11.2,137.3,118,82,36.7,2,Private,0,2,1,7.6,2
67,0,0,Emergency,1,Respiratory,6,4,4.5,1.13,6.8,141.2,133,98,37.3,2,Private,1,0,1,5.2,1
50,0,1,Urgent,5,Infection,8,2,6.0,1.09,11.2,140.1,124,99,36.5,0,Medicare,0,2,0,7.0,1
76,1,1,Urgent,1,Respiratory,6,2,4.8,1.34,6.4,138.7,155,96,37.8,0,Medicare,0,1,0,3.3,1
28,0,1,Urgent,3,GI,3,4,4.6,0.94,14.4,136.8,131,96,37.3,1,Medicaid,1,2,0,6.6,1
69,0,1,Urgent,4,Neurological,2,2,7.1,0.9,5.1,134.6,142,81,35.9,0,Medicare,0,0,0,6.0,1
75,0,2,Elective,1,Respiratory,4,1,6.6,3.48,11.0,138.1,112,81,37.5,1,Medicaid,0,0,0,4.1,1
85,0,1,Urgent,1,Respiratory,2,3,5.5,2.03,9.6,140.7,125,104,37.7,0,Medicare,1,0,0,6.7,1
50,1,0,Emergency,2,Orthopedic,2,5,5.4,1.55,11.7,136.6,139,76,38.2,1,Medicaid,1,3,1,7.4,2
43,0,1,Urgent,4,Neurological,3,1,4.1,1.2,7.7,135.1,96,60,36.6,1,Medicaid,1,2,0,6.4,1
67,0,1,Urgent,0,Cardiac,2,1,8.4,0.61,14.4,144.2,120,54,36.4,0,Medicare,0,2,0,6.0,1
24,1,1,Urgent,3,GI,3,1,6.3,1.84,7.8,134.0,114,96,37.7,0,Medicare,0,1,0,2.1,0
71,0,1,Urgent,3,GI,6,1,4.0,0.93,12.7,141.6,100,80,36.9,1,Medicaid,0,0,0,4.5,1
49,1,0,Emergency,3,GI,2,0,6.6,1.05,1.5,133.6,89,99,37.5,1,Medicaid,0,2,1,2.9,0
36,0,0,Emergency,5,Infection,3,4,5.1,1.74,8.4,135.4,134,63,37.8,2,Private,0,0,1,5.4,1
38,1,1,Urgent,3,GI,3,2,5.4,0.57,13.4,141.7,113,78,37.1,1,Medicaid,0,1,0,3.8,1
60,0,0,Emergency,3,GI,1,5,8.3,1.1,9.8,139.0,87,86,37.3,1,Medicaid,0,0,1,7.6,2
69,0,1,Urgent,3,GI,1,2,6.1,1.27,18.5,136.6,142,110,36.4,0,Medicare,1,1,0,7.8,2
50,1,1,Urgent,4,Neurological,4,6,9.5,1.61,16.2,144.2,116,71,37.5,2,Private,0,3,0,6.6,1
81,1,1,Urgent,0,Cardiac,1,1,11.9,0.95,4.2,133.3,116,98,37.5,0,Medicare,1,0,0,5.6,1
82,1,1,Urgent,5,Infection,3,0,9.0,0.58,19.9,140.2,152,79,36.8,2,Private,0,0,0,5.4,1
69,1,0,Emergency,0,Cardiac,3,3,4.6,1.27,12.0,143.0,107,76,37.3,2,Private,0,1,1,6.4,1
50,0,2,Elective,3,GI,4,0,9.0,0.79,10.8,138.2,133,98,37.5,0,Medicare,0,4,0,2.6,0
80,0,1,Urgent,3,GI,3,0,5.5,1.49,3.7,138.5,139,105,37.7,1,Medicaid,0,2,0,1.9,0
72,0,0,Emergency,0,Cardiac,2,2,7.4,1.91,12.6,138.9,141,84,36.4,1,Medicaid,1,4,1,8.6,2
28,0,0,Emergency,0,Cardiac,2,2,9.0,1.27,13.0,132.1,86,47,36.4,0,Medicare,0,1,1,4.9,1
63,0,0,Emergency,0,Cardiac,6,0,4.5,0.67,7.5,135.2,146,70,36.4,0,Medicare,0,1,1,5.0,1
50,1,1,Urgent,1,Respiratory,4,1,6.7,1.29,14.3,142.5,119,74,36.8,0,Medicare,0,0,0,5.1,1
43,1,0,Emergency,5,Infection,2,2,6.7,1.28,4.4,134.8,125,93,35.0,0,Medicare,0,0,1,4.8,1
72,1,0,Emergency,4,Neurological,5,2,4.9,0.83,9.2,136.4,145,60,37.9,0,Medicare,0,0,1,5.7,1
44,1,0,Emergency,0,Cardiac,1,3,4.0,2.12,14.1,132.9,135,83,37.7,0,Medicare,1,0,1,8.5,2
36,1,1,Urgent,1,Respiratory,3,2,7.8,1.28,6.7,135.1,104,84,36.2,0,Medicare,1,1,0,6.0,1
50,0,1,Urgent,5,Infection,1,3,4.0,1.27,7.8,140.4,156,89,36.9,0,Medicare,0,4,0,3.5,1
75,1,1,Urgent,1,Respiratory,3,4,7.7,1.18,7.0,132.5,129,99,37.7,1,Medicaid,0,2,0,4.6,1
62,1,2,Elective,5,Infection,2,3,6.2,2.56,7.8,130.9,140,62,37.7,0,Medicare,0,1,0,5.4,1
63,0,0,Emergency,1,Respiratory,6,2,8.9,2.34,8.7,141.9,105,77,37.1,2,Private,1,1,1,8.0,2
57,0,1,Urgent,4,Neurological,2,3,4.5,1.01,7.8,138.0,127,75,38.4,1,Medicaid,0,1,0,6.7,1
70,1,0,Emergency,2,Orthopedic,1,2,6.4,1.77,17.9,133.3,121,77,37.9,0,Medicare,0,2,1,2.6,0
77,1,1,Urgent,0,Cardiac,2,2,10.3,1.14,7.0,140.1,108,76,37.7,0,Medicare,1,0,0,7.4,2
60,0,1,Urgent,1,Respiratory,2,1,5.2,1.6,8.2,133.5,104,84,38.3,0,Medicare,0,3,0,4.9,1
85,1,0,Emergency,3,GI,5,0,9.5,0.85,5.9,137.1,136,97,36.7,2,Private,0,3,1,7.2,2
34,0,0,Emergency,1,Respiratory,1,1,5.1,1.07,4.4,134.6,126,68,36.4,0,Medicare,0,2,1,5.2,1
59,1,2,Elective,3,GI,2,2,6.8,0.57,10.7,130.6,138,69,36.8,0,Medicare,0,0,0,1.9,0
67,0,0,Emergency,0,Cardiac,2,2,5.0,1.16,14.4,142.2,114,70,36.5,2,Private,0,1,1,5.4,1
65,0,0,Emergency,2,Orthopedic,4,0,7.4,0.79,16.0,135.1,116,101,37.3,0,Medicare,0,0,1,5.9,1
18,1,2,Elective,2,Orthopedic,3,2,4.2,0.64,11.6,143.6,130,76,36.7,2,Private,0,3,0,5.3,1
62,1,1,Urgent,2,Orthopedic,4,0,5.5,1.22,9.1,138.4,142,76,37.4,1,Medicaid,1,0,0,3.7,1
50,1,1,Urgent,0,Cardiac,1,2,5.6,0.72,13.9,135.9,129,123,37.6,0,Medicare,0,0,0,4.5,1
59,0,2,Elective,2,Orthopedic,3,2,5.2,0.87,8.7,133.6,119,74,36.7,1,Medicaid,0,0,0,5.8,1
75,1,0,Emergency,3,GI,2,0,9.1,2.77,13.6,138.2,155,66,37.3,2,Private,0,1,1,7.9,2
40,0,0,Emergency,5,Infection,3,1,5.1,0.75,6.8,140.0,112,55,36.6,3,Self-Pay,0,2,1,2.8,0
75,0,2,Elective,4,Neurological,2,0,6.7,1.01,14.8,141.9,108,111,37.6,0,Medicare,1,0,0,8.1,2
77,1,2,Elective,0,Cardiac,1,0,9.8,0.73,8.6,140.4,147,99,35.9,0,Medicare,1,2,0,8.5,2
60,0,0,Emergency,1,Respiratory,6,1,6.9,2.19,13.7,137.0,165,80,37.5,2,Private,1,2,1,9.3,2
69,0,0,Emergency,0,Cardiac,3,1,4.0,1.28,15.2,140.1,146,71,37.0,1,Medicaid,1,0,1,8.4,2
54,0,0,Emergency,0,Cardiac,2,2,10.2,1.94,9.8,136.4,117,91,36.6,1,Medicaid,0,2,1,6.8,1
64,1,2,Elective,1,Respiratory,3,5,8.5,1.41,9.2,144.0,146,78,36.3,1,Medicaid,0,2,0,3.4,1
76,1,0,Emergency,0,Cardiac,5,3,8.8,1.28,13.8,136.6,99,93,36.6,0,Medicare,1,3,1,8.0,2
50,1,2,Elective,0,Cardiac,5,1,8.9,1.5,11.7,140.1,101,62,38.9,1,Medicaid,0,1,0,2.4,0
78,1,2,Elective,1,Respiratory,4,2,6.3,0.52,13.7,129.1,145,82,36.9,0,Medicare,1,2,0,7.4,2
71,1,2,Elective,1,Respiratory,1,4,4.0,0.69,11.9,140.0,123,68,37.1,1,Medicaid,1,0,0,6.1,1
50,1,1,Urgent,0,Cardiac,3,4,8.3,1.45,10.3,139.5,144,75,37.2,1,Medicaid,1,1,0,5.2,1
65,1,0,Emergency,1,Respiratory,1,3,4.0,1.34,11.9,145.7,137,66,37.5,2,Private,1,1,1,8.4,2
70,0,0,Emergency,3,GI,5,1,4.0,0.71,9.7,136.3,127,90,37.1,3,Self-Pay,1,1,1,6.7,1
59,1,1,Urgent,1,Respiratory,1,4,6.5,1.22,5.3,144.5,121,65,37.3,2,Private,0,0,0,5.1,1
77,0,0,Emergency,0,Cardiac,4,0,8.4,1.03,10.6,138.2,123,106,38.1,1,Medicaid,0,3,1,5.0,1
70,1,0,Emergency,0,Cardiac,2,1,5.3,1.83,7.4,144.1,131,83,37.8,0,Medicare,0,0,1,3.5,1
60,0,1,Urgent,2,Orthopedic,2,4,5.4,1.3,6.2,139.4,103,68,39.3,1,Medicaid,0,0,0,1.7,0
66,1,1,Urgent,4,Neurological,3,1,11.1,1.37,8.1,135.8,141,75,37.4,2,Private,0,0,0,5.9,1
50,1,2,Elective,0,Cardiac,4,0,8.2,0.84,4.9,143.7,98,82,36.6,2,Private,0,3,0,5.9,1
68,1,0,Emergency,2,Orthopedic,4,3,7.3,1.0,1.5,136.6,175,116,37.4,2,Private,0,0,1,1.7,0
50,1,0,Emergency,3,GI,3,2,9.2,0.8,11.5,136.6,150,98,36.4,0,Medicare,0,0,1,2.8,0
80,0,1,Urgent,3,GI,3,2,7.6,1.17,7.0,139.1,113,41,38.0,1,Medicaid,0,2,0,5.1,1
53,1,2,Elective,5,Infection,5,1,4.5,1.16,10.0,138.1,158,78,37.2,2,Private,1,0,0,8.1,2
68,0,2,Elective,5,Infection,4,1,4.3,1.59,8.4,140.2,111,68,37.5,1,Medicaid,0,1,0,4.6,1
72,0,0,Emergency,0,Cardiac,7,4,6.2,2.02,12.6,139.0,154,55,36.1,1,Medicaid,1,1,1,9.6,2
35,0,0,Emergency,1,Respiratory,4,4,6.0,1.13,7.4,140.3,135,114,36.4,1,Medicaid,0,1,1,4.9,1
50,0,2,Elective,3,GI,6,3,10.3,0.42,4.6,140.2,156,80,36.0,0,Medicare,1,2,0,4.8,1
29,1,0,Emergency,5,Infection,8,2,6.3,2.14,12.0,133.1,103,74,37.9,2,Private,1,1,1,10.6,2
41,1,0,Emergency,4,Neurological,3,5,9.6,1.56,1.5,130.1,149,113,36.7,1,Medicaid,0,1,1,4.3,1
65,1,0,Emergency,0,Cardiac,3,1,7.2,0.79,9.8,139.1,90,90,37.1,2,Private,0,1,1,5.3,1
63,0,1,Urgent,1,Respiratory,3,3,8.0,7.7,9.7,135.2,126,74,38.4,1,Medicaid,0,1,0,2.5,0
50,0,0,Emergency,4,Neurological,6,1,4.0,1.21,11.3,134.8,86,89,36.9,0,Medicare,0,2,1,5.8,1
78,0,0,Emergency,2,Orthopedic,2,2,10.8,0.88,17.4,136.9,119,108,37.8,0,Medicare,0,1,1,3.4,1
52,0,1,Urgent,2,Orthopedic,3,4,5.1,0.96,7.7,139.1,128,75,37.0,1,Medicaid,0,1,0,5.3,1
50,0,0,Emergency,3,GI,2,1,8.5,1.82,10.6,137.5,152,86,38.0,1,Medicaid,0,1,1,4.2,1
53,0,1,Urgent,0,Cardiac,4,2,4.0,0.89,11.3,140.9,117,103,36.9,1,Medicaid,0,2,0,3.7,1
48,1,1,Urgent,4,Neurological,3,3,9.5,0.6,9.3,134.4,155,70,38.1,0,Medicare,0,2,0,4.2,1
36,1,1,Urgent,5,Infection,1,4,4.0,2.05,6.1,145.4,158,100,38.2,0,Medicare,1,0,0,7.3,2
28,1,0,Emergency,2,Orthopedic,2,0,4.7,1.15,3.6,141.8,111,91,36.1,2,Private,0,0,1,2.7,0
51,0,1,Urgent,3,GI,2,3,5.7,0.93,6.6,136.8,159,108,37.7,0,Medicare,0,0,0,4.2,1
83,1,0,Emergency,3,GI,5,5,5.8,1.74,4.2,146.1,106,53,38.2,2,Private,1,1,1,7.6,2
42,1,0,Emergency,0,Cardiac,3,0,5.9,1.23,4.6,128.6,88,66,36.9,3,Self-Pay,0,1,1,5.3,1
58,0,1,Urgent,0,Cardiac,5,3,7.2,1.01,9.2,142.2,126,68,36.6,0,Medicare,0,0,0,2.3,0
28,0,1,Urgent,0,Cardiac,1,0,4.6,1.04,4.4,138.2,123,72,36.0,2,Private,0,1,0,3.6,1
53,0,0,Emergency,5,Infection,1,2,7.1,1.37,11.1,142.9,116,86,37.4,2,Private,0,3,1,3.7,1
61,0,0,Emergency,1,Respiratory,2,1,9.6,1.93,5.1,136.1,112,118,37.0,0,Medicare,0,0,1,3.6,1
50,0,0,Emergency,0,Cardiac,2,2,4.6,1.42,11.9,133.5,137,64,37.1,2,Private,0,1,1,6.0,1
67,0,1,Urgent,2,Orthopedic,2,0,6.3,2.59,5.6,139.0,95,72,37.1,1,Medicaid,0,2,0,6.4,1
88,0,1,Urgent,0,Cardiac,4,0,8.0,0.63,11.4,136.0,137,102,37.6,0,Medicare,0,0,0,4.0,1
19,0,2,Elective,0,Cardiac,4,1,4.0,0.77,9.7,139.1,124,86,37.7,0,Medicare,1,2,0,7.9,2
58,1,1,Urgent,2,Orthopedic,2,2,4.2,0.52,11.0,139.4,103,110,39.1,3,Self-Pay,1,0,0,6.3,1
76,0,2,Elective,2,Orthopedic,1,1,7.5,0.96,7.6,131.6,114,79,37.8,2,Private,0,0,0,2.1,0
86,1,0,Emergency,3,GI,3,0,5.9,2.47,7.3,141.6,103,78,38.3,0,Medicare,0,1,1,5.1,1
90,0,0,Emergency,3,GI,3,2,6.9,1.55,15.1,126.7,143,98,37.2,2,Private,0,2,1,3.4,1
50,0,2,Elective,3,GI,1,3,7.2,1.67,5.5,150.0,120,73,37.6,2,Private,1,1,0,3.5,1
50,1,0,Emergency,2,Orthopedic,3,2,4.0,1.35,6.2,139.1,101,70,37.1,2,Private,0,2,1,3.7,1
50,1,1,Urgent,3,GI,3,3,9.6,0.86,2.1,135.2,140,83,36.8,2,Private,0,1,0,2.6,0
45,0,0,Emergency,1,Respiratory,5,2,6.3,2.27,6.5,131.5,138,70,37.6,0,Medicare,0,0,1,4.7,1
54,1,2,Elective,2,Orthopedic,2,1,6.4,0.91,3.8,140.4,116,84,37.3,1,Medicaid,0,3,0,2.6,0
43,1,0,Emergency,1,Respiratory,1,1,6.2,1.08,14.8,139.6,142,88,35.8,2,Private,0,2,1,2.2,0
52,1,0,Emergency,1,Respiratory,2,1,7.5,2.75,11.4,137.7,124,105,38.1,1,Medicaid,0,2,1,7.3,2
35,0,1,Urgent,1,Respiratory,1,0,7.9,1.49,6.8,136.5,144,58,36.0,2,Private,0,2,0,1.1,0
57,1,0,Emergency,0,Cardiac,2,1,4.0,1.72,11.8,140.7,99,113,37.1,2,Private,1,1,1,7.0,1
70,0,2,Elective,2,Orthopedic,2,2,7.9,0.94,1.5,129.0,143,73,37.0,3,Self-Pay,0,0,0,2.2,0
62,0,0,Emergency,2,Orthopedic,4,1,4.2,0.62,5.1,132.7,140,114,36.7,0,Medicare,1,0,1,5.8,1
74,0,1,Urgent,1,Respiratory,3,1,5.5,0.64,11.5,140.3,164,76,36.5,1,Medicaid,0,0,0,2.9,0
66,1,0,Emergency,5,Infection,4,1,4.6,0.88,4.9,136.1,125,79,37.2,0,Medicare,1,0,1,10.0,2
69,1,2,Elective,3,GI,6,0,5.5,1.02,6.7,140.9,125,97,37.2,3,Self-Pay,1,3,0,5.6,1
50,1,2,Elective,5,Infection,1,2,5.9,1.16,12.3,133.9,130,57,37.1,2,Private,0,1,0,6.5,1
64,1,2,Elective,3,GI,3,1,6.1,1.29,10.4,137.6,135,67,36.1,0,Medicare,0,0,0,1.0,0
67,1,2,Elective,0,Cardiac,2,2,4.0,1.22,4.7,136.0,128,59,36.8,3,Self-Pay,0,0,0,5.6,1
78,1,0,Emergency,5,Infection,3,2,6.5,1.57,7.7,144.5,140,100,36.9,1,Medicaid,0,1,1,5.3,1
53,1,2,Elective,5,Infection,4,2,7.3,1.32,6.8,136.4,117,90,36.7,2,Private,0,1,0,4.9,1
81,1,1,Urgent,2,Orthopedic,7,2,6.3,1.82,6.6,142.3,139,100,37.9,0,Medicare,0,0,0,4.4,1
80,0,2,Elective,1,Respiratory,1,2,5.5,1.41,6.9,139.2,145,84,36.1,0,Medicare,0,1,0,1.0,0
63,1,1,Urgent,1,Respiratory,6,1,4.8,1.24,13.3,134.3,148,63,36.9,3,Self-Pay,0,1,0,4.6,1
82,1,0,Emergency,4,Neurological,4,0,4.0,0.86,6.2,139.6,133,81,36.1,0,Medicare,0,2,1,5.2,1
79,1,1,Urgent,0,Cardiac,1,2,7.4,1.48,13.1,139.2,135,78,36.4,2,Private,0,0,0,3.4,1
49,1,0,Emergency,3,GI,3,2,7.0,0.66,12.0,132.5,124,67,37.1,0,Medicare,0,1,1,4.1,1
25,1,1,Urgent,3,GI,3,1,5.7,2.04,12.4,136.5,124,85,37.9,1,Medicaid,0,1,0,3.9,1
51,1,0,Emergency,0,Cardiac,5,0,4.0,1.83,10.8,138.1,154,85,38.3,1,Medicaid,0,0,1,4.4,1
75,1,0,Emergency,3,GI,2,2,6.1,1.03,10.9,143.9,110,86,36.8,2,Private,0,1,1,4.3,1
62,0,2,Elective,3,GI,1,2,5.5,0.97,9.7,141.3,108,91,35.6,0,Medicare,1,3,0,5.3,1
53,0,2,Elective,1,Respiratory,1,2,8.9,1.79,7.2,136.3,136,78,37.9,0,Medicare,0,1,0,3.6,1
48,1,2,Elective,2,Orthopedic,2,1,8.5,1.13,14.5,131.8,96,93,38.2,2,Private,0,1,0,4.2,1
73,0,2,Elective,4,Neurological,2,1,5.1,1.74,7.6,143.0,133,71,36.2,1,Medicaid,1,0,0,6.0,1
34,0,1,Urgent,2,Orthopedic,4,1,7.8,1.87,8.6,140.3,120,94,37.6,1,Medicaid,0,3,0,2.9,0
94,0,1,Urgent,3,GI,2,2,4.5,0.83,11.3,131.7,114,92,37.3,1,Medicaid,1,0,0,7.3,2
84,1,0,Emergency,2,Orthopedic,2,1,8.8,0.59,10.6,132.2,155,104,36.4,0,Medicare,0,2,1,2.6,0
90,0,2,Elective,0,Cardiac,4,5,6.8,1.11,4.5,135.2,129,94,35.3,2,Private,0,0,0,3.5,1
43,1,2,Elective,5,Infection,4,3,10.2,1.74,8.4,143.9,89,90,36.6,2,Private,0,1,0,3.6,1
27,1,1,Urgent,2,Orthopedic,10,3,5.2,1.14,8.3,134.5,102,101,36.5,2,Private,1,1,0,7.2,2
76,1,2,Elective,1,Respiratory,5,1,8.7,1.84,13.6,134.8,148,80,36.0,2,Private,0,1,0,2.9,0
50,0,1,Urgent,3,GI,5,5,9.1,0.7,10.7,127.8,122,59,37.2,1,Medicaid,0,2,0,4.4,1
57,1,0,Emergency,3,GI,1,2,5.7,0.51,15.2,137.2,165,94,35.9,2,Private,0,2,1,4.0,1
29,1,2,Elective,1,Respiratory,4,2,4.0,1.2,8.7,146.3,107,64,37.5,0,Medicare,1,2,0,7.4,2
54,0,1,Urgent,5,Infection,3,3,7.9,0.73,8.8,141.4,149,96,39.2,2,Private,1,1,0,7.1,2
84,0,1,Urgent,0,Cardiac,2,1,4.7,0.94,8.7,139.6,148,55,37.6,0,Medicare,0,0,0,3.7,1
68,0,0,Emergency,3,GI,4,0,5.9,1.07,10.6,135.6,97,99,38.9,2,Private,1,1,1,5.5,1
73,0,1,Urgent,2,Orthopedic,1,3,5.0,1.86,18.6,131.7,116,112,38.3,3,Self-Pay,1,1,0,5.0,1
31,0,1,Urgent,1,Respiratory,3,1,9.9,1.64,9.4,141.0,154,86,36.5,2,Private,1,2,0,7.3,2
50,0,1,Urgent,4,Neurological,2,1,6.6,0.95,5.9,137.1,154,73,37.6,0,Medicare,0,1,0,5.4,1
20,1,1,Urgent,3,GI,6,1,7.1,1.95,10.1,139.9,126,81,37.9,0,Medicare,0,0,0,2.8,0
60,1,0,Emergency,4,Neurological,7,2,6.5,3.03,6.7,130.3,127,92,36.3,0,Medicare,1,2,1,9.4,2
74,1,1,Urgent,2,Orthopedic,6,2,5.1,1.17,7.1,140.3,105,90,36.3,2,Private,0,2,0,4.8,1
76,1,2,Elective,5,Infection,4,2,7.6,2.06,9.7,146.0,154,66,38.1,3,Self-Pay,1,1,0,8.3,2
75,1,0,Emergency,1,Respiratory,1,2,8.2,3.0,15.4,134.9,140,106,35.4,0,Medicare,1,2,1,8.9,2
59,1,0,Emergency,2,Orthopedic,6,2,5.4,1.62,8.0,127.3,99,69,37.7,3,Self-Pay,0,1,1,5.5,1
71,0,0,Emergency,5,Infection,5,3,6.7,1.02,10.1,142.9,127,67,37.4,1,Medicaid,0,1,1,4.2,1
78,0,2,Elective,0,Cardiac,3,1,8.4,1.48,8.9,125.4,149,72,38.4,2,Private,0,1,0,3.3,1
50,1,1,Urgent,0,Cardiac,3,3,4.4,0.77,11.3,143.0,125,86,38.4,0,Medicare,0,2,0,3.8,1
60,1,2,Elective,5,Infection,2,1,6.2,0.87,1.5,137.7,140,86,37.0,0,Medicare,0,3,0,4.9,1
25,0,1,Urgent,5,Infection,1,3,8.0,0.97,8.0,148.1,120,78,36.0,3,Self-Pay,0,2,0,4.8,1
50,0,1,Urgent,4,Neurological,3,3,4.7,1.18,8.6,132.5,129,91,37.6,0,Medicare,0,1,0,5.4,1
66,1,2,Elective,2,Orthopedic,3,3,6.7,1.32,9.9,139.6,137,78,36.9,0,Medicare,0,0,0,2.5,0
25,0,0,Emergency,2,Orthopedic,4,1,5.5,0.75,11.7,130.4,134,80,36.2,2,Private,0,0,1,6.6,1
73,0,0,Emergency,1,Respiratory,3,3,5.2,2.48,13.8,143.9,123,75,37.1,0,Medicare,0,1,1,6.4,1
82,1,1,Urgent,2,Orthopedic,3,4,5.2,1.11,9.4,140.6,119,86,37.1,0,Medicare,0,3,0,2.4,0
72,1,0,Emergency,2,Orthopedic,5,2,4.1,0.96,14.4,139.7,143,70,36.3,2,Private,0,2,1,6.6,1
43,1,0,Emergency,0,Cardiac,3,2,4.0,2.39,11.8,142.0,160,78,36.6,1,Medicaid,1,0,1,8.1,2
71,1,0,Emergency,2,Orthopedic,1,3,4.8,1.7,13.0,131.9,139,89,37.9,0,Medicare,0,0,1,4.9,1
40,1,0,Emergency,2,Orthopedic,5,2,7.2,1.4,10.5,140.2,95,104,37.4,1,Medicaid,0,2,1,5.6,1
88,1,0,Emergency,3,GI,4,2,4.7,1.4,10.2,145.7,107,48,35.6,3,Self-Pay,0,0,1,2.8,0
52,0,2,Elective,2,Orthopedic,5,2,5.7,1.21,13.8,133.1,114,83,38.8,0,Medicare,0,0,0,1.0,0
57,0,0,Emergency,5,Infection,4,1,4.0,1.16,10.6,142.2,81,83,36.8,0,Medicare,0,0,1,5.7,1
74,1,0,Emergency,1,Respiratory,2,1,6.7,1.28,10.8,140.9,153,67,37.6,3,Self-Pay,0,3,1,6.5,1
75,0,0,Emergency,2,Orthopedic,2,0,9.6,1.68,5.8,135.3,105,70,38.4,0,Medicare,0,1,1,4.1,1
81,0,1,Urgent,3,GI,1,0,7.5,0.85,9.0,137.9,134,64,37.0,3,Self-Pay,0,1,0,3.3,1
62,0,1,Urgent,0,Cardiac,4,2,6.0,1.47,7.9,148.6,123,98,37.8,0,Medicare,1,1,0,6.0,1
85,1,2,Elective,1,Respiratory,3,4,7.2,0.88,12.3,140.0,128,55,36.2,0,Medicare,1,3,0,5.6,1
50,0,2,Elective,3,GI,1,1,8.6,2.25,10.9,146.2,120,65,35.2,1,Medicaid,0,0,0,4.5,1
55,1,0,Emergency,2,Orthopedic,2,3,8.3,1.02,11.2,137.2,102,69,37.7,0,Medicare,0,0,1,3.6,1
56,1,0,Emergency,5,Infection,3,3,8.5,0.97,8.2,140.3,163,71,37.6,1,Medicaid,0,1,1,5.6,1
30,0,0,Emergency,3,GI,3,2,6.9,0.51,7.6,136.8,104,80,37.1,1,Medicaid,0,2,1,3.3,1
79,1,2,Elective,0,Cardiac,3,1,9.7,0.94,10.1,139.8,114,72,36.4,2,Private,0,1,0,4.1,1
86,1,1,Urgent,2,Orthopedic,4,1,5.9,1.81,13.3,134.7,156,79,36.7,3,Self-Pay,0,1,0,4.1,1
50,0,0,Emergency,4,Neurological,5,5,9.1,2.29,5.8,131.9,125,63,35.8,2,Private,0,1,1,8.0,2
90,1,0,Emergency,3,GI,5,5,7.8,0.5,7.4,135.9,132,56,36.2,0,Medicare,0,1,1,4.3,1
50,1,1,Urgent,5,Infection,4,2,5.3,0.7,15.9,145.5,140,84,36.3,2,Private,0,1,0,6.9,1
68,1,0,Emergency,4,Neurological,5,4,4.0,1.46,5.4,129.7,156,98,36.4,0,Medicare,1,1,1,6.0,1
50,0,2,Elective,0,Cardiac,2,1,6.9,0.97,13.0,138.7,132,82,36.9,0,Medicare,0,1,0,1.0,0
37,1,1,Urgent,0,Cardiac,2,2,4.0,3.43,3.2,137.5,110,79,38.9,2,Private,0,1,0,4.4,1
50,1,1,Urgent,3,GI,2,2,6.9,1.52,6.9,138.6,96,80,37.0,1,Medicaid,0,1,0,4.1,1
61,1,1,Urgent,1,Respiratory,5,2,4.7,1.95,11.8,134.2,136,75,35.8,1,Medicaid,0,1,0,2.7,0
83,0,0,Emergency,3,GI,1,1,7.9,1.95,7.2,142.5,144,101,36.9,0,Medicare,0,1,1,3.7,1
50,1,1,Urgent,4,Neurological,2,1,4.1,1.16,7.7,137.8,100,103,36.7,0,Medicare,0,1,0,5.6,1
53,1,1,Urgent,3,GI,3,1,9.9,0.83,3.1,146.8,121,100,37.7,2,Private,0,2,0,4.5,1
77,0,0,Emergency,2,Orthopedic,1,2,7.0,3.4,5.8,133.5,120,106,38.1,0,Medicare,0,1,1,6.7,1
50,0,1,Urgent,3,GI,3,2,4.0,0.9,3.6,141.2,101,91,37.9,1,Medicaid,1,0,0,6.0,1
26,1,2,Elective,0,Cardiac,1,1,7.9,0.89,4.5,138.2,177,86,37.5,0,Medicare,1,0,0,4.6,1
37,0,0,Emergency,4,Neurological,2,3,4.0,1.33,11.5,136.4,88,78,37.0,2,Private,0,0,1,3.6,1
79,1,1,Urgent,3,GI,3,2,7.6,1.01,4.5,132.2,131,84,37.4,0,Medicare,0,3,0,3.9,1
79,0,0,Emergency,2,Orthopedic,1,1,5.0,0.76,10.0,146.6,119,83,37.0,0,Medicare,0,0,1,3.7,1
76,0,1,Urgent,1,Respiratory,2,2,10.6,1.28,8.6,135.0,110,102,37.0,2,Private,0,2,0,3.5,1
71,1,0,Emergency,4,Neurological,1,0,6.4,1.29,5.2,140.3,128,90,38.0,2,Private,0,0,1,4.0,1
32,0,1,Urgent,2,Orthopedic,2,5,4.0,1.27,4.9,135.6,150,105,37.2,0,Medicare,0,1,0,4.5,1
72,1,0,Emergency,0,Cardiac,3,2,6.2,0.61,11.0,142.6,169,68,37.6,0,Medicare,0,0,1,3.0,0
25,1,0,Emergency,5,Infection,3,1,4.7,0.63,11.3,134.1,133,113,36.3,2,Private,0,0,1,2.9,0
66,1,1,Urgent,4,Neurological,3,1,9.1,1.14,13.2,144.7,121,79,38.8,2,Private,0,2,0,4.3,1
33,1,1,Urgent,3,GI,1,2,7.1,2.0,8.4,134.1,116,107,37.2,0,Medicare,0,3,0,3.7,1
85,1,2,Elective,2,Orthopedic,5,3,5.7,1.81,7.4,138.8,105,77,37.4,0,Medicare,0,3,0,4.6,1
40,0,1,Urgent,5,Infection,3,0,7.3,1.18,2.6,138.4,158,90,36.6,0,Medicare,0,1,0,5.2,1
35,1,1,Urgent,4,Neurological,5,1,8.1,0.69,9.0,136.7,146,80,36.8,1,Medicaid,0,0,0,5.3,1
29,0,1,Urgent,2,Orthopedic,5,2,7.9,1.79,4.1,134.3,120,86,38.6,2,Private,0,1,0,3.3,1
53,0,0,Emergency,3,GI,2,0,4.0,2.79,7.0,136.8,136,88,36.1,3,Self-Pay,0,3,1,4.6,1
34,1,0,Emergency,1,Respiratory,4,0,9.0,1.7,7.8,138.9,117,78,37.2,0,Medicare,0,3,1,6.0,1
22,1,0,Emergency,0,Cardiac,5,1,4.0,2.55,5.4,133.8,157,68,37.3,1,Medicaid,0,1,1,4.6,1
58,0,0,Emergency,1,Respiratory,2,2,8.5,1.68,13.8,134.8,139,91,36.3,0,Medicare,0,1,1,1.7,0
90,0,0,Emergency,1,Respiratory,1,1,5.4,2.41,17.7,133.2,149,99,37.6,1,Medicaid,0,1,1,7.8,2
37,1,2,Elective,4,Neurological,1,1,5.9,1.38,14.1,138.1,135,76,36.5,2,Private,1,1,0,5.4,1
71,0,2,Elective,0,Cardiac,2,5,6.0,0.61,14.0,146.5,129,77,38.7,0,Medicare,1,2,0,7.4,2
75,1,2,Elective,4,Neurological,1,6,6.7,1.26,10.7,138.5,135,96,37.5,1,Medicaid,0,2,0,5.1,1
88,1,2,Elective,2,Orthopedic,3,0,8.8,1.5,12.3,133.9,136,84,37.2,2,Private,0,1,0,2.5,0
64,0,0,Emergency,1,Respiratory,1,3,8.8,0.7,11.8,137.9,139,83,35.3,0,Medicare,0,0,1,3.4,1
52,0,0,Emergency,1,Respiratory,3,3,6.8,0.42,7.6,140.8,131,114,35.8,0,Medicare,0,2,1,5.6,1
74,1,1,Urgent,2,Orthopedic,2,2,8.0,1.23,13.3,139.6,132,57,38.3,0,Medicare,0,3,0,3.0,0
57,0,2,Elective,1,Respiratory,4,1,6.1,1.3,7.0,140.8,126,70,36.9,1,Medicaid,0,1,0,5.7,1
34,0,1,Urgent,2,Orthopedic,4,1,5.9,1.18,13.1,131.6,129,91,37.0,1,Medicaid,0,1,0,5.7,1
81,0,1,Urgent,4,Neurological,6,3,8.1,2.23,12.0,140.5,123,76,37.0,2,Private,0,1,0,5.0,1
73,0,0,Emergency,3,GI,2,1,8.4,1.8,8.4,140.2,118,72,37.0,1,Medicaid,0,0,1,3.9,1
57,0,0,Emergency,4,Neurological,3,2,5.4,2.02,5.0,134.3,113,51,38.5,1,Medicaid,0,2,1,6.5,1
83,1,0,Emergency,3,GI,4,0,9.4,1.88,11.8,147.0,136,67,36.7,2,Private,0,0,1,5.2,1
29,1,0,Emergency,4,Neurological,2,3,8.9,1.0,5.8,130.8,131,70,35.9,0,Medicare,0,3,1,6.3,1
50,1,2,Elective,0,Cardiac,3,0,4.0,1.03,10.6,143.9,112,78,39.1,1,Medicaid,0,1,0,4.6,1
76,1,0,Emergency,5,Infection,3,3,5.0,0.85,10.2,136.3,152,92,37.5,1,Medicaid,1,0,1,9.6,2
52,0,2,Elective,2,Orthopedic,2,2,5.4,1.64,9.5,137.0,126,87,37.0,0,Medicare,0,2,0,2.4,0
88,0,0,Emergency,3,GI,3,1,5.8,0.54,9.9,139.6,158,102,38.7,2,Private,0,2,1,6.4,1
92,1,2,Elective,3,GI,4,3,4.5,1.03,8.1,131.0,137,79,38.3,2,Private,0,0,0,2.5,0
64,1,1,Urgent,3,GI,3,4,6.2,1.05,5.9,149.1,85,90,35.9,0,Medicare,1,2,0,6.9,1
67,1,1,Urgent,5,Infection,3,1,6.9,0.98,10.9,138.9,125,79,37.9,0,Medicare,1,3,0,6.0,1
67,1,0,Emergency,0,Cardiac,2,0,9.6,1.2,16.0,132.5,99,66,37.7,2,Private,0,3,1,6.7,1
54,1,1,Urgent,2,Orthopedic,5,1,8.4,0.8,12.5,136.8,119,99,36.4,0,Medicare,0,2,0,4.2,1
78,0,2,Elective,0,Cardiac,1,2,10.8,1.94,11.4,137.8,123,68,35.2,2,Private,0,0,0,5.2,1
70,1,0,Emergency,0,Cardiac,2,3,4.2,1.82,7.4,138.6,149,95,37.1,1,Medicaid,1,2,1,6.4,1
54,1,0,Emergency,3,GI,4,2,6.7,1.71,18.8,134.7,137,82,36.8,2,Private,0,1,1,4.5,1
85,1,0,Emergency,0,Cardiac,3,2,6.2,1.71,10.9,142.7,125,91,37.5,2,Private,0,0,1,5.0,1
70,1,0,Emergency,5,Infection,2,2,6.3,3.61,10.1,143.0,124,79,36.6,2,Private,0,0,1,5.4,1
25,1,0,Emergency,3,GI,1,2,5.5,1.27,11.8,146.0,107,89,36.9,2,Private,0,1,1,1.9,0
55,1,1,Urgent,2,Orthopedic,3,4,5.7,1.14,5.5,139.4,126,97,38.7,1,Medicaid,0,1,0,3.0,0
42,1,0,Emergency,1,Respiratory,4,4,5.8,2.91,9.8,142.8,136,82,36.9,0,Medicare,0,1,1,6.0,1
50,1,1,Urgent,0,Cardiac,6,0,7.8,1.0,12.0,145.0,142,95,38.3,2,Private,1,1,0,6.2,1
50,1,2,Elective,5,Infection,3,2,7.1,0.9,9.3,130.7,150,81,36.1,0,Medicare,0,1,0,5.5,1
77,1,1,Urgent,3,GI,4,2,5.3,1.64,3.6,147.1,144,115,38.4,2,Private,0,0,0,3.4,1
65,0,0,Emergency,1,Respiratory,2,0,8.2,1.23,11.7,141.1,125,76,37.1,1,Medicaid,0,1,1,4.2,1
42,1,1,Urgent,0,Cardiac,4,3,4.0,2.86,8.1,135.3,104,78,35.8,2,Private,0,2,0,6.3,1
65,1,0,Emergency,1,Respiratory,3,2,8.0,1.38,13.3,137.3,114,90,38.0,1,Medicaid,0,1,1,6.4,1
72,1,0,Emergency,0,Cardiac,4,3,7.4,1.0,8.9,136.2,118,88,37.0,2,Private,0,1,1,4.6,1
89,0,0,Emergency,4,Neurological,3,5,4.7,1.75,6.1,133.1,115,75,37.0,0,Medicare,0,2,1,6.7,1
61,1,2,Elective,3,GI,3,2,6.9,0.68,9.7,143.5,92,83,35.9,1,Medicaid,0,3,0,2.8,0
51,0,1,Urgent,2,Orthopedic,3,6,4.6,0.94,9.4,146.1,114,84,36.8,0,Medicare,1,0,0,6.9,1
52,1,0,Emergency,5,Infection,1,4,7.3,1.73,12.4,129.8,119,104,38.1,3,Self-Pay,1,1,1,8.2,2
78,0,1,Urgent,0,Cardiac,6,1,4.0,0.74,10.6,145.2,88,68,36.8,0,Medicare,0,0,0,4.1,1
66,1,0,Emergency,2,Orthopedic,6,3,7.3,1.0,6.5,137.9,120,90,36.1,0,Medicare,0,0,1,6.0,1
90,0,2,Elective,3,GI,1,3,4.0,1.8,11.0,140.3,120,98,36.7,2,Private,0,3,0,2.0,0
72,0,2,Elective,0,Cardiac,1,3,7.3,2.02,12.2,133.8,130,77,37.8,2,Private,0,2,0,4.8,1
36,1,0,Emergency,1,Respiratory,4,5,4.3,1.72,6.2,137.7,125,105,37.3,3,Self-Pay,0,0,1,2.4,0
39,0,0,Emergency,3,GI,1,1,6.9,0.4,9.7,143.7,153,72,38.0,0,Medicare,0,1,1,2.7,0
76,1,1,Urgent,1,Respiratory,5,1,8.3,1.39,5.3,132.8,149,101,38.4,1,Medicaid,0,1,0,4.4,1
37,1,1,Urgent,2,Orthopedic,3,2,4.4,2.05,14.1,140.6,124,111,36.5,1,Medicaid,0,1,0,3.0,0
78,1,0,Emergency,3,GI,3,1,4.0,2.89,12.5,142.2,131,111,37.2,0,Medicare,0,1,1,4.4,1
60,0,1,Urgent,1,Respiratory,4,1,4.0,0.69,7.5,136.1,131,80,36.8,2,Private,1,0,0,6.8,1
74,1,0,Emergency,0,Cardiac,3,0,5.6,0.66,7.2,133.6,105,82,36.8,2,Private,0,2,1,4.6,1
77,0,1,Urgent,0,Cardiac,4,1,4.3,1.33,8.9,137.3,120,77,36.5,2,Private,0,0,0,6.1,1
64,1,0,Emergency,2,Orthopedic,3,2,4.0,0.63,8.8,145.1,109,92,37.5,1,Medicaid,0,0,1,4.1,1
75,1,1,Urgent,0,Cardiac,4,5,4.5,1.07,8.3,140.9,122,92,36.5,1,Medicaid,1,0,0,7.7,2
83,0,1,Urgent,5,Infection,2,3,8.6,1.45,8.9,142.7,130,80,36.7,2,Private,0,2,0,3.5,1
56,0,1,Urgent,4,Neurological,3,4,9.1,1.81,5.3,129.8,87,100,35.8,2,Private,1,0,0,9.0,2
54,0,1,Urgent,1,Respiratory,4,1,4.0,1.47,5.2,136.3,138,82,38.1,0,Medicare,0,2,0,4.3,1
19,1,1,Urgent,4,Neurological,4,1,7.4,1.81,5.3,137.2,150,92,36.9,2,Private,0,2,0,2.8,0
89,0,0,Emergency,2,Orthopedic,3,2,7.3,1.77,9.7,133.2,166,78,37.5,0,Medicare,0,1,1,1.5,0
50,1,0,Emergency,0,Cardiac,3,4,4.7,1.31,12.8,135.9,98,81,38.3,1,Medicaid,1,1,1,7.5,2
66,1,0,Emergency,3,GI,5,1,10.6,1.36,16.6,138.9,89,67,38.1,0,Medicare,0,3,1,4.8,1
43,1,0,Emergency,3,GI,3,5,6.2,2.44,14.6,134.8,160,85,36.9,0,Medicare,0,1,1,6.9,1
32,1,1,Urgent,0,Cardiac,5,3,6.6,1.63,6.2,136.4,120,96,36.8,1,Medicaid,0,1,0,3.4,1
82,0,0,Emergency,1,Respiratory,4,2,4.0,1.68,13.2,141.6,123,115,37.1,0,Medicare,1,1,1,8.4,2
90,1,0,Emergency,0,Cardiac,3,1,7.5,1.29,9.5,135.5,111,64,36.5,2,Private,1,0,1,7.8,2
28,1,2,Elective,1,Respiratory,3,4,4.0,0.64,11.0,141.9,109,60,37.9,0,Medicare,0,4,0,3.7,1
34,1,1,Urgent,1,Respiratory,10,0,6.8,1.06,14.6,136.9,128,87,37.1,1,Medicaid,1,0,0,9.3,2
66,0,1,Urgent,3,GI,4,1,5.5,1.35,13.5,134.8,172,73,36.6,1,Medicaid,0,0,0,5.0,1
68,0,0,Emergency,0,Cardiac,4,3,5.2,2.04,6.9,143.5,126,101,37.7,0,Medicare,1,2,1,8.7,2
85,0,0,Emergency,0,Cardiac,3,2,5.2,2.46,7.9,138.5,138,79,37.5,1,Medicaid,0,0,1,4.9,1
46,0,1,Urgent,1,Respiratory,1,3,9.0,1.04,8.7,127.0,107,76,36.1,0,Medicare,0,0,0,4.9,1
28,0,2,Elective,4,Neurological,5,4,8.2,1.94,9.6,129.7,125,80,37.6,0,Medicare,0,0,0,4.5,1
64,1,0,Emergency,1,Respiratory,5,3,8.0,0.77,10.5,134.7,131,93,38.9,2,Private,1,0,1,8.8,2
69,1,1,Urgent,2,Orthopedic,1,1,6.4,1.35,14.3,136.1,126,79,37.3,2,Private,1,0,0,5.0,1
70,1,2,Elective,2,Orthopedic,1,2,4.8,1.84,8.6,139.1,118,74,37.8,0,Medicare,0,0,0,3.6,1
50,1,1,Urgent,4,Neurological,1,2,5.4,2.9,7.7,138.5,158,67,38.3,1,Medicaid,0,2,0,3.8,1
70,0,0,Emergency,2,Orthopedic,2,4,5.3,0.74,9.6,134.1,122,92,38.0,2,Private,0,1,1,3.5,1
78,1,1,Urgent,0,Cardiac,2,3,7.1,0.73,7.1,137.7,124,93,35.9,3,Self-Pay,0,1,0,6.1,1
28,1,2,Elective,0,Cardiac,4,2,7.1,2.57,14.4,136.4,133,70,35.7,1,Medicaid,1,0,0,7.7,2
44,1,1,Urgent,0,Cardiac,4,4,6.5,2.47,5.1,135.7,119,69,37.8,2,Private,1,0,0,8.3,2
67,1,2,Elective,2,Orthopedic,4,1,8.2,1.28,1.7,135.6,146,86,38.1,0,Medicare,0,0,0,3.0,0
68,0,1,Urgent,0,Cardiac,3,0,6.0,1.46,6.0,149.7,92,91,36.2,2,Private,0,2,0,3.9,1
39,1,2,Elective,1,Respiratory,3,1,7.4,0.98,1.7,133.0,117,77,38.0,0,Medicare,0,0,0,1.7,0
27,0,2,Elective,3,GI,5,2,4.2,1.09,10.2,133.8,150,65,36.6,1,Medicaid,0,1,0,1.0,0
47,0,1,Urgent,1,Respiratory,5,1,10.0,0.54,4.6,137.0,134,79,36.9,2,Private,0,0,0,4.3,1
56,0,1,Urgent,3,GI,1,1,8.3,1.18,16.3,143.7,108,74,36.7,2,Private,0,1,0,2.2,0
40,1,1,Urgent,1,Respiratory,3,2,5.1,1.24,9.8,137.4,113,87,38.6,2,Private,0,1,0,5.4,1
50,0,2,Elective,5,Infection,5,1,8.1,2.95,7.9,138.8,132,60,36.2,2,Private,1,1,0,9.4,2
55,1,2,Elective,5,Infection,3,0,8.0,2.29,4.8,146.1,90,89,36.6,1,Medicaid,1,1,0,6.4,1
68,0,0,Emergency,4,Neurological,4,2,4.0,1.49,9.7,139.2,133,75,37.6,1,Medicaid,0,1,1,6.8,1
85,1,1,Urgent,5,Infection,3,2,8.3,0.76,15.2,133.9,140,85,36.5,0,Medicare,0,1,0,7.3,2
70,1,2,Elective,0,Cardiac,6,2,4.6,0.94,2.3,143.2,125,96,38.5,1,Medicaid,0,2,0,4.9,1
42,0,1,Urgent,4,Neurological,1,1,7.6,1.05,11.8,138.1,137,60,37.2,2,Private,0,1,0,4.8,1
63,0,1,Urgent,1,Respiratory,5,2,9.7,1.85,6.1,136.6,166,99,38.0,1,Medicaid,0,3,0,3.5,1
37,1,0,Emergency,4,Neurological,3,3,7.2,0.55,13.0,133.7,126,83,37.4,1,Medicaid,0,1,1,4.4,1
79,0,0,Emergency,1,Respiratory,2,2,12.0,1.06,6.3,138.2,105,80,37.4,2,Private,0,2,1,5.5,1
54,1,2,Elective,1,Respiratory,6,1,8.0,1.14,14.3,134.2,111,78,38.1,1,Medicaid,0,2,0,7.2,2
71,1,2,Elective,5,Infection,6,0,6.3,0.6,11.1,137.7,135,104,37.7,1,Medicaid,1,3,0,5.2,1
50,0,0,Emergency,0,Cardiac,2,1,6.2,1.78,5.4,136.8,122,77,38.3,3,Self-Pay,1,4,1,8.2,2
86,0,1,Urgent,4,Neurological,4,2,7.2,0.41,5.7,142.4,124,82,37.0,0,Medicare,0,0,0,3.8,1
52,1,2,Elective,3,GI,1,0,6.4,1.05,8.2,132.2,158,74,37.5,2,Private,0,1,0,1.0,0
50,0,2,Elective,1,Respiratory,2,1,4.0,1.14,5.3,134.4,121,82,35.7,0,Medicare,0,1,0,2.4,0
63,0,1,Urgent,2,Orthopedic,1,2,5.8,2.22,3.4,140.4,113,85,36.3,1,Medicaid,0,2,0,3.3,1
65,0,0,Emergency,0,Cardiac,4,3,5.1,1.59,13.3,135.7,136,88,36.5,1,Medicaid,0,2,1,2.8,0
59,0,1,Urgent,5,Infection,1,1,8.0,0.51,2.2,134.6,146,88,36.5,1,Medicaid,0,0,0,5.7,1
26,0,2,Elective,5,Infection,1,3,5.2,0.77,14.7,138.2,151,68,37.5,0,Medicare,1,4,0,4.6,1
87,1,1,Urgent,4,Neurological,1,1,7.3,0.58,7.5,136.4,171,53,36.3,2,Private,1,4,0,8.4,2
67,1,2,Elective,4,Neurological,2,4,6.7,1.11,10.6,132.1,163,84,37.3,0,Medicare,0,0,0,4.0,1
78,1,0,Emergency,0,Cardiac,3,2,5.9,0.82,17.1,128.9,122,109,37.2,3,Self-Pay,0,3,1,7.1,2
22,0,2,Elective,1,Respiratory,1,4,5.3,1.06,11.4,143.7,130,78,37.2,0,Medicare,0,1,0,1.0,0
71,0,2,Elective,1,Respiratory,6,3,6.7,0.71,6.7,140.5,117,69,37.3,2,Private,1,1,0,5.4,1
75,1,1,Urgent,3,GI,5,0,6.6,0.84,15.2,144.2,101,57,37.3,0,Medicare,0,1,0,4.1,1
54,1,2,Elective,0,Cardiac,1,0,5.1,1.63,2.5,131.5,156,62,38.8,0,Medicare,0,2,0,2.4,0
54,0,2,Elective,3,GI,1,1,6.0,1.63,9.8,146.4,103,88,37.3,0,Medicare,0,3,0,2.1,0
20,0,2,Elective,3,GI,2,3,6.0,0.75,13.5,137.5,128,56,37.1,0,Medicare,0,0,0,3.6,1
20,1,1,Urgent,0,Cardiac,3,1,7.4,0.4,7.4,130.6,133,95,36.0,2,Private,1,0,0,5.9,1
64,1,1,Urgent,0,Cardiac,3,1,6.5,1.92,5.3,140.9,155,58,36.1,2,Private,0,0,0,3.6,1
68,0,0,Emergency,0,Cardiac,3,2,6.9,1.14,4.6,135.1,146,103,38.3,0,Medicare,1,3,1,7.2,2
55,1,0,Emergency,4,Neurological,2,3,6.7,0.87,8.7,143.9,130,104,37.9,2,Private,0,2,1,5.3,1
57,1,1,Urgent,1,Respiratory,5,2,5.8,0.69,2.0,133.3,115,65,37.9,3,Self-Pay,0,1,0,2.8,0
68,1,1,Urgent,1,Respiratory,1,1,5.6,1.01,2.3,141.9,80,58,38.3,2,Private,0,2,0,2.6,0
26,1,0,Emergency,4,Neurological,1,4,8.8,1.09,6.7,131.6,95,92,37.6,1,Medicaid,0,2,1,3.5,1
90,0,2,Elective,0,Cardiac,6,1,5.1,1.59,7.4,136.8,124,93,38.6,1,Medicaid,1,3,0,6.1,1
83,1,1,Urgent,2,Orthopedic,1,1,9.5,3.21,10.1,141.1,144,81,36.4,2,Private,1,2,0,7.0,1
35,1,1,Urgent,4,Neurological,4,0,9.6,0.88,7.9,143.2,112,88,35.9,2,Private,0,1,0,2.2,0
84,1,0,Emergency,3,GI,2,1,5.3,2.08,6.6,128.7,131,78,37.1,3,Self-Pay,0,0,1,1.9,0
87,1,0,Emergency,3,GI,5,2,7.5,0.92,13.4,139.5,123,62,37.5,2,Private,1,0,1,5.3,1
94,1,2,Elective,0,Cardiac,3,1,7.5,0.94,10.2,141.8,120,89,37.5,0,Medicare,1,1,0,6.4,1
52,0,0,Emergency,0,Cardiac,3,2,7.9,0.5,15.5,135.7,127,91,38.1,2,Private,0,0,1,4.8,1
65,0,1,Urgent,3,GI,4,2,7.3,0.55,8.9,135.9,138,73,37.2,0,Medicare,0,1,0,6.0,1
50,1,1,Urgent,0,Cardiac,4,2,4.8,0.49,3.2,128.4,120,65,37.8,0,Medicare,0,3,0,4.6,1
61,0,1,Urgent,5,Infection,1,1,9.1,2.03,6.6,138.9,132,81,37.1,2,Private,0,2,0,6.4,1
85,0,1,Urgent,1,Respiratory,6,3,9.5,1.49,4.8,137.2,132,67,36.5,2,Private,1,0,0,7.2,2
75,0,0,Emergency,2,Orthopedic,2,0,5.5,2.38,9.5,135.3,104,56,37.5,2,Private,0,2,1,3.7,1
42,1,0,Emergency,1,Respiratory,1,1,5.2,0.63,9.6,135.9,156,84,37.7,0,Medicare,1,2,1,4.6,1
65,0,1,Urgent,5,Infection,3,2,4.0,1.04,4.7,134.2,159,83,37.2,0,Medicare,1,1,0,7.8,2
79,1,2,Elective,3,GI,3,1,7.4,0.99,8.2,139.3,91,93,37.2,1,Medicaid,1,2,0,3.5,1
35,0,0,Emergency,2,Orthopedic,2,1,6.1,1.12,10.5,138.2,127,86,36.8,2,Private,1,1,1,5.1,1
90,0,0,Emergency,3,GI,3,2,4.4,0.64,5.5,139.5,119,117,36.5,2,Private,1,0,1,8.5,2
50,0,0,Emergency,1,Respiratory,1,4,6.8,1.74,20.3,138.3,135,93,37.7,3,Self-Pay,1,1,1,5.8,1
79,0,1,Urgent,2,Orthopedic,2,3,5.0,0.7,7.2,141.0,167,85,36.5,2,Private,0,1,0,2.6,0
66,1,0,Emergency,1,Respiratory,1,4,7.3,0.94,8.3,143.5,136,86,36.4,1,Medicaid,1,2,1,4.5,1
91,1,0,Emergency,2,Orthopedic,4,1,5.3,2.15,6.6,134.0,104,85,37.3,0,Medicare,1,0,1,5.2,1
41,1,1,Urgent,1,Respiratory,3,2,5.0,1.28,4.1,134.0,91,67,36.4,0,Medicare,0,3,0,3.0,0
50,0,0,Emergency,0,Cardiac,6,1,6.7,1.78,6.3,136.6,151,80,37.2,1,Medicaid,1,1,1,6.1,1
50,1,1,Urgent,0,Cardiac,3,3,5.8,1.11,7.1,135.0,135,90,38.3,0,Medicare,1,2,0,7.9,2
55,0,0,Emergency,0,Cardiac,3,5,4.0,1.87,10.3,143.3,131,110,37.2,1,Medicaid,0,0,1,3.6,1
74,0,2,Elective,1,Respiratory,1,4,8.6,1.43,9.3,138.6,137,89,36.1,2,Private,0,0,0,4.7,1
63,1,0,Emergency,5,Infection,3,5,5.8,0.46,4.8,134.9,136,68,37.2,0,Medicare,0,1,1,5.1,1
79,1,0,Emergency,3,GI,3,1,8.0,0.58,10.6,138.4,125,78,35.9,1,Medicaid,0,2,1,5.4,1
74,0,2,Elective,5,Infection,2,1,7.0,0.75,9.3,137.5,139,98,35.2,2,Private,0,2,0,6.2,1
62,0,0,Emergency,1,Respiratory,1,1,4.0,1.13,13.3,139.0,124,64,36.3,2,Private,0,1,1,4.7,1
23,1,1,Urgent,2,Orthopedic,6,1,7.4,0.75,16.1,137.7,128,77,38.4,2,Private,0,2,0,5.2,1
74,0,0,Emergency,3,GI,2,4,5.8,1.98,11.3,138.1,119,76,36.6,2,Private,0,0,1,3.5,1
85,1,0,Emergency,3,GI,2,2,6.1,1.49,11.4,141.8,100,100,38.6,2,Private,1,0,1,7.3,2
59,1,1,Urgent,2,Orthopedic,5,2,10.5,1.09,6.3,134.7,144,73,37.9,1,Medicaid,0,1,0,4.5,1
38,1,2,Elective,3,GI,4,2,7.4,1.24,8.5,136.8,139,99,38.5,0,Medicare,0,1,0,3.1,1
42,0,1,Urgent,3,GI,3,5,6.2,2.28,1.5,141.0,119,79,35.3,2,Private,0,1,0,1.7,0
52,1,1,Urgent,4,Neurological,2,1,5.7,0.58,7.3,140.1,125,80,37.9,1,Medicaid,0,3,0,4.4,1
20,0,1,Urgent,3,GI,3,2,10.0,1.75,10.8,133.3,100,86,37.0,2,Private,0,2,0,3.5,1
72,0,0,Emergency,5,Infection,5,0,6.5,1.35,14.6,134.3,127,79,37.9,0,Medicare,0,1,1,7.0,1
50,1,1,Urgent,5,Infection,4,1,8.3,4.16,8.1,132.6,99,92,37.0,3,Self-Pay,1,1,0,9.0,2
80,0,0,Emergency,2,Orthopedic,6,1,7.1,1.94,8.0,136.7,119,52,37.2,2,Private,1,0,1,8.5,2
66,0,0,Emergency,0,Cardiac,1,1,6.8,1.39,7.5,141.5,111,62,37.1,2,Private,1,1,1,7.0,1
58,1,0,Emergency,0,Cardiac,1,1,8.3,1.1,5.8,140.2,124,81,37.3,1,Medicaid,0,1,1,3.8,1
18,1,2,Elective,0,Cardiac,2,1,6.9,1.59,5.6,137.4,135,91,38.3,0,Medicare,0,2,0,3.4,1
70,0,0,Emergency,0,Cardiac,3,2,6.5,0.78,5.9,131.4,148,90,37.5,2,Private,1,2,1,9.3,2
57,0,1,Urgent,1,Respiratory,2,1,7.4,0.53,13.4,142.4,137,91,37.1,1,Medicaid,0,2,0,5.3,1
49,0,0,Emergency,0,Cardiac,1,2,4.4,1.25,8.3,136.2,100,69,36.4,1,Medicaid,0,3,1,4.8,1
60,0,0,Emergency,3,GI,1,1,7.3,1.37,5.0,136.7,172,63,36.8,0,Medicare,0,0,1,3.8,1
83,1,1,Urgent,0,Cardiac,3,3,6.7,0.64,5.4,136.5,135,82,36.3,2,Private,1,1,0,6.0,1
29,1,2,Elective,2,Orthopedic,2,4,5.6,0.51,2.2,132.0,149,69,36.6,2,Private,0,0,0,3.2,1
25,1,1,Urgent,0,Cardiac,4,2,7.1,1.5,7.7,144.0,156,95,37.9,0,Medicare,0,0,0,3.3,1
50,0,0,Emergency,4,Neurological,3,3,5.4,1.62,6.7,144.8,127,66,37.5,0,Medicare,0,0,1,4.7,1
34,0,2,Elective,4,Neurological,3,4,5.0,0.83,9.6,137.2,115,63,38.6,2,Private,0,2,0,4.9,1
48,0,0,Emergency,1,Respiratory,1,1,8.6,0.61,11.6,131.7,141,96,36.9,2,Private,0,0,1,5.3,1
50,0,1,Urgent,5,Infection,4,4,8.0,2.04,6.2,142.2,147,84,37.2,2,Private,1,1,0,6.9,1
56,0,1,Urgent,0,Cardiac,4,1,8.0,1.8,8.2,140.5,139,80,37.3,0,Medicare,1,2,0,6.6,1
60,0,1,Urgent,4,Neurological,3,0,8.8,1.26,12.7,137.3,151,96,37.1,2,Private,1,0,0,9.5,2
87,0,2,Elective,2,Orthopedic,4,4,7.8,3.74,6.6,148.4,149,63,36.1,0,Medicare,0,1,0,4.3,1
63,1,1,Urgent,1,Respiratory,3,2,4.0,1.41,4.6,141.8,148,74,36.9,1,Medicaid,0,1,0,4.4,1
77,1,0,Emergency,0,Cardiac,1,2,8.2,1.15,10.5,134.2,143,92,37.9,0,Medicare,1,1,1,6.1,1
65,1,0,Emergency,0,Cardiac,1,1,5.8,0.83,13.0,131.2,97,94,37.5,2,Private,0,0,1,4.7,1
50,0,0,Emergency,5,Infection,7,5,5.6,1.01,12.8,136.3,140,83,37.4,3,Self-Pay,0,1,1,6.6,1
64,1,0,Emergency,3,GI,2,4,7.6,0.62,6.5,146.3,126,65,38.4,3,Self-Pay,0,3,1,5.1,1
75,1,2,Elective,1,Respiratory,6,1,8.3,0.84,5.2,136.5,81,94,38.5,0,Medicare,0,1,0,6.2,1
55,0,0,Emergency,2,Orthopedic,4,2,7.4,2.56,8.1,137.7,131,67,37.9,3,Self-Pay,0,2,1,4.1,1
64,1,1,Urgent,0,Cardiac,6,3,6.2,1.28,9.1,133.4,127,69,39.0,2,Private,0,0,0,7.0,1
82,1,1,Urgent,0,Cardiac,2,4,8.1,1.54,8.9,136.0,111,79,37.8,0,Medicare,0,0,0,5.0,1
62,1,2,Elective,5,Infection,3,4,6.9,0.52,7.0,137.6,115,61,36.8,1,Medicaid,0,2,0,5.7,1
68,0,1,Urgent,2,Orthopedic,1,4,7.2,2.68,13.1,138.7,108,40,36.8,0,Medicare,1,1,0,6.5,1
66,1,1,Urgent,1,Respiratory,3,3,4.7,1.64,13.7,137.3,125,95,37.6,3,Self-Pay,0,1,0,4.3,1
81,1,0,Emergency,5,Infection,3,2,4.2,1.02,4.2,137.2,90,78,36.7,2,Private,1,2,1,8.5,2
86,0,1,Urgent,1,Respiratory,2,0,5.9,2.5,5.6,135.0,111,74,38.0,3,Self-Pay,0,2,0,2.7,0
70,1,0,Emergency,1,Respiratory,1,0,4.7,0.53,8.2,140.9,152,69,35.3,0,Medicare,0,0,1,3.1,1
79,1,2,Elective,1,Respiratory,2,2,8.9,3.6,8.6,142.5,139,107,36.7,2,Private,1,2,0,6.0,1
24,0,0,Emergency,3,GI,3,3,4.0,1.07,10.7,143.5,106,64,37.7,1,Medicaid,0,1,1,3.9,1
91,1,0,Emergency,3,GI,5,3,5.2,0.61,7.7,133.6,131,100,37.2,0,Medicare,0,2,1,6.6,1
63,1,1,Urgent,0,Cardiac,3,3,4.0,0.84,8.2,132.1,118,76,36.1,0,Medicare,0,1,0,5.5,1
85,0,2,Elective,3,GI,2,1,7.2,0.64,1.5,137.8,140,93,37.4,1,Medicaid,0,0,0,2.2,0
57,0,1,Urgent,4,Neurological,1,0,5.4,1.81,13.2,141.7,152,94,37.9,3,Self-Pay,0,2,0,5.5,1
82,1,0,Emergency,3,GI,2,2,9.5,0.96,2.7,138.0,163,77,35.9,2,Private,0,1,1,3.9,1
28,1,0,Emergency,5,Infection,6,2,7.2,0.42,2.7,135.8,119,82,38.3,0,Medicare,0,2,1,6.4,1
45,0,0,Emergency,1,Respiratory,4,2,6.0,0.55,3.4,140.3,129,62,36.6,0,Medicare,1,1,1,7.1,2
66,0,1,Urgent,0,Cardiac,1,1,6.9,0.52,5.9,148.2,121,83,37.0,1,Medicaid,0,2,0,4.7,1
65,1,1,Urgent,3,GI,5,1,7.3,1.85,12.5,132.8,135,101,36.2,2,Private,0,2,0,5.3,1
69,1,0,Emergency,0,Cardiac,3,2,7.9,1.37,12.5,143.4,128,79,37.2,0,Medicare,0,0,1,6.7,1
42,0,1,Urgent,0,Cardiac,4,5,8.3,0.69,7.1,136.4,113,81,40.2,0,Medicare,0,1,0,5.2,1
60,1,0,Emergency,0,Cardiac,5,2,5.8,0.95,3.7,135.3,156,94,37.0,0,Medicare,0,1,1,5.8,1
79,0,2,Elective,4,Neurological,1,3,5.0,1.13,10.2,141.3,110,75,37.2,1,Medicaid,1,1,0,4.5,1
75,0,0,Emergency,0,Cardiac,5,2,7.2,0.94,7.8,137.0,127,84,36.5,1,Medicaid,1,0,1,6.9,1
37,1,1,Urgent,1,Respiratory,2,1,9.6,0.87,11.9,132.9,138,103,36.3,1,Medicaid,0,0,0,4.6,1
85,0,1,Urgent,0,Cardiac,2,1,8.8,0.86,4.6,137.9,113,81,37.3,0,Medicare,0,0,0,5.4,1
70,1,0,Emergency,4,Neurological,4,2,9.9,2.71,7.9,138.5,111,78,36.8,0,Medicare,0,1,1,6.9,1
50,0,0,Emergency,2,Orthopedic,1,2,9.4,0.92,11.5,137.8,150,71,37.4,1,Medicaid,1,0,1,6.3,1
54,1,0,Emergency,0,Cardiac,4,2,4.4,2.54,12.3,138.3,147,126,36.6,0,Medicare,0,0,1,5.9,1
67,0,0,Emergency,4,Neurological,2,2,6.4,0.97,13.9,136.4,166,91,37.3,0,Medicare,0,1,1,5.9,1
75,0,1,Urgent,4,Neurological,1,1,6.3,1.58,14.0,141.7,143,119,35.4,0,Medicare,0,2,0,4.4,1
32,1,0,Emergency,2,Orthopedic,3,1,6.7,1.96,8.4,139.1,109,85,35.5,0,Medicare,0,0,1,3.4,1
56,1,0,Emergency,1,Respiratory,6,3,6.8,1.19,12.3,131.4,99,87,38.1,0,Medicare,1,2,1,9.2,2
83,1,0,Emergency,3,GI,5,1,8.5,0.96,12.5,130.9,96,86,36.9,2,Private,0,0,1,5.8,1
57,1,0,Emergency,5,Infection,3,1,4.0,1.6,4.7,144.2,101,94,36.6,2,Private,1,1,1,7.0,1
62,1,0,Emergency,0,Cardiac,1,6,7.9,0.97,11.1,141.3,142,63,36.7,0,Medicare,0,3,1,1.7,0
72,1,0,Emergency,1,Respiratory,2,3,7.6,1.08,8.2,139.1,140,67,37.3,0,Medicare,0,2,1,3.5,1
27,1,1,Urgent,1,Respiratory,2,4,7.6,1.71,11.2,136.0,115,96,36.8,0,Medicare,0,0,0,3.2,1
45,1,1,Urgent,3,GI,3,1,5.4,0.86,10.7,139.6,134,45,36.3,2,Private,0,0,0,1.4,0
28,1,2,Elective,3,GI,3,2,7.6,2.16,12.7,142.0,146,67,37.6,0,Medicare,0,0,0,3.9,1
37,1,0,Emergency,0,Cardiac,2,3,5.6,1.37,11.2,138.8,155,99,36.9,1,Medicaid,0,4,1,7.7,2
79,0,0,Emergency,0,Cardiac,2,1,7.0,1.16,8.0,140.6,151,62,35.8,3,Self-Pay,0,3,1,3.8,1
67,1,0,Emergency,5,Infection,7,3,6.2,1.37,9.7,145.6,119,86,37.1,1,Medicaid,0,0,1,6.3,1
71,0,1,Urgent,4,Neurological,3,0,5.2,0.69,6.1,133.1,140,62,36.5,0,Medicare,1,0,0,9.8,2
89,0,1,Urgent,5,Infection,3,2,4.0,1.83,13.5,137.1,125,55,36.7,0,Medicare,0,0,0,5.9,1
61,0,0,Emergency,4,Neurological,6,2,8.0,1.39,12.2,142.3,123,81,36.5,1,Medicaid,0,0,1,7.0,1
51,1,2,Elective,2,Orthopedic,2,2,5.7,3.16,4.6,134.4,138,88,38.0,2,Private,0,1,0,4.3,1
50,1,1,Urgent,0,Cardiac,5,2,6.1,1.53,10.2,137.3,130,71,37.2,0,Medicare,0,3,0,6.2,1
68,1,2,Elective,3,GI,3,3,7.3,0.97,14.3,130.9,104,60,37.0,1,Medicaid,0,1,0,4.2,1
65,0,0,Emergency,1,Respiratory,4,3,4.3,0.66,11.6,146.0,96,92,37.2,2,Private,0,2,1,7.1,2
41,0,0,Emergency,2,Orthopedic,4,4,7.6,0.85,10.6,136.3,127,96,36.8,2,Private,0,1,1,3.3,1
62,1,0,Emergency,2,Orthopedic,1,2,7.0,1.82,11.3,137.6,185,94,36.3,2,Private,0,0,1,6.5,1
50,0,0,Emergency,5,Infection,1,0,4.1,1.3,9.5,135.7,123,77,37.1,1,Medicaid,0,1,1,4.9,1
85,0,2,Elective,0,Cardiac,6,4,5.4,0.58,6.4,138.5,106,90,36.2,0,Medicare,0,1,0,3.4,1
73,0,0,Emergency,0,Cardiac,3,2,8.2,0.55,7.6,138.6,125,93,37.5,1,Medicaid,0,1,1,5.8,1
56,1,1,Urgent,3,GI,1,3,8.7,2.22,6.6,130.7,133,85,37.5,1,Medicaid,0,2,0,2.9,0
34,0,0,Emergency,5,Infection,1,1,8.1,1.09,10.4,131.1,119,68,36.2,0,Medicare,0,0,1,4.8,1
54,0,0,Emergency,5,Infection,3,1,5.1,1.12,13.5,142.2,148,86,36.3,1,Medicaid,0,1,1,5.7,1
50,1,0,Emergency,3,GI,5,3,5.5,1.05,12.9,142.0,141,79,36.8,0,Medicare,1,2,1,7.2,2
90,0,0,Emergency,0,Cardiac,4,2,4.5,1.29,5.0,140.8,149,96,38.4,0,Medicare,0,1,1,5.9,1
61,1,1,Urgent,1,Respiratory,3,3,7.8,1.58,6.0,131.4,106,64,37.2,0,Medicare,1,1,0,6.0,1
39,0,2,Elective,5,Infection,2,3,4.2,0.92,7.0,142.3,140,66,37.6,2,Private,0,0,0,5.4,1
68,0,1,Urgent,2,Orthopedic,1,5,9.6,1.97,9.7,132.4,132,110,35.3,1,Medicaid,0,1,0,4.9,1
54,1,1,Urgent,4,Neurological,3,3,6.4,0.62,5.9,136.4,121,91,36.5,2,Private,0,3,0,4.1,1
68,1,0,Emergency,1,Respiratory,7,6,6.0,2.15,12.0,134.6,131,93,37.4,3,Self-Pay,0,1,1,5.4,1
18,1,2,Elective,0,Cardiac,2,1,5.6,1.39,4.5,149.8,137,64,38.3,3,Self-Pay,0,4,0,3.9,1
78,1,0,Emergency,3,GI,5,1,5.3,0.67,11.8,138.3,134,102,38.3,0,Medicare,0,7,1,5.0,1
73,0,2,Elective,4,Neurological,3,2,6.5,2.36,11.0,137.8,163,91,37.5,2,Private,0,0,0,5.6,1
45,0,1,Urgent,5,Infection,1,2,4.8,1.4,4.5,139.3,99,94,38.4,1,Medicaid,0,3,0,3.1,1
44,0,0,Emergency,4,Neurological,4,1,8.3,1.82,8.7,140.6,137,87,38.8,2,Private,0,2,1,3.2,1
82,1,1,Urgent,3,GI,1,4,8.0,0.45,7.3,134.4,121,114,37.1,2,Private,0,0,0,5.2,1
50,1,2,Elective,3,GI,3,1,6.9,0.82,5.2,143.2,164,113,37.8,0,Medicare,1,1,0,5.9,1
41,1,0,Emergency,4,Neurological,2,2,8.0,1.04,11.3,137.0,126,105,36.1,1,Medicaid,1,1,1,9.2,2
66,0,0,Emergency,0,Cardiac,1,1,5.0,1.19,10.0,128.3,151,110,38.4,0,Medicare,1,3,1,7.5,2
60,1,0,Emergency,5,Infection,5,2,4.5,1.69,6.4,134.3,107,72,37.9,2,Private,0,2,1,7.0,1
55,1,1,Urgent,2,Orthopedic,2,4,7.3,1.74,15.0,145.9,139,77,37.8,0,Medicare,1,2,0,4.0,1
73,1,0,Emergency,5,Infection,2,1,6.3,0.41,8.0,140.6,122,90,37.2,3,Self-Pay,0,2,1,3.5,1
24,1,2,Elective,4,Neurological,6,2,6.6,0.88,6.0,136.4,146,118,38.0,0,Medicare,0,2,0,4.6,1
70,1,2,Elective,0,Cardiac,4,3,4.6,0.95,9.6,141.2,127,58,38.0,1,Medicaid,0,0,0,4.4,1
61,0,2,Elective,0,Cardiac,1,3,6.6,1.39,14.6,132.2,134,70,36.5,2,Private,0,4,0,4.0,1
37,0,0,Emergency,1,Respiratory,2,3,4.5,1.78,5.1,141.4,150,85,37.4,2,Private,0,0,1,3.6,1
40,0,1,Urgent,1,Respiratory,2,4,8.4,1.7,9.4,143.8,107,64,37.5,0,Medicare,0,3,0,2.0,0
55,0,0,Emergency,2,Orthopedic,1,2,6.4,1.73,8.3,135.0,123,97,37.0,1,Medicaid,0,0,1,4.3,1
44,0,1,Urgent,3,GI,1,4,9.0,1.01,10.1,140.6,123,104,38.2,0,Medicare,0,3,0,3.4,1
23,0,2,Elective,2,Orthopedic,11,2,6.8,1.53,5.8,142.5,142,87,38.8,1,Medicaid,0,1,0,2.6,0
65,0,1,Urgent,0,Cardiac,3,3,5.1,0.52,10.5,129.6,167,104,38.2,0,Medicare,1,0,0,7.6,2
50,1,2,Elective,5,Infection,5,0,7.9,1.49,10.2,134.1,127,99,36.5,3,Self-Pay,0,1,0,4.0,1
73,1,2,Elective,2,Orthopedic,3,2,4.5,2.33,11.9,137.0,152,100,37.2,0,Medicare,0,0,0,3.5,1
88,1,0,Emergency,4,Neurological,5,1,6.0,0.57,10.5,140.6,136,71,36.8,0,Medicare,1,4,1,10.5,2
60,0,1,Urgent,0,Cardiac,3,0,6.2,1.14,12.2,139.2,108,93,36.9,3,Self-Pay,0,1,0,5.0,1
41,0,0,Emergency,4,Neurological,4,3,4.0,2.01,10.4,138.3,134,96,36.9,0,Medicare,0,0,1,6.1,1
64,0,0,Emergency,0,Cardiac,5,1,9.1,1.62,12.3,137.9,141,77,38.1,0,Medicare,0,2,1,4.4,1
32,1,0,Emergency,3,GI,4,1,7.5,2.07,11.6,135.0,118,95,36.4,1,Medicaid,1,3,1,4.2,1
71,1,2,Elective,3,GI,2,0,4.0,1.32,10.7,131.6,152,45,36.6,1,Medicaid,1,0,0,5.7,1
40,0,0,Emergency,5,Infection,4,2,7.1,2.25,11.0,138.4,135,83,37.3,1,Medicaid,1,3,1,9.7,2
58,1,1,Urgent,1,Respiratory,7,3,4.5,1.51,10.2,137.1,105,94,38.7,1,Medicaid,0,2,0,3.5,1
64,0,1,Urgent,0,Cardiac,3,2,7.1,1.09,6.7,137.9,121,63,38.4,2,Private,0,1,0,4.3,1
32,1,2,Elective,5,Infection,3,1,4.8,1.31,9.4,137.0,129,81,37.6,2,Private,0,1,0,3.3,1
62,0,1,Urgent,1,Respiratory,3,2,6.6,1.73,7.1,140.4,157,98,36.5,0,Medicare,0,1,0,1.0,0
69,0,0,Emergency,1,Respiratory,1,1,7.2,1.1,10.8,132.9,124,79,37.5,1,Medicaid,0,2,1,3.5,1
76,1,1,Urgent,2,Orthopedic,1,5,7.0,1.04,1.5,139.2,170,74,38.0,1,Medicaid,0,0,0,1.8,0
42,1,1,Urgent,0,Cardiac,10,5,5.9,1.16,7.9,132.2,169,68,38.3,0,Medicare,0,2,0,8.1,2
50,1,1,Urgent,1,Respiratory,1,1,5.3,0.53,4.7,139.0,137,78,38.3,0,Medicare,0,3,0,1.0,0
35,1,0,Emergency,1,Respiratory,2,2,6.0,0.63,8.9,139.3,162,82,38.4,2,Private,0,1,1,2.3,0
54,0,0,Emergency,1,Respiratory,4,3,8.3,0.66,5.8,133.3,117,86,37.9,3,Self-Pay,0,1,1,3.7,1
36,0,2,Elective,2,Orthopedic,3,2,7.4,1.47,15.0,142.2,131,118,37.6,0,Medicare,0,0,0,5.3,1
61,1,0,Emergency,1,Respiratory,1,1,7.9,2.54,5.0,140.7,103,81,37.7,0,Medicare,0,2,1,3.5,1
50,1,0,Emergency,4,Neurological,2,3,6.4,0.84,7.5,136.0,140,72,38.4,0,Medicare,1,0,1,6.3,1
50,1,0,Emergency,5,Infection,3,2,8.3,1.15,14.4,136.1,122,104,37.8,2,Private,1,0,1,8.1,2
18,0,0,Emergency,0,Cardiac,6,5,9.2,1.31,13.0,137.6,156,71,36.6,1,Medicaid,0,1,1,7.4,2
64,1,0,Emergency,4,Neurological,3,5,4.1,0.44,12.9,133.6,141,70,37.8,1,Medicaid,1,3,1,9.9,2
40,0,1,Urgent,5,Infection,7,0,4.6,1.33,3.3,136.1,120,60,36.3,1,Medicaid,0,1,0,4.2,1
79,1,2,Elective,3,GI,6,4,8.4,2.02,8.3,142.3,116,69,37.2,1,Medicaid,1,0,0,7.5,2
23,1,0,Emergency,5,Infection,1,5,9.6,0.78,5.5,142.9,168,47,36.3,0,Medicare,0,2,1,4.9,1
50,1,0,Emergency,1,Respiratory,3,2,4.5,1.09,10.5,144.2,103,77,38.1,2,Private,0,1,1,4.4,1
27,1,1,Urgent,4,Neurological,4,1,4.1,1.64,11.5,140.9,104,60,37.6,2,Private,1,2,0,5.1,1
50,0,0,Emergency,3,GI,3,3,5.1,0.77,13.3,138.3,121,66,37.9,3,Self-Pay,0,1,1,3.5,1
39,0,2,Elective,1,Respiratory,4,1,5.6,1.14,9.2,136.0,127,77,37.7,0,Medicare,0,1,0,3.5,1
65,1,0,Emergency,3,GI,3,4,6.8,1.74,6.8,134.9,101,89,36.9,2,Private,1,2,1,8.6,2
74,0,1,Urgent,2,Orthopedic,3,3,7.9,0.48,6.6,137.3,153,64,37.6,2,Private,0,2,0,6.3,1
85,1,1,Urgent,0,Cardiac,3,0,6.2,1.31,9.0,140.4,135,50,37.3,2,Private,0,1,0,1.7,0
63,1,2,Elective,0,Cardiac,3,1,9.6,0.91,10.6,137.9,188,84,37.4,0,Medicare,1,0,0,3.7,1
70,1,1,Urgent,3,GI,5,1,6.4,1.82,11.5,136.6,160,97,37.5,0,Medicare,0,1,0,6.2,1
75,1,0,Emergency,3,GI,4,2,5.3,2.65,9.9,146.3,104,91,37.1,2,Private,0,0,1,5.9,1
53,1,0,Emergency,2,Orthopedic,4,0,4.8,0.61,4.9,132.2,141,94,37.0,1,Medicaid,0,1,1,3.3,1
62,1,2,Elective,2,Orthopedic,4,1,5.7,0.6,9.5,140.1,118,99,36.8,1,Medicaid,0,1,0,1.6,0
29,0,2,Elective,0,Cardiac,2,1,6.8,0.85,10.2,129.9,112,80,37.6,0,Medicare,0,1,0,3.4,1
54,1,0,Emergency,2,Orthopedic,2,1,6.3,1.52,1.5,136.4,116,84,36.8,0,Medicare,1,0,1,4.2,1
77,1,2,Elective,5,Infection,1,1,5.8,1.13,9.7,134.3,116,75,37.6,2,Private,1,2,0,6.4,1
61,0,1,Urgent,4,Neurological,3,3,5.9,2.34,9.0,137.5,112,70,37.8,0,Medicare,0,2,0,6.2,1
66,1,1,Urgent,3,GI,7,0,5.1,0.63,11.6,137.5,113,78,38.9,0,Medicare,0,2,0,5.2,1
85,1,0,Emergency,5,Infection,1,2,6.9,0.78,6.3,133.7,160,78,37.8,2,Private,0,1,1,3.3,1
55,1,2,Elective,5,Infection,5,1,10.1,2.68,8.7,134.8,140,91,36.0,2,Private,0,1,0,4.7,1
40,0,0,Emergency,0,Cardiac,1,1,5.9,1.09,7.9,134.3,120,57,37.6,0,Medicare,0,1,1,3.1,1
69,1,1,Urgent,1,Respiratory,1,2,7.2,2.93,9.5,147.3,130,62,38.1,1,Medicaid,1,1,0,10.3,2
73,0,0,Emergency,0,Cardiac,1,2,5.6,1.65,5.9,132.8,150,97,36.9,1,Medicaid,0,2,1,3.5,1
26,1,2,Elective,2,Orthopedic,5,1,9.6,1.25,11.9,139.7,129,83,37.9,3,Self-Pay,0,0,0,5.5,1
39,0,0,Emergency,4,Neurological,7,4,5.5,1.53,3.9,129.5,101,83,37.6,1,Medicaid,1,1,1,8.4,2
78,1,0,Emergency,0,Cardiac,4,2,5.8,0.52,10.5,137.1,145,59,38.3,2,Private,0,2,1,6.2,1
50,0,0,Emergency,5,Infection,3,1,4.0,2.04,18.1,143.0,128,82,37.7,1,Medicaid,0,4,1,6.4,1
50,0,0,Emergency,3,GI,2,3,4.0,1.35,8.3,142.6,121,76,37.2,0,Medicare,0,2,1,4.8,1
65,0,1,Urgent,4,Neurological,3,4,6.1,0.47,13.1,137.8,109,84,37.4,2,Private,0,3,0,5.5,1
57,0,0,Emergency,0,Cardiac,2,0,5.5,1.18,7.5,140.7,191,79,37.3,0,Medicare,0,2,1,4.5,1
29,1,2,Elective,0,Cardiac,2,4,7.4,1.04,14.4,137.7,107,63,37.2,1,Medicaid,1,2,0,6.4,1
83,1,1,Urgent,3,GI,2,5,7.4,1.94,8.3,137.9,120,79,36.3,0,Medicare,1,1,0,6.1,1
93,0,1,Urgent,4,Neurological,2,3,6.9,0.85,9.4,132.6,135,102,37.6,1,Medicaid,0,1,0,4.0,1
45,0,0,Emergency,5,Infection,1,2,7.4,1.4,9.4,133.2,122,70,38.1,1,Medicaid,0,0,1,5.9,1
81,0,0,Emergency,3,GI,3,0,7.6,0.85,4.7,137.2,150,69,37.9,0,Medicare,0,0,1,3.5,1
76,1,0,Emergency,0,Cardiac,3,2,7.2,0.45,10.9,142.7,129,100,37.2,3,Self-Pay,0,0,1,5.0,1
61,0,2,Elective,0,Cardiac,7,3,5.5,0.61,8.8,142.2,140,55,37.0,1,Medicaid,0,1,0,3.9,1
27,0,0,Emergency,5,Infection,3,3,5.0,1.1,8.4,133.3,128,83,36.7,3,Self-Pay,0,0,1,5.8,1
63,0,2,Elective,0,Cardiac,5,1,6.0,0.98,2.0,138.1,168,71,36.4,0,Medicare,0,1,0,3.9,1
60,0,0,Emergency,3,GI,4,0,5.8,1.38,14.8,144.4,115,96,37.7,0,Medicare,1,1,1,5.0,1
65,0,2,Elective,2,Orthopedic,5,2,6.8,0.94,17.0,141.2,107,74,37.4,1,Medicaid,0,1,0,4.2,1
89,0,0,Emergency,2,Orthopedic,5,2,8.3,0.71,1.5,138.4,129,67,36.9,2,Private,0,1,1,3.1,1
54,1,0,Emergency,2,Orthopedic,6,3,5.9,1.02,9.4,134.8,140,69,37.6,1,Medicaid,0,1,1,4.0,1
73,1,1,Urgent,5,Infection,1,3,6.8,0.53,9.5,139.2,125,104,37.7,2,Private,1,0,0,5.6,1
53,0,2,Elective,5,Infection,2,0,10.1,1.11,15.3,141.5,136,87,38.7,2,Private,0,6,0,6.7,1
60,1,1,Urgent,5,Infection,3,3,7.1,0.42,6.5,137.3,125,107,36.0,0,Medicare,0,2,0,4.6,1
53,1,0,Emergency,2,Orthopedic,3,1,7.4,1.35,14.0,139.3,130,79,36.5,2,Private,0,2,1,5.5,1
72,1,1,Urgent,0,Cardiac,1,0,9.5,1.39,6.1,134.5,124,86,39.5,1,Medicaid,1,4,0,4.3,1
23,0,2,Elective,5,Infection,1,3,6.1,2.02,8.8,140.2,117,60,37.1,0,Medicare,0,3,0,5.3,1
90,1,0,Emergency,0,Cardiac,5,0,7.7,0.92,12.7,137.5,110,81,37.4,1,Medicaid,1,0,1,6.8,1
58,1,0,Emergency,2,Orthopedic,3,1,5.0,1.55,10.8,135.2,117,83,37.5,0,Medicare,0,0,1,2.8,0
66,0,2,Elective,1,Respiratory,5,1,5.9,0.54,9.2,142.1,119,105,36.6,0,Medicare,1,0,0,6.6,1
84,1,2,Elective,2,Orthopedic,3,3,5.9,1.33,10.1,143.0,156,91,36.7,2,Private,0,1,0,2.2,0
60,1,1,Urgent,1,Respiratory,2,0,7.4,0.84,12.9,130.5,107,67,36.6,2,Private,0,1,0,3.8,1
79,1,2,Elective,5,Infection,6,3,10.2,0.9,8.6,136.3,117,72,35.9,1,Medicaid,0,1,0,5.4,1
80,0,0,Emergency,5,Infection,5,2,5.1,2.41,10.2,135.5,134,64,38.0,1,Medicaid,1,3,1,11.2,2
53,0,1,Urgent,2,Orthopedic,1,1,8.5,0.81,13.5,137.2,145,81,38.5,0,Medicare,0,1,0,2.6,0
41,1,1,Urgent,0,Cardiac,2,1,8.0,1.44,9.3,140.1,140,89,36.7,0,Medicare,0,1,0,3.9,1
35,0,1,Urgent,3,GI,4,3,6.9,1.17,7.4,131.7,104,97,38.4,3,Self-Pay,0,3,0,3.6,1
84,1,2,Elective,1,Respiratory,1,0,7.0,1.74,11.5,142.0,148,83,37.6,2,Private,0,1,0,1.7,0
79,0,2,Elective,5,Infection,3,3,7.8,0.71,13.2,135.0,142,67,38.4,0,Medicare,0,0,0,5.2,1
50,1,0,Emergency,0,Cardiac,1,1,6.5,0.59,13.2,134.7,112,71,37.6,3,Self-Pay,1,1,1,6.3,1
19,1,0,Emergency,0,Cardiac,1,2,5.7,0.67,11.4,139.7,117,91,38.0,2,Private,0,4,1,3.6,1
89,0,0,Emergency,3,GI,1,5,8.5,0.58,14.5,143.4,122,99,37.6,2,Private,0,2,1,3.0,0
31,1,1,Urgent,4,Neurological,2,1,6.3,0.97,9.6,139.6,133,78,36.7,2,Private,1,0,0,6.7,1
68,0,0,Emergency,2,Orthopedic,6,2,6.7,1.07,7.4,138.1,164,91,37.5,0,Medicare,1,2,1,8.6,2
35,0,2,Elective,1,Respiratory,4,2,4.7,1.54,4.2,135.0,161,70,37.6,2,Private,0,1,0,4.1,1
65,0,0,Emergency,1,Respiratory,1,3,6.4,1.51,5.6,137.9,161,75,38.4,0,Medicare,0,1,1,5.2,1
32,0,0,Emergency,1,Respiratory,3,1,4.0,0.58,10.6,135.9,127,86,37.6,2,Private,0,0,1,4.2,1
77,0,1,Urgent,1,Respiratory,3,2,6.8,1.46,10.6,132.3,135,85,36.4,1,Medicaid,0,1,0,3.2,1
72,1,1,Urgent,4,Neurological,6,5,4.0,0.83,14.1,138.6,130,89,36.9,0,Medicare,0,1,0,4.7,1
64,0,0,Emergency,0,Cardiac,1,0,4.0,1.52,11.3,142.0,125,83,37.9,2,Private,0,0,1,3.1,1
55,0,1,Urgent,2,Orthopedic,3,1,4.0,0.4,10.5,136.9,114,91,36.9,0,Medicare,0,0,0,2.7,0
80,0,0,Emergency,4,Neurological,1,1,7.3,1.05,7.0,144.9,166,73,37.1,2,Private,0,2,1,7.2,2
31,0,0,Emergency,0,Cardiac,3,1,4.8,1.28,13.1,136.3,126,115,37.3,1,Medicaid,0,0,1,5.5,1
83,1,0,Emergency,5,Infection,2,1,6.3,0.95,17.5,134.4,99,100,35.8,1,Medicaid,0,0,1,4.0,1
55,0,1,Urgent,3,GI,6,2,5.4,1.21,7.9,147.3,124,88,37.5,2,Private,0,3,0,5.1,1
52,1,0,Emergency,0,Cardiac,3,1,7.3,1.88,6.4,138.3,130,87,38.3,2,Private,0,1,1,6.3,1
50,0,2,Elective,5,Infection,2,0,4.0,1.01,6.6,136.9,134,84,35.4,1,Medicaid,0,1,0,5.9,1
59,1,1,Urgent,2,Orthopedic,4,2,6.4,1.73,14.8,138.4,131,80,37.0,0,Medicare,0,0,0,2.9,0
61,0,0,Emergency,3,GI,6,1,5.8,1.59,11.7,138.4,112,101,36.2,1,Medicaid,0,1,1,6.7,1
64,0,0,Emergency,5,Infection,2,1,7.8,0.83,9.3,135.8,166,91,37.3,3,Self-Pay,0,1,1,3.3,1
70,1,0,Emergency,5,Infection,2,3,7.6,0.4,11.0,138.2,124,73,37.4,0,Medicare,0,1,1,3.5,1
80,0,1,Urgent,2,Orthopedic,2,3,4.0,1.17,3.4,135.8,143,84,37.5,0,Medicare,0,0,0,2.6,0
66,1,1,Urgent,1,Respiratory,3,2,8.6,2.03,15.0,132.9,135,91,37.7,0,Medicare,0,3,0,4.3,1
80,1,2,Elective,1,Respiratory,5,0,8.4,1.93,11.5,135.5,107,88,36.8,0,Medicare,0,2,0,1.2,0
37,0,0,Emergency,4,Neurological,4,3,7.3,1.33,12.0,134.1,124,73,36.1,1,Medicaid,0,1,1,4.2,1
33,1,0,Emergency,5,Infection,1,0,4.0,0.9,7.4,137.5,145,70,37.0,3,Self-Pay,1,2,1,5.7,1
50,1,0,Emergency,0,Cardiac,1,2,7.4,1.6,4.8,135.4,120,95,36.6,0,Medicare,0,2,1,5.3,1
76,1,0,Emergency,0,Cardiac,5,2,7.8,0.64,9.7,145.1,128,86,37.2,3,Self-Pay,0,2,1,6.2,1
58,1,0,Emergency,4,Neurological,1,2,5.9,1.39,10.8,138.9,132,76,37.1,0,Medicare,0,1,1,3.9,1
70,0,2,Elective,1,Respiratory,3,2,8.2,1.82,9.6,129.6,121,116,36.6,1,Medicaid,0,1,0,2.8,0
75,1,1,Urgent,1,Respiratory,4,0,9.5,1.12,12.2,132.5,138,92,37.3,2,Private,1,1,0,8.4,2
54,1,2,Elective,0,Cardiac,1,3,5.8,0.72,6.0,138.1,124,82,38.1,2,Private,0,1,0,4.8,1
38,0,0,Emergency,1,Respiratory,2,2,4.9,1.13,5.9,140.3,122,78,38.2,3,Self-Pay,0,1,1,3.6,1
72,1,0,Emergency,5,Infection,4,2,6.1,1.35,6.2,139.3,152,97,37.1,0,Medicare,0,1,1,7.1,2
73,0,0,Emergency,5,Infection,5,1,7.5,0.74,5.1,139.9,140,102,37.9,0,Medicare,1,0,1,8.8,2
50,1,0,Emergency,1,Respiratory,2,1,6.5,0.96,7.5,135.0,109,73,35.8,2,Private,1,2,1,5.3,1
61,0,1,Urgent,5,Infection,4,0,4.8,1.69,7.8,146.1,116,69,36.7,3,Self-Pay,0,2,0,6.6,1
50,0,0,Emergency,1,Respiratory,1,3,8.6,1.79,9.6,135.3,134,84,35.0,3,Self-Pay,1,1,1,6.2,1
57,1,2,Elective,4,Neurological,2,5,6.2,1.23,12.1,141.5,147,79,36.2,0,Medicare,0,1,0,4.9,1
35,0,2,Elective,0,Cardiac,3,3,7.6,0.8,10.3,132.0,111,67,37.5,3,Self-Pay,0,1,0,4.8,1
90,0,0,Emergency,4,Neurological,3,4,7.7,0.44,4.0,132.0,145,76,36.8,0,Medicare,0,1,1,7.7,2
59,0,1,Urgent,1,Respiratory,1,0,6.2,1.32,11.8,139.6,144,72,36.0,0,Medicare,0,2,0,3.4,1
82,1,1,Urgent,0,Cardiac,3,1,7.6,0.59,5.1,140.8,137,74,37.5,2,Private,0,0,0,6.4,1
52,1,0,Emergency,5,Infection,2,0,9.6,1.24,1.7,134.5,111,94,36.8,1,Medicaid,0,1,1,6.4,1
74,0,2,Elective,0,Cardiac,3,1,8.1,0.87,11.9,142.4,114,94,38.2,2,Private,0,1,0,4.1,1
56,0,0,Emergency,5,Infection,6,1,4.0,1.55,12.5,139.6,132,122,35.3,0,Medicare,0,0,1,8.6,2
50,0,1,Urgent,0,Cardiac,4,1,6.2,0.7,13.8,138.9,143,60,37.8,1,Medicaid,0,2,0,4.6,1
77,1,0,Emergency,0,Cardiac,4,2,5.3,0.6,10.0,139.5,137,93,39.3,2,Private,0,1,1,6.6,1
67,0,0,Emergency,5,Infection,5,2,8.7,1.37,14.2,138.7,120,100,39.2,0,Medicare,0,2,1,8.1,2
30,0,1,Urgent,3,GI,2,0,6.5,1.14,3.3,133.9,135,64,37.8,3,Self-Pay,1,0,0,6.0,1
71,0,2,Elective,2,Orthopedic,3,0,6.2,1.59,7.7,144.5,188,51,38.1,2,Private,1,1,0,4.3,1
51,1,0,Emergency,0,Cardiac,1,3,4.0,2.08,12.2,141.2,96,69,37.0,2,Private,0,1,1,7.0,1
70,1,0,Emergency,3,GI,2,4,12.0,0.94,9.0,137.5,124,66,36.8,2,Private,0,2,1,4.3,1
75,1,0,Emergency,1,Respiratory,4,0,6.7,1.62,10.8,142.3,110,76,37.1,0,Medicare,1,2,1,6.0,1
77,0,0,Emergency,2,Orthopedic,4,1,6.2,0.56,10.7,144.3,125,100,36.6,2,Private,0,2,1,4.8,1
56,1,1,Urgent,3,GI,6,0,4.0,0.66,12.1,141.9,141,61,35.4,1,Medicaid,0,2,0,3.8,1
50,1,2,Elective,3,GI,4,3,6.8,1.16,15.8,139.8,101,76,37.0,0,Medicare,1,1,0,5.2,1
83,0,2,Elective,5,Infection,4,2,6.4,0.98,10.7,135.2,139,80,36.8,3,Self-Pay,0,2,0,5.1,1
51,0,1,Urgent,3,GI,2,2,6.7,0.43,11.1,135.4,129,100,36.3,2,Private,0,0,0,4.5,1
52,0,2,Elective,1,Respiratory,2,1,4.0,2.57,5.8,130.4,109,85,36.6,2,Private,0,0,0,3.4,1
55,1,1,Urgent,1,Respiratory,2,2,4.0,0.44,7.5,139.0,128,87,37.5,1,Medicaid,0,1,0,1.6,0
62,1,2,Elective,2,Orthopedic,3,1,9.5,0.94,9.6,137.8,107,89,38.7,2,Private,0,1,0,4.9,1
74,1,0,Emergency,1,Respiratory,7,1,4.4,1.76,8.5,128.7,124,73,37.4,2,Private,0,3,1,4.5,1
59,0,1,Urgent,1,Respiratory,3,3,7.4,1.05,5.0,128.4,145,83,37.2,1,Medicaid,0,1,0,4.2,1
62,0,2,Elective,4,Neurological,3,2,6.0,1.51,12.5,144.7,102,87,37.2,1,Medicaid,0,1,0,5.0,1
74,1,1,Urgent,4,Neurological,4,0,8.3,0.82,7.2,131.1,123,76,37.4,1,Medicaid,1,0,0,7.0,1
21,0,2,Elective,3,GI,2,3,6.8,1.23,8.9,140.0,158,68,36.9,0,Medicare,1,2,0,4.0,1
77,1,0,Emergency,3,GI,1,4,6.7,2.15,4.6,131.9,129,88,37.2,2,Private,0,0,1,7.0,1
71,1,2,Elective,2,Orthopedic,2,2,6.8,0.93,11.3,143.5,143,75,36.5,2,Private,0,1,0,3.8,1
60,0,1,Urgent,3,GI,6,4,5.1,1.43,8.2,140.5,123,96,37.3,2,Private,0,1,0,2.5,0
74,0,0,Emergency,4,Neurological,1,2,4.4,1.03,11.1,140.1,104,60,38.0,2,Private,0,3,1,5.9,1
79,1,0,Emergency,4,Neurological,1,1,6.1,1.23,1.5,134.1,93,92,36.6,0,Medicare,0,1,1,7.0,1
51,0,0,Emergency,0,Cardiac,1,2,4.0,1.43,6.3,139.6,119,86,35.5,0,Medicare,0,0,1,4.7,1
32,1,2,Elective,4,Neurological,3,0,4.0,0.67,12.0,136.2,171,90,37.2,0,Medicare,0,2,0,4.3,1
36,0,1,Urgent,3,GI,1,4,6.8,0.71,8.8,131.8,125,64,36.8,3,Self-Pay,0,0,0,1.9,0
50,1,2,Elective,0,Cardiac,4,1,6.0,0.87,16.5,136.6,116,71,37.2,2,Private,0,0,0,5.4,1
55,1,0,Emergency,0,Cardiac,2,0,8.3,1.57,10.1,134.6,132,99,36.6,1,Medicaid,0,0,1,4.5,1
50,1,2,Elective,4,Neurological,2,1,8.0,1.77,12.1,134.1,115,97,37.4,1,Medicaid,0,0,0,4.6,1
80,1,1,Urgent,3,GI,2,2,7.4,2.51,11.4,138.9,129,115,36.5,2,Private,1,0,0,7.3,2
68,1,0,Emergency,4,Neurological,5,2,7.4,0.97,6.6,132.0,133,84,38.8,0,Medicare,0,1,1,3.3,1
86,0,0,Emergency,0,Cardiac,3,4,5.1,0.9,8.0,143.8,101,84,36.8,1,Medicaid,0,2,1,7.1,2
19,0,2,Elective,0,Cardiac,5,0,7.4,1.23,11.4,141.3,155,90,35.0,1,Medicaid,0,0,0,2.3,0
86,0,0,Emergency,0,Cardiac,4,2,5.4,0.71,10.5,136.9,129,85,37.4,2,Private,1,2,1,7.7,2
61,0,0,Emergency,2,Orthopedic,1,4,7.5,1.79,2.9,144.2,158,79,36.7,1,Medicaid,0,1,1,4.1,1
83,0,0,Emergency,2,Orthopedic,3,2,11.5,0.75,12.5,134.7,115,91,37.0,1,Medicaid,1,1,1,7.9,2
77,0,0,Emergency,4,Neurological,1,3,4.0,0.7,9.5,138.8,113,74,36.5,2,Private,1,1,1,6.0,1
34,1,2,Elective,3,GI,2,0,7.8,0.62,2.3,139.4,117,99,37.6,0,Medicare,0,3,0,2.5,0
27,1,1,Urgent,5,Infection,4,1,6.6,0.86,6.8,133.0,112,61,36.8,1,Medicaid,0,2,0,5.1,1
28,0,1,Urgent,0,Cardiac,2,1,5.4,1.0,11.4,141.5,153,80,38.0,3,Self-Pay,1,3,0,5.5,1
81,1,2,Elective,0,Cardiac,2,3,7.8,0.82,6.8,134.5,132,59,38.4,0,Medicare,0,0,0,1.4,0
82,0,1,Urgent,0,Cardiac,5,1,4.2,0.72,7.1,140.7,144,86,37.0,3,Self-Pay,0,0,0,3.5,1
30,1,2,Elective,2,Orthopedic,3,2,10.2,2.27,11.6,138.4,133,90,35.6,0,Medicare,0,0,0,3.1,1
82,1,0,Emergency,1,Respiratory,2,1,8.4,1.01,6.6,134.9,139,91,37.5,0,Medicare,0,0,1,1.8,0
50,0,2,Elective,3,GI,1,1,5.5,1.35,11.4,137.1,127,66,35.7,2,Private,0,0,0,2.9,0
21,1,0,Emergency,0,Cardiac,4,0,4.0,1.43,4.8,139.8,131,91,36.8,2,Private,0,1,1,5.4,1
73,0,1,Urgent,0,Cardiac,2,3,5.4,0.9,11.8,140.5,133,75,37.9,1,Medicaid,0,0,0,4.8,1
39,0,1,Urgent,2,Orthopedic,7,2,9.1,0.65,13.0,130.8,137,73,37.3,2,Private,0,1,0,4.8,1
80,0,0,Emergency,1,Respiratory,4,2,10.0,0.9,9.6,139.9,117,64,36.1,2,Private,0,1,1,3.9,1
50,1,0,Emergency,4,Neurological,3,2,6.1,1.37,9.0,134.4,123,62,36.6,3,Self-Pay,0,0,1,3.6,1
54,1,0,Emergency,4,Neurological,2,2,7.8,0.74,5.3,132.8,136,89,36.8,0,Medicare,1,2,1,7.5,2
38,1,0,Emergency,0,Cardiac,1,1,5.8,1.47,12.3,137.6,147,76,36.6,0,Medicare,0,2,1,5.5,1
75,1,1,Urgent,4,Neurological,3,1,6.0,0.4,9.4,134.0,165,76,37.6,0,Medicare,0,1,0,4.3,1
76,0,2,Elective,3,GI,5,2,4.9,1.14,13.0,137.7,119,79,37.3,3,Self-Pay,0,1,0,2.0,0
72,1,1,Urgent,2,Orthopedic,1,2,9.0,1.53,11.0,134.8,118,83,36.1,1,Medicaid,0,0,0,3.8,1
94,0,1,Urgent,0,Cardiac,6,1,5.2,1.88,14.0,139.0,93,66,35.5,2,Private,1,1,0,8.3,2
32,0,0,Emergency,4,Neurological,1,1,7.2,0.59,12.1,141.2,141,83,37.6,2,Private,0,2,1,6.8,1
53,1,0,Emergency,0,Cardiac,1,2,6.8,1.34,12.4,142.4,140,75,37.1,0,Medicare,1,0,1,7.3,2
18,0,1,Urgent,1,Respiratory,6,0,11.2,2.45,10.0,134.8,104,107,36.9,1,Medicaid,0,1,0,5.4,1
50,0,2,Elective,0,Cardiac,4,2,6.6,3.24,7.9,136.5,129,91,36.6,1,Medicaid,0,1,0,7.2,2
29,1,2,Elective,2,Orthopedic,2,1,5.6,1.16,8.9,133.7,154,84,37.1,1,Medicaid,0,0,0,4.8,1
89,1,0,Emergency,3,GI,5,1,5.2,0.76,7.6,135.5,115,48,37.0,2,Private,0,0,1,3.8,1
51,1,1,Urgent,5,Infection,3,2,8.1,2.29,10.9,134.8,130,50,36.4,2,Private,0,1,0,7.1,2
31,0,1,Urgent,4,Neurological,3,3,10.1,1.57,3.6,139.5,123,60,36.5,0,Medicare,1,1,0,6.8,1
61,0,1,Urgent,5,Infection,2,3,9.8,2.83,10.2,137.3,133,114,36.7,0,Medicare,0,1,0,5.2,1
28,1,1,Urgent,4,Neurological,1,4,5.6,2.64,9.7,137.8,156,96,36.3,0,Medicare,0,1,0,5.1,1
40,1,2,Elective,1,Respiratory,3,2,8.0,0.55,9.5,141.5,146,80,37.3,0,Medicare,0,0,0,1.8,0
67,1,0,Emergency,2,Orthopedic,4,2,4.6,1.44,6.2,141.4,98,97,37.4,0,Medicare,0,2,1,4.4,1
44,1,2,Elective,2,Orthopedic,4,0,6.5,1.33,4.5,135.8,148,90,37.5,3,Self-Pay,0,1,0,3.7,1
40,1,0,Emergency,3,GI,6,3,4.0,1.77,6.3,124.4,132,104,36.2,0,Medicare,0,2,1,3.8,1
76,0,1,Urgent,3,GI,1,0,6.6,1.18,8.8,141.8,126,77,35.7,2,Private,1,0,0,5.1,1
40,1,2,Elective,3,GI,2,3,4.7,2.87,8.7,141.4,157,86,37.4,3,Self-Pay,0,1,0,5.3,1
65,1,1,Urgent,0,Cardiac,2,1,6.4,1.07,8.4,135.1,111,80,38.0,2,Private,0,2,0,3.5,1
87,1,0,Emergency,4,Neurological,6,3,8.9,1.06,9.0,139.1,138,93,35.4,2,Private,0,1,1,5.4,1
36,0,0,Emergency,0,Cardiac,3,0,5.0,1.88,5.9,144.6,116,86,37.9,0,Medicare,0,2,1,6.0,1
41,1,1,Urgent,0,Cardiac,4,1,5.8,1.1,9.7,144.7,130,77,37.2,0,Medicare,0,0,0,4.4,1
67,1,0,Emergency,2,Orthopedic,3,2,8.2,1.17,2.3,133.5,108,92,38.8,2,Private,0,2,1,5.0,1
84,1,0,Emergency,3,GI,3,3,5.8,0.72,13.1,136.5,119,89,37.5,0,Medicare,0,1,1,4.6,1
80,1,0,Emergency,0,Cardiac,5,2,4.3,0.81,7.8,131.0,141,88,35.5,3,Self-Pay,1,1,1,6.2,1
54,0,2,Elective,2,Orthopedic,2,0,5.8,0.65,14.2,136.1,111,83,38.2,1,Medicaid,0,3,0,3.9,1
74,0,0,Emergency,2,Orthopedic,4,0,6.5,0.93,8.4,135.5,114,61,36.7,2,Private,0,1,1,5.4,1
52,0,1,Urgent,0,Cardiac,3,5,7.6,0.78,10.4,127.7,124,87,37.4,0,Medicare,1,0,0,8.7,2
94,0,0,Emergency,3,GI,4,4,4.0,0.71,15.0,142.2,157,49,37.3,0,Medicare,0,4,1,6.9,1
81,1,1,Urgent,0,Cardiac,2,2,7.5,0.99,10.1,143.7,97,66,37.5,0,Medicare,0,1,0,4.9,1
70,0,0,Emergency,4,Neurological,3,2,6.9,1.79,6.6,143.0,80,102,38.4,0,Medicare,0,0,1,6.1,1
39,1,1,Urgent,1,Respiratory,1,2,4.0,0.69,12.4,141.9,121,66,37.3,0,Medicare,0,0,0,3.6,1
77,0,1,Urgent,2,Orthopedic,5,6,6.0,1.37,10.1,131.1,95,89,38.4,0,Medicare,0,0,0,5.8,1
18,0,0,Emergency,5,Infection,3,2,6.7,1.74,5.0,145.5,132,105,36.8,2,Private,0,0,1,7.5,2
70,0,2,Elective,4,Neurological,3,2,4.9,0.62,4.1,138.2,120,87,37.4,0,Medicare,1,1,0,6.4,1
70,1,2,Elective,4,Neurological,2,4,4.6,0.7,6.4,139.8,114,87,38.3,2,Private,0,1,0,4.4,1
86,0,0,Emergency,0,Cardiac,1,0,6.4,2.63,14.3,142.2,153,66,37.4,1,Medicaid,0,1,1,5.8,1
35,0,1,Urgent,0,Cardiac,6,2,6.5,1.3,9.5,140.0,128,103,38.3,0,Medicare,1,2,0,8.2,2
34,1,1,Urgent,3,GI,2,1,4.0,1.5,8.8,144.6,155,81,36.7,3,Self-Pay,0,0,0,2.3,0
61,1,0,Emergency,2,Orthopedic,5,2,5.2,0.93,13.3,135.1,145,88,37.0,1,Medicaid,0,0,1,4.2,1
70,1,0,Emergency,5,Infection,5,1,5.0,0.94,15.4,143.8,80,87,38.1,2,Private,0,3,1,6.1,1
34,0,2,Elective,1,Respiratory,1,3,4.1,0.46,9.2,132.1,120,70,38.2,2,Private,0,1,0,3.5,1
59,0,1,Urgent,2,Orthopedic,7,1,8.0,0.93,11.4,139.7,96,96,38.0,0,Medicare,0,0,0,3.4,1
58,1,2,Elective,2,Orthopedic,4,2,8.2,1.78,11.4,135.9,132,101,37.9,2,Private,0,2,0,4.3,1
60,1,1,Urgent,4,Neurological,3,5,4.0,0.96,13.0,138.9,142,103,37.4,1,Medicaid,0,1,0,5.7,1
83,1,0,Emergency,1,Respiratory,6,0,6.2,2.87,8.7,143.0,143,52,36.3,3,Self-Pay,0,2,1,6.7,1
90,0,0,Emergency,5,Infection,5,4,7.3,0.97,13.3,142.2,116,80,36.7,0,Medicare,1,4,1,9.0,2
45,0,1,Urgent,2,Orthopedic,3,2,8.3,0.54,3.3,138.0,151,69,36.5,2,Private,1,0,0,6.1,1
67,0,1,Urgent,4,Neurological,2,1,8.1,1.63,10.3,133.1,111,98,38.0,0,Medicare,0,1,0,5.0,1
33,1,0,Emergency,2,Orthopedic,1,0,5.9,1.96,5.8,133.1,121,99,36.4,0,Medicare,0,1,1,2.6,0
21,0,1,Urgent,4,Neurological,3,0,6.7,0.81,7.1,142.9,124,100,35.2,0,Medicare,1,0,0,6.2,1
65,1,2,Elective,0,Cardiac,1,1,8.5,1.9,14.2,138.5,180,76,37.4,2,Private,0,0,0,4.1,1
27,0,2,Elective,4,Neurological,2,1,5.8,0.93,7.7,135.3,121,101,37.3,2,Private,0,0,0,1.9,0
70,1,0,Emergency,2,Orthopedic,2,5,4.8,2.19,9.0,134.2,120,91,37.7,1,Medicaid,0,2,1,5.8,1
76,0,0,Emergency,2,Orthopedic,2,0,8.5,1.86,8.2,140.3,135,80,37.9,2,Private,0,2,1,3.7,1
50,1,2,Elective,0,Cardiac,2,2,4.6,1.22,9.4,145.2,109,103,37.2,2,Private,0,1,0,2.5,0
86,0,2,Elective,4,Neurological,1,2,4.0,1.81,12.7,137.0,138,94,36.9,0,Medicare,0,0,0,3.5,1
50,1,0,Emergency,0,Cardiac,3,3,7.0,1.82,8.6,141.9,106,51,37.2,0,Medicare,0,0,1,4.4,1
50,1,2,Elective,0,Cardiac,7,2,7.8,3.93,12.5,133.5,98,60,37.4,1,Medicaid,1,1,0,8.5,2
50,0,0,Emergency,0,Cardiac,1,0,8.7,1.15,11.0,141.1,127,72,36.8,0,Medicare,1,2,1,7.7,2
85,1,0,Emergency,0,Cardiac,8,0,7.7,0.55,4.7,144.1,148,85,36.8,2,Private,0,1,1,7.3,2
51,1,0,Emergency,3,GI,3,2,7.9,0.84,10.5,135.1,94,106,38.1,2,Private,0,0,1,2.2,0
59,1,0,Emergency,1,Respiratory,5,4,4.5,1.6,13.3,141.3,129,103,37.5,2,Private,1,1,1,8.1,2
83,1,2,Elective,0,Cardiac,1,0,7.2,0.91,9.2,138.9,110,79,36.7,2,Private,0,1,0,1.6,0
68,1,1,Urgent,1,Respiratory,7,3,7.5,0.87,9.9,137.8,140,82,36.8,1,Medicaid,0,3,0,4.2,1
51,0,0,Emergency,2,Orthopedic,4,2,5.4,1.14,10.8,132.2,135,62,37.3,0,Medicare,1,0,1,8.1,2
50,0,2,Elective,2,Orthopedic,4,2,6.5,2.82,12.9,133.2,124,98,35.9,0,Medicare,0,1,0,2.3,0
91,1,2,Elective,1,Respiratory,3,4,8.6,0.74,14.1,139.6,131,88,37.4,0,Medicare,1,0,0,4.3,1
50,1,0,Emergency,2,Orthopedic,2,0,8.1,0.51,12.3,137.4,168,80,37.2,1,Medicaid,1,0,1,5.1,1
77,0,1,Urgent,2,Orthopedic,3,2,8.7,2.66,9.6,139.3,157,75,37.1,3,Self-Pay,0,1,0,4.2,1
53,1,1,Urgent,4,Neurological,1,3,5.6,1.54,11.7,143.6,109,91,36.8,2,Private,1,0,0,6.6,1
69,0,1,Urgent,0,Cardiac,2,2,9.3,0.52,12.3,132.3,109,90,36.9,1,Medicaid,1,3,0,6.7,1
33,1,1,Urgent,5,Infection,5,0,5.5,0.96,5.5,143.5,126,88,37.3,0,Medicare,1,1,0,6.1,1
28,1,0,Emergency,1,Respiratory,2,1,4.0,1.5,1.5,133.6,97,117,36.1,0,Medicare,1,1,1,6.1,1
86,1,0,Emergency,4,Neurological,2,1,6.3,1.07,3.0,137.2,125,93,37.2,2,Private,0,2,1,6.6,1
81,0,2,Elective,2,Orthopedic,5,1,6.3,0.91,8.3,135.8,151,82,37.1,1,Medicaid,0,0,0,3.3,1
79,0,2,Elective,1,Respiratory,1,2,5.0,1.23,9.9,134.2,143,104,37.4,0,Medicare,0,3,0,2.8,0
85,0,0,Emergency,3,GI,3,2,7.2,3.1,5.4,146.0,129,57,36.5,0,Medicare,1,2,1,7.4,2
50,1,0,Emergency,4,Neurological,1,3,10.9,1.05,10.3,138.8,149,99,37.4,0,Medicare,0,0,1,5.5,1
85,0,2,Elective,2,Orthopedic,2,4,7.4,0.89,9.4,143.9,115,88,37.5,3,Self-Pay,0,2,0,1.1,0
38,0,0,Emergency,2,Orthopedic,2,1,8.1,1.1,7.1,133.7,170,85,37.7,1,Medicaid,0,1,1,4.2,1
56,1,0,Emergency,0,Cardiac,2,5,7.8,0.87,11.5,137.6,122,82,37.3,1,Medicaid,1,1,1,8.0,2
57,1,0,Emergency,5,Infection,2,1,5.4,0.52,4.1,133.0,119,84,36.9,1,Medicaid,0,0,1,4.9,1
44,1,0,Emergency,4,Neurological,2,5,4.6,1.12,9.5,131.8,107,76,37.4,0,Medicare,1,0,1,7.2,2
62,1,0,Emergency,1,Respiratory,1,0,6.2,1.1,14.5,139.6,126,80,37.7,2,Private,0,0,1,6.1,1
89,0,1,Urgent,4,Neurological,4,2,6.5,0.84,8.3,138.4,161,60,36.9,2,Private,1,1,0,7.4,2
83,1,0,Emergency,1,Respiratory,3,0,8.8,0.79,11.7,141.3,151,79,35.5,2,Private,1,0,1,9.0,2
84,1,2,Elective,4,Neurological,1,2,5.1,0.95,11.6,147.9,107,80,37.6,3,Self-Pay,0,3,0,5.0,1
87,0,2,Elective,2,Orthopedic,3,5,6.6,2.32,7.7,133.0,178,84,37.9,2,Private,1,2,0,7.1,2
77,1,2,Elective,2,Orthopedic,1,1,6.5,3.4,4.2,136.2,129,75,36.6,1,Medicaid,0,0,0,4.0,1
51,0,2,Elective,0,Cardiac,1,1,6.0,1.71,6.9,140.3,112,100,38.0,0,Medicare,0,3,0,1.7,0
73,0,1,Urgent,5,Infection,2,1,7.5,1.04,10.1,134.8,143,83,37.6,0,Medicare,0,0,0,3.1,1
33,1,0,Emergency,4,Neurological,2,4,6.9,0.73,12.7,139.2,144,88,35.9,0,Medicare,0,3,1,6.0,1
40,1,0,Emergency,4,Neurological,2,1,9.0,1.04,3.4,136.0,126,74,38.2,2,Private,0,0,1,5.5,1
50,1,0,Emergency,1,Respiratory,3,1,6.8,2.67,6.2,136.4,117,81,37.8,2,Private,0,2,1,3.3,1
81,1,0,Emergency,1,Respiratory,1,1,4.0,1.56,9.1,133.5,135,89,37.0,1,Medicaid,0,2,1,5.8,1
69,1,1,Urgent,3,GI,2,1,4.7,1.65,6.1,139.5,132,100,37.9,0,Medicare,0,3,0,4.4,1
91,1,2,Elective,4,Neurological,6,4,5.5,0.92,14.0,139.2,121,96,37.6,2,Private,0,1,0,5.6,1
55,1,0,Emergency,5,Infection,4,7,4.0,1.37,8.5,137.0,156,70,36.6,0,Medicare,0,1,1,7.9,2
22,1,1,Urgent,1,Respiratory,4,3,4.6,1.64,9.9,140.6,150,82,37.7,1,Medicaid,0,1,0,3.3,1
82,0,1,Urgent,3,GI,3,2,8.3,1.04,6.1,136.1,166,89,36.5,0,Medicare,0,2,0,3.3,1
18,0,0,Emergency,4,Neurological,3,3,4.0,0.59,11.5,147.9,131,65,37.1,2,Private,1,0,1,7.1,2
81,0,2,Elective,1,Respiratory,3,2,7.4,1.06,5.8,142.0,125,68,37.4,3,Self-Pay,0,3,0,3.2,1
57,1,1,Urgent,2,Orthopedic,4,1,4.2,0.53,10.6,141.5,144,81,38.2,1,Medicaid,1,2,0,4.5,1
77,1,0,Emergency,0,Cardiac,2,2,6.5,1.62,14.6,131.8,128,71,37.6,0,Medicare,0,1,1,4.5,1
50,1,2,Elective,3,GI,5,1,6.5,0.95,11.9,137.7,130,118,36.7,1,Medicaid,1,2,0,6.0,1
96,0,1,Urgent,5,Infection,3,3,7.0,1.58,9.7,135.2,143,73,35.8,3,Self-Pay,1,3,0,7.4,2
40,1,1,Urgent,5,Infection,3,1,4.0,1.17,6.3,136.3,112,96,37.0,0,Medicare,1,0,0,5.2,1
28,0,1,Urgent,3,GI,6,1,8.3,2.38,6.5,139.1,117,92,39.2,2,Private,0,0,0,4.3,1
58,0,1,Urgent,1,Respiratory,2,3,5.7,1.55,10.5,137.0,168,89,38.4,2,Private,0,1,0,3.0,0
63,1,0,Emergency,3,GI,4,1,4.9,2.21,9.5,137.1,150,66,36.5,0,Medicare,0,1,1,5.2,1
69,1,2,Elective,5,Infection,3,2,7.3,1.6,12.2,142.8,80,85,38.6,1,Medicaid,0,0,0,4.6,1
54,1,2,Elective,3,GI,1,1,6.5,0.78,8.8,135.0,113,124,38.3,0,Medicare,1,1,0,7.0,1
54,0,1,Urgent,2,Orthopedic,3,1,5.2,0.67,10.9,138.0,161,87,36.7,2,Private,0,1,0,2.2,0
67,0,1,Urgent,5,Infection,4,7,5.8,1.85,9.4,134.9,116,81,39.4,2,Private,0,0,0,5.8,1
50,1,2,Elective,4,Neurological,2,1,4.0,1.33,11.3,134.9,124,76,36.9,0,Medicare,0,2,0,3.3,1
60,0,0,Emergency,5,Infection,2,2,6.1,0.71,7.9,137.1,113,69,38.1,2,Private,0,6,1,6.3,1
56,0,2,Elective,5,Infection,4,3,5.7,1.08,3.9,142.8,138,90,35.8,0,Medicare,0,2,0,7.0,1
50,0,1,Urgent,1,Respiratory,4,0,5.7,1.04,12.5,133.0,101,94,36.2,0,Medicare,0,0,0,5.4,1
71,1,0,Emergency,4,Neurological,1,2,5.1,2.05,8.5,137.3,117,100,37.8,0,Medicare,0,1,1,6.8,1
29,1,1,Urgent,3,GI,4,6,7.6,1.08,13.8,137.8,136,68,37.2,0,Medicare,0,2,0,3.6,1
50,1,1,Urgent,0,Cardiac,4,1,7.3,1.41,9.4,131.6,175,82,37.9,2,Private,0,1,0,5.0,1
24,1,0,Emergency,3,GI,2,1,7.0,1.04,9.1,135.0,121,92,38.4,2,Private,1,0,1,5.1,1
57,1,2,Elective,2,Orthopedic,1,3,4.6,0.86,13.7,141.0,122,53,36.4,0,Medicare,1,2,0,6.8,1
87,1,1,Urgent,1,Respiratory,5,1,5.3,1.97,6.7,139.6,193,90,37.3,2,Private,1,2,0,6.4,1
59,1,2,Elective,5,Infection,3,2,4.0,0.92,7.5,139.5,88,61,37.8,2,Private,0,1,0,5.2,1
65,1,0,Emergency,0,Cardiac,5,2,7.3,1.68,10.5,139.1,125,67,38.2,2,Private,1,1,1,9.2,2
52,0,1,Urgent,5,Infection,3,2,8.9,2.25,6.0,146.3,106,90,36.2,0,Medicare,0,0,0,6.2,1
63,1,2,Elective,0,Cardiac,1,2,4.0,1.48,15.3,138.6,109,65,36.0,0,Medicare,0,3,0,3.3,1
67,0,2,Elective,1,Respiratory,2,1,8.3,0.9,7.9,133.6,139,66,37.3,1,Medicaid,1,1,0,8.0,2
71,0,2,Elective,2,Orthopedic,1,4,8.6,0.64,8.3,133.5,122,113,38.4,2,Private,0,0,0,2.0,0
31,1,2,Elective,4,Neurological,3,1,4.9,3.87,13.8,137.1,144,59,37.3,2,Private,0,3,0,5.9,1
81,0,0,Emergency,0,Cardiac,3,2,11.2,1.82,9.2,136.7,139,103,36.4,2,Private,0,1,1,3.6,1
52,1,2,Elective,5,Infection,7,2,4.8,1.56,6.1,135.9,100,91,36.7,0,Medicare,0,0,0,4.7,1
37,1,0,Emergency,4,Neurological,1,4,5.6,3.04,12.4,141.0,97,93,36.9,0,Medicare,0,0,1,8.2,2
72,0,0,Emergency,4,Neurological,3,4,6.1,2.2,12.0,143.7,143,115,35.7,0,Medicare,0,1,1,5.3,1
78,1,0,Emergency,0,Cardiac,2,5,7.4,1.77,5.1,137.3,94,77,37.2,1,Medicaid,0,2,1,4.7,1
24,1,2,Elective,2,Orthopedic,1,4,5.0,1.24,6.6,133.3,111,101,36.6,1,Medicaid,0,3,0,5.1,1
73,0,0,Emergency,5,Infection,2,0,5.6,1.15,5.5,140.0,133,46,37.2,2,Private,0,1,1,4.7,1
84,1,0,Emergency,1,Respiratory,2,3,4.1,2.34,1.5,136.9,146,102,38.6,2,Private,0,1,1,4.5,1
46,1,0,Emergency,0,Cardiac,4,2,6.7,0.69,16.4,137.3,126,78,38.2,2,Private,0,1,1,4.6,1
60,0,1,Urgent,2,Orthopedic,4,0,8.9,1.89,4.1,136.4,151,83,37.7,2,Private,1,5,0,6.7,1
50,0,2,Elective,5,Infection,3,2,6.1,0.52,6.1,135.9,115,77,36.8,1,Medicaid,0,2,0,6.6,1
65,0,0,Emergency,2,Orthopedic,4,2,7.7,0.67,10.7,132.3,139,79,37.9,3,Self-Pay,1,0,1,6.2,1
71,0,1,Urgent,2,Orthopedic,4,1,5.9,1.17,10.2,137.2,119,53,36.1,1,Medicaid,0,0,0,3.0,0
50,0,0,Emergency,3,GI,1,5,9.2,2.41,11.3,136.9,143,101,36.5,3,Self-Pay,0,2,1,4.6,1
69,1,0,Emergency,5,Infection,1,1,6.6,1.21,10.0,134.9,122,83,36.9,0,Medicare,1,0,1,6.3,1
64,0,0,Emergency,0,Cardiac,3,4,4.6,1.08,14.3,131.7,123,50,38.0,3,Self-Pay,0,2,1,4.7,1
41,1,0,Emergency,0,Cardiac,3,4,6.7,0.87,7.0,140.9,146,89,36.6,2,Private,0,0,1,5.6,1
58,0,1,Urgent,0,Cardiac,4,3,6.1,2.02,15.2,132.7,135,63,37.3,0,Medicare,1,0,0,7.6,2
54,0,0,Emergency,0,Cardiac,2,1,6.1,1.41,7.6,138.1,107,102,36.2,0,Medicare,1,2,1,8.0,2
66,1,2,Elective,1,Respiratory,4,0,7.2,1.17,4.6,139.9,178,95,37.8,2,Private,0,0,0,1.0,0
82,1,2,Elective,1,Respiratory,4,2,4.0,2.49,7.7,131.7,87,56,37.6,0,Medicare,0,2,0,6.2,1
50,1,0,Emergency,2,Orthopedic,6,1,6.2,0.62,10.8,135.8,97,88,38.3,1,Medicaid,0,2,1,3.1,1
41,0,0,Emergency,1,Respiratory,3,4,8.4,2.38,13.4,141.4,153,67,37.1,2,Private,0,1,1,6.5,1
33,1,2,Elective,2,Orthopedic,3,3,8.8,0.63,11.4,136.1,150,87,37.9,0,Medicare,0,1,0,4.0,1
69,0,0,Emergency,5,Infection,3,1,5.2,0.87,4.8,129.2,137,90,35.9,2,Private,0,1,1,5.8,1
91,0,0,Emergency,0,Cardiac,3,0,4.0,1.69,6.0,140.3,121,84,36.4,0,Medicare,0,0,1,5.8,1
86,0,0,Emergency,1,Respiratory,4,1,9.2,1.61,7.0,136.2,122,96,36.8,1,Medicaid,0,3,1,5.0,1
62,1,2,Elective,1,Respiratory,1,1,4.9,1.52,9.9,137.2,131,124,36.4,1,Medicaid,1,4,0,7.5,2
81,0,1,Urgent,2,Orthopedic,4,1,5.7,1.05,12.6,136.8,124,89,37.2,0,Medicare,1,1,0,6.9,1
53,1,0,Emergency,4,Neurological,4,2,5.0,1.94,9.5,141.1,114,110,38.2,0,Medicare,0,1,1,4.0,1
86,1,0,Emergency,4,Neurological,4,1,6.4,1.63,3.3,143.6,133,98,37.1,0,Medicare,1,3,1,8.0,2
60,1,0,Emergency,2,Orthopedic,2,2,5.4,2.16,13.7,145.2,144,95,36.9,1,Medicaid,0,3,1,7.2,2
50,0,0,Emergency,4,Neurological,4,1,8.0,1.13,6.8,143.5,124,85,38.3,1,Medicaid,0,0,1,4.6,1
74,0,1,Urgent,4,Neurological,1,2,7.8,1.56,13.4,137.2,145,77,36.1,0,Medicare,0,1,0,5.8,1
40,0,2,Elective,0,Cardiac,1,1,4.1,2.28,7.8,138.8,124,89,37.0,2,Private,0,1,0,4.1,1
62,0,0,Emergency,1,Respiratory,3,3,4.0,2.77,8.3,130.2,119,95,36.6,2,Private,0,0,1,5.3,1
79,1,0,Emergency,3,GI,6,3,4.4,0.93,10.2,140.8,131,64,37.3,1,Medicaid,0,1,1,4.7,1
18,1,0,Emergency,5,Infection,6,1,5.3,0.71,12.2,136.1,159,72,36.8,3,Self-Pay,0,2,1,5.2,1
64,1,0,Emergency,1,Respiratory,2,4,7.5,0.77,16.6,132.0,139,77,36.0,3,Self-Pay,0,2,1,5.2,1
18,1,2,Elective,1,Respiratory,1,1,7.1,0.68,7.6,143.4,156,91,37.0,0,Medicare,0,0,0,1.0,0
66,1,0,Emergency,5,Infection,3,1,9.3,4.87,8.4,140.9,122,106,36.9,3,Self-Pay,0,1,1,7.6,2
51,0,0,Emergency,0,Cardiac,2,1,5.3,3.19,5.9,144.1,135,70,36.9,1,Medicaid,1,3,1,10.4,2
73,1,0,Emergency,3,GI,2,1,4.5,1.28,6.1,135.4,148,73,36.1,2,Private,0,2,1,4.4,1
68,0,1,Urgent,0,Cardiac,3,3,6.4,0.8,8.3,131.2,115,66,37.4,0,Medicare,0,0,0,5.1,1
82,1,2,Elective,0,Cardiac,5,2,4.0,1.13,12.5,143.8,98,71,37.6,0,Medicare,0,1,0,4.6,1
33,1,0,Emergency,2,Orthopedic,2,4,6.7,1.31,7.0,135.4,103,80,37.2,2,Private,0,2,1,4.3,1
51,1,0,Emergency,3,GI,2,2,5.4,0.56,12.5,137.5,146,91,36.9,2,Private,0,1,1,4.4,1
68,1,0,Emergency,0,Cardiac,2,2,10.0,1.25,7.7,143.8,168,83,36.5,2,Private,0,0,1,6.6,1
59,1,2,Elective,4,Neurological,2,2,6.1,1.51,12.9,133.4,114,82,36.8,0,Medicare,0,0,0,3.1,1
18,1,1,Urgent,0,Cardiac,4,1,10.1,0.85,1.5,136.3,112,102,38.3,3,Self-Pay,1,2,0,6.2,1
56,1,1,Urgent,2,Orthopedic,4,4,7.3,1.09,6.8,134.1,176,79,36.8,2,Private,0,0,0,4.0,1
75,1,1,Urgent,1,Respiratory,4,2,7.8,1.7,12.6,137.8,83,81,37.3,2,Private,1,2,0,7.5,2
72,0,2,Elective,4,Neurological,3,0,7.3,1.26,10.6,137.4,152,86,37.3,0,Medicare,0,0,0,6.6,1
83,0,0,Emergency,4,Neurological,2,2,4.0,0.87,8.6,134.1,138,83,36.4,1,Medicaid,0,2,1,4.9,1
67,1,1,Urgent,0,Cardiac,1,2,9.0,1.25,10.1,137.1,129,81,36.8,1,Medicaid,1,1,0,4.4,1
54,1,1,Urgent,0,Cardiac,1,2,7.9,2.37,10.6,140.2,131,70,37.4,2,Private,1,1,0,8.4,2
62,1,1,Urgent,5,Infection,2,2,6.6,2.39,8.9,140.7,132,65,36.7,0,Medicare,0,2,0,8.6,2
81,0,0,Emergency,2,Orthopedic,3,1,4.0,0.75,8.0,139.0,131,88,36.5,1,Medicaid,0,1,1,4.4,1
63,0,0,Emergency,2,Orthopedic,2,2,4.0,2.28,12.2,139.0,137,72,35.8,1,Medicaid,1,1,1,9.2,2
51,0,0,Emergency,0,Cardiac,4,2,6.0,1.09,12.1,131.9,92,73,37.7,2,Private,0,0,1,7.3,2
41,1,0,Emergency,5,Infection,6,0,8.1,1.43,12.7,142.9,133,72,36.6,2,Private,1,1,1,7.7,2
50,0,1,Urgent,5,Infection,5,3,6.7,1.73,16.4,139.2,145,93,36.4,1,Medicaid,0,2,0,7.6,2
61,0,0,Emergency,0,Cardiac,1,7,7.1,0.6,10.1,143.2,107,69,37.1,2,Private,1,0,1,6.2,1
84,1,1,Urgent,3,GI,2,1,9.2,1.36,16.4,140.0,144,58,37.5,0,Medicare,0,0,0,3.4,1
86,1,2,Elective,5,Infection,4,3,8.1,2.11,14.6,141.8,132,81,36.7,1,Medicaid,1,3,0,10.1,2
57,0,0,Emergency,2,Orthopedic,1,1,7.7,1.28,14.8,133.7,113,74,38.5,0,Medicare,0,1,1,3.1,1
60,1,0,Emergency,2,Orthopedic,2,4,7.7,1.37,10.7,149.7,108,79,38.2,1,Medicaid,0,5,1,5.0,1
40,1,2,Elective,1,Respiratory,2,1,7.3,1.79,12.5,139.0,106,89,37.0,2,Private,0,0,0,3.2,1
72,1,1,Urgent,0,Cardiac,1,0,7.6,1.05,15.0,141.7,102,94,37.4,3,Self-Pay,0,1,0,3.6,1
68,1,0,Emergency,4,Neurological,8,2,7.4,1.21,5.3,140.3,104,67,35.8,1,Medicaid,0,4,1,6.2,1
62,1,0,Emergency,2,Orthopedic,1,2,7.5,1.39,8.9,135.0,125,69,37.6,0,Medicare,0,1,1,2.2,0
50,0,1,Urgent,2,Orthopedic,2,1,12.9,1.46,10.0,134.7,140,59,37.4,0,Medicare,0,2,0,3.5,1
81,0,1,Urgent,1,Respiratory,3,5,6.3,0.93,13.2,138.1,173,79,35.6,0,Medicare,0,1,0,3.5,1
74,1,1,Urgent,4,Neurological,2,4,4.0,1.92,11.6,134.0,130,98,36.9,2,Private,0,0,0,3.7,1
63,1,1,Urgent,4,Neurological,3,1,4.6,0.87,12.3,145.1,96,79,35.9,0,Medicare,0,1,0,4.1,1
67,0,2,Elective,3,GI,4,1,8.5,0.87,10.8,139.5,145,77,37.8,1,Medicaid,1,2,0,5.7,1
74,0,0,Emergency,5,Infection,1,4,7.2,1.19,10.0,143.2,134,61,36.1,2,Private,0,2,1,5.0,1
50,1,1,Urgent,0,Cardiac,1,2,6.0,1.74,3.5,140.8,139,82,35.9,1,Medicaid,0,1,0,4.3,1
79,0,2,Elective,4,Neurological,3,0,7.3,0.72,7.5,134.0,136,50,36.4,0,Medicare,0,1,0,4.2,1
32,1,0,Emergency,3,GI,4,3,8.2,1.04,12.1,139.8,115,88,37.0,0,Medicare,0,2,1,6.8,1
69,0,2,Elective,1,Respiratory,3,3,7.5,0.77,9.1,141.6,139,119,37.0,1,Medicaid,0,1,0,2.5,0
80,1,0,Emergency,0,Cardiac,1,4,9.1,0.99,3.8,138.2,140,66,36.5,1,Medicaid,1,2,1,9.2,2
57,0,0,Emergency,1,Respiratory,5,1,9.9,0.84,7.3,134.2,107,85,37.1,0,Medicare,0,0,1,3.1,1
88,0,2,Elective,4,Neurological,2,3,8.2,1.2,16.1,136.2,132,76,36.6,0,Medicare,0,1,0,3.5,1
50,0,0,Emergency,4,Neurological,2,4,6.4,0.54,3.9,139.4,127,112,37.3,0,Medicare,1,3,1,8.4,2
44,1,0,Emergency,3,GI,1,1,8.9,1.55,1.5,141.6,140,40,37.7,1,Medicaid,0,2,1,1.0,0
75,0,1,Urgent,0,Cardiac,1,1,5.2,1.73,13.0,133.2,176,86,37.2,2,Private,0,0,0,4.9,1
69,1,0,Emergency,5,Infection,4,4,4.4,0.67,8.6,135.3,125,73,37.0,2,Private,1,0,1,8.0,2
75,1,1,Urgent,1,Respiratory,5,0,4.4,1.2,11.0,141.3,155,100,37.1,0,Medicare,0,1,0,3.8,1
73,1,0,Emergency,3,GI,3,2,6.0,1.93,12.1,133.4,104,59,36.4,0,Medicare,0,2,1,3.5,1
67,0,0,Emergency,4,Neurological,4,1,4.6,0.62,4.5,137.6,135,83,37.8,0,Medicare,0,0,1,6.1,1
75,1,0,Emergency,0,Cardiac,1,2,7.1,2.68,12.1,137.6,131,109,37.1,3,Self-Pay,0,1,1,7.3,2
78,1,1,Urgent,3,GI,1,1,7.7,1.35,1.7,141.5,130,70,38.2,0,Medicare,0,0,0,2.5,0
82,0,1,Urgent,0,Cardiac,6,1,9.8,0.86,10.2,139.2,103,96,38.7,0,Medicare,0,3,0,5.1,1
25,1,1,Urgent,0,Cardiac,7,3,5.9,0.9,11.8,137.6,160,80,35.9,2,Private,1,1,0,6.6,1
26,1,1,Urgent,4,Neurological,2,2,8.5,1.27,9.5,138.3,141,58,37.6,2,Private,1,1,0,4.8,1
30,1,0,Emergency,0,Cardiac,10,0,7.0,1.1,4.5,138.8,128,58,36.9,0,Medicare,0,0,1,4.6,1
90,0,2,Elective,2,Orthopedic,7,4,7.8,1.54,9.0,138.6,115,80,37.3,2,Private,0,2,0,2.9,0
50,1,0,Emergency,1,Respiratory,2,2,9.9,0.92,14.7,142.1,136,93,37.1,2,Private,0,0,1,4.9,1
78,0,0,Emergency,2,Orthopedic,3,1,8.0,0.91,10.9,141.0,147,105,36.2,0,Medicare,0,1,1,4.9,1
62,0,1,Urgent,0,Cardiac,1,4,5.1,1.31,6.9,138.3,123,97,37.6,0,Medicare,0,1,0,3.5,1
46,0,0,Emergency,4,Neurological,1,0,4.5,0.86,8.9,142.2,128,79,36.6,2,Private,0,0,1,2.8,0
95,0,1,Urgent,0,Cardiac,2,2,4.0,1.02,12.4,147.1,133,71,38.3,1,Medicaid,0,2,0,7.3,2
68,1,0,Emergency,4,Neurological,5,1,4.0,1.76,14.5,141.6,108,82,36.9,3,Self-Pay,0,0,1,5.9,1
19,1,1,Urgent,3,GI,4,1,5.7,0.54,2.8,136.7,96,73,37.3,1,Medicaid,1,1,0,5.3,1
65,0,0,Emergency,2,Orthopedic,3,1,6.9,1.28,13.0,132.4,113,41,37.6,1,Medicaid,0,3,1,3.1,1
58,0,2,Elective,5,Infection,1,1,6.6,1.56,12.5,135.6,108,80,37.5,2,Private,1,2,0,7.0,1
31,0,0,Emergency,0,Cardiac,2,2,5.4,1.99,5.7,138.2,130,82,37.6,2,Private,0,0,1,3.6,1
68,1,1,Urgent,1,Respiratory,2,0,4.0,1.21,10.8,147.0,148,69,37.7,3,Self-Pay,0,0,0,2.1,0
65,1,2,Elective,0,Cardiac,4,2,8.8,1.11,8.1,136.6,129,51,37.0,2,Private,1,0,0,7.2,2
37,0,1,Urgent,1,Respiratory,3,2,5.2,0.68,5.9,144.3,113,83,36.8,1,Medicaid,0,0,0,5.5,1
66,1,1,Urgent,5,Infection,5,4,7.4,0.95,8.5,139.1,113,83,37.7,2,Private,0,3,0,7.4,2
46,0,1,Urgent,0,Cardiac,5,3,4.7,1.82,4.1,135.9,120,69,37.2,3,Self-Pay,0,2,0,4.5,1
18,1,1,Urgent,4,Neurological,6,2,4.0,0.73,9.3,133.8,156,111,36.6,0,Medicare,0,0,0,3.2,1
88,1,2,Elective,3,GI,4,5,5.7,0.46,7.4,137.3,106,81,37.2,0,Medicare,0,1,0,3.6,1
55,0,0,Emergency,0,Cardiac,1,2,7.5,2.03,8.1,135.0,128,69,36.1,1,Medicaid,0,2,1,5.6,1
89,1,2,Elective,5,Infection,3,2,4.0,1.03,7.9,134.8,119,99,37.0,1,Medicaid,0,2,0,5.4,1
90,0,1,Urgent,5,Infection,9,2,5.9,1.78,8.4,132.8,134,67,37.0,2,Private,0,3,0,9.8,2
94,0,2,Elective,5,Infection,2,3,6.3,0.73,6.4,135.7,119,96,37.1,0,Medicare,0,0,0,5.5,1
35,1,0,Emergency,2,Orthopedic,3,2,5.7,1.15,1.5,134.8,128,93,37.2,1,Medicaid,0,1,1,2.4,0
59,1,2,Elective,1,Respiratory,1,0,4.3,0.91,15.9,137.4,97,65,37.7,0,Medicare,0,5,0,2.8,0
64,0,0,Emergency,1,Respiratory,4,1,6.2,1.39,15.0,137.9,101,103,38.2,3,Self-Pay,0,0,1,4.1,1
77,1,1,Urgent,3,GI,2,0,5.2,1.24,11.6,134.4,123,78,36.8,2,Private,1,0,0,4.4,1
29,1,0,Emergency,1,Respiratory,5,3,4.0,1.6,7.6,136.2,119,74,36.7,2,Private,1,2,1,5.2,1
79,0,1,Urgent,3,GI,2,2,8.6,1.05,11.7,137.3,126,71,37.2,0,Medicare,0,0,0,3.2,1
76,0,1,Urgent,4,Neurological,2,3,8.3,1.87,2.9,140.4,127,63,36.4,2,Private,1,0,0,6.0,1
71,1,0,Emergency,0,Cardiac,9,3,5.4,0.84,12.2,141.6,140,88,38.6,0,Medicare,0,0,1,6.1,1
46,1,1,Urgent,2,Orthopedic,2,0,5.4,1.75,7.2,137.0,115,86,37.2,0,Medicare,0,3,0,1.0,0
75,0,0,Emergency,5,Infection,6,2,6.3,2.03,4.4,137.6,111,67,36.5,2,Private,0,0,1,6.0,1
25,1,1,Urgent,1,Respiratory,2,0,8.0,1.31,13.1,134.0,158,77,36.6,0,Medicare,0,1,0,2.6,0
57,1,1,Urgent,1,Respiratory,5,2,8.9,0.79,10.8,137.2,145,57,36.5,2,Private,0,1,0,4.8,1
69,0,0,Emergency,0,Cardiac,1,1,4.0,0.49,7.3,133.5,135,97,37.9,2,Private,0,2,1,4.5,1
59,1,1,Urgent,1,Respiratory,3,2,8.2,1.04,8.8,140.2,129,72,37.3,0,Medicare,0,2,0,5.9,1
79,0,1,Urgent,1,Respiratory,3,1,6.7,0.71,5.7,133.2,161,71,38.8,0,Medicare,0,2,0,1.5,0
83,1,0,Emergency,0,Cardiac,2,2,6.2,0.91,10.8,139.0,127,89,35.0,1,Medicaid,1,1,1,8.0,2
31,1,2,Elective,0,Cardiac,4,1,4.3,3.14,10.7,135.6,141,68,38.1,3,Self-Pay,1,0,0,6.4,1
42,1,1,Urgent,3,GI,3,2,6.2,1.05,10.3,147.5,146,96,35.2,2,Private,1,0,0,6.7,1
58,0,0,Emergency,1,Respiratory,5,1,6.3,0.61,1.5,140.4,160,86,36.4,0,Medicare,0,3,1,6.1,1
75,1,0,Emergency,0,Cardiac,5,4,5.9,0.89,9.8,140.2,157,79,37.1,2,Private,0,0,1,4.9,1
38,1,1,Urgent,4,Neurological,6,0,6.2,1.8,5.1,137.2,114,53,36.5,2,Private,1,1,0,6.4,1
88,0,0,Emergency,3,GI,1,1,8.4,1.3,12.1,142.7,126,123,36.6,2,Private,0,0,1,4.3,1
63,0,0,Emergency,0,Cardiac,3,2,7.1,1.59,8.8,138.7,122,44,37.7,0,Medicare,0,1,1,4.1,1
42,1,0,Emergency,5,Infection,3,3,8.2,2.69,16.7,135.5,110,63,38.1,0,Medicare,0,0,1,7.0,1
66,1,1,Urgent,1,Respiratory,1,2,4.0,1.13,7.0,141.0,122,88,37.8,0,Medicare,1,2,0,6.5,1
56,0,1,Urgent,1,Respiratory,1,2,5.9,2.28,4.1,137.9,101,78,37.4,2,Private,0,1,0,3.3,1
60,0,0,Emergency,5,Infection,1,2,5.6,1.58,6.0,132.0,131,112,37.3,1,Medicaid,0,3,1,5.8,1
47,0,1,Urgent,0,Cardiac,1,1,7.5,0.89,9.0,134.1,80,91,35.8,0,Medicare,0,1,0,3.2,1
67,0,2,Elective,5,Infection,2,1,6.9,2.21,5.2,143.1,140,68,36.7,0,Medicare,0,1,0,5.1,1
84,1,2,Elective,4,Neurological,2,1,7.9,1.28,1.5,136.8,106,109,36.4,1,Medicaid,1,2,0,5.1,1
75,0,2,Elective,1,Respiratory,3,3,9.4,2.12,11.2,141.0,105,89,38.1,1,Medicaid,0,0,0,3.4,1
58,0,2,Elective,0,Cardiac,3,2,6.9,1.07,16.3,132.8,144,87,38.1,2,Private,0,1,0,4.2,1
67,1,0,Emergency,0,Cardiac,1,0,6.4,0.51,13.9,142.1,124,88,36.4,2,Private,0,1,1,6.6,1
81,0,0,Emergency,0,Cardiac,4,1,6.0,0.43,7.7,130.4,120,108,35.9,1,Medicaid,0,1,1,3.9,1
67,1,0,Emergency,5,Infection,1,3,4.0,1.48,7.0,131.7,108,87,38.7,2,Private,0,4,1,7.3,2
71,1,1,Urgent,2,Orthopedic,4,3,4.2,0.92,8.8,132.0,113,73,39.0,2,Private,0,0,0,3.8,1
64,1,2,Elective,0,Cardiac,2,2,4.0,0.51,13.0,139.0,152,80,36.3,0,Medicare,0,1,0,3.2,1
69,1,0,Emergency,3,GI,2,2,5.5,1.46,7.0,139.0,133,68,36.1,3,Self-Pay,0,2,1,2.2,0
60,0,1,Urgent,0,Cardiac,1,2,5.8,1.67,8.3,134.5,142,96,36.8,2,Private,0,1,0,5.3,1
78,0,1,Urgent,1,Respiratory,5,3,9.6,1.21,16.8,130.7,98,53,37.6,1,Medicaid,0,0,0,4.5,1
46,1,0,Emergency,0,Cardiac,3,1,6.7,1.09,9.5,142.7,156,101,37.8,0,Medicare,1,1,1,7.8,2
76,1,1,Urgent,4,Neurological,4,0,6.8,1.65,14.0,139.3,119,66,36.3,1,Medicaid,0,1,0,5.7,1
62,0,0,Emergency,0,Cardiac,2,3,5.1,1.07,10.1,139.9,104,76,38.5,1,Medicaid,0,0,1,4.6,1
18,0,2,Elective,2,Orthopedic,2,2,6.2,0.99,8.8,138.9,119,69,36.6,0,Medicare,0,3,0,1.4,0
36,1,1,Urgent,0,Cardiac,1,0,4.0,0.69,8.9,132.2,144,67,37.2,0,Medicare,0,0,0,2.1,0
33,0,1,Urgent,3,GI,5,2,7.7,0.63,3.9,136.7,143,88,36.9,2,Private,0,4,0,4.8,1
63,0,0,Emergency,1,Respiratory,4,1,5.8,1.18,10.5,135.6,107,93,36.8,0,Medicare,0,1,1,2.9,0
31,0,1,Urgent,0,Cardiac,3,3,4.3,0.81,10.8,134.2,127,90,38.7,3,Self-Pay,0,1,0,4.0,1
80,1,0,Emergency,2,Orthopedic,3,3,6.2,2.49,5.2,134.0,118,51,35.4,2,Private,0,2,1,5.2,1
50,1,0,Emergency,3,GI,4,0,7.7,1.2,13.0,138.1,113,92,37.2,0,Medicare,1,2,1,6.2,1
67,1,0,Emergency,1,Respiratory,3,2,7.9,0.71,9.4,140.5,176,67,38.3,2,Private,0,1,1,3.5,1
40,0,0,Emergency,4,Neurological,3,2,9.7,1.3,8.1,137.4,120,102,35.6,1,Medicaid,0,0,1,4.1,1
70,0,1,Urgent,1,Respiratory,6,1,6.3,1.1,14.3,140.3,156,103,37.0,0,Medicare,0,2,0,5.6,1
71,0,0,Emergency,4,Neurological,4,2,4.4,1.41,3.9,142.6,129,70,37.7,1,Medicaid,0,4,1,6.9,1
83,1,2,Elective,3,GI,6,4,7.1,1.42,10.6,140.2,123,45,38.0,1,Medicaid,1,2,0,5.6,1
72,1,0,Emergency,5,Infection,4,1,8.3,0.83,11.3,141.6,157,80,37.3,2,Private,0,0,1,4.2,1
28,1,0,Emergency,2,Orthopedic,4,2,7.4,1.31,10.0,133.6,161,77,36.1,3,Self-Pay,0,0,1,4.4,1
83,0,2,Elective,0,Cardiac,2,1,6.7,2.88,7.1,135.8,123,91,37.6,2,Private,1,0,0,8.1,2
87,1,0,Emergency,4,Neurological,4,1,7.8,0.83,16.7,131.9,154,87,36.5,2,Private,1,2,1,7.7,2
76,1,0,Emergency,4,Neurological,3,4,5.9,0.96,11.5,136.5,125,92,37.4,1,Medicaid,1,1,1,6.9,1
55,0,0,Emergency,5,Infection,1,4,6.6,0.65,5.8,128.8,129,76,35.6,1,Medicaid,1,4,1,7.6,2
18,0,2,Elective,0,Cardiac,2,4,7.0,2.05,6.8,140.6,135,103,37.0,1,Medicaid,0,1,0,3.5,1
68,1,2,Elective,3,GI,2,1,4.0,1.13,2.6,140.8,146,91,37.2,2,Private,1,4,0,7.4,2
52,1,0,Emergency,2,Orthopedic,8,2,5.3,0.58,8.4,133.5,163,68,36.9,2,Private,0,0,1,4.7,1
83,0,1,Urgent,3,GI,1,0,4.2,0.67,16.2,138.6,111,95,37.5,0,Medicare,0,0,0,5.2,1
32,1,1,Urgent,5,Infection,5,1,4.0,0.78,4.0,141.3,132,92,37.5,2,Private,0,1,0,9.1,2
33,1,2,Elective,2,Orthopedic,4,5,4.0,2.05,10.1,139.3,98,66,38.6,0,Medicare,0,1,0,3.8,1
18,0,0,Emergency,3,GI,2,3,6.7,1.24,7.8,132.8,120,63,36.6,0,Medicare,0,1,1,3.7,1
18,0,2,Elective,1,Respiratory,1,1,7.5,1.06,10.1,137.5,132,74,37.9,2,Private,0,1,0,4.3,1
65,0,0,Emergency,1,Respiratory,6,6,4.5,0.83,10.3,141.2,119,83,37.2,1,Medicaid,0,0,1,6.8,1
82,0,0,Emergency,1,Respiratory,1,2,4.5,1.17,9.6,132.3,147,64,37.7,2,Private,0,3,1,4.5,1
73,0,0,Emergency,0,Cardiac,4,1,7.2,0.88,4.0,134.6,146,89,37.6,2,Private,0,3,1,4.8,1
72,0,1,Urgent,1,Respiratory,1,1,8.3,2.12,6.1,139.3,161,98,37.2,1,Medicaid,1,0,0,5.8,1
91,1,1,Urgent,0,Cardiac,2,2,7.2,1.25,7.6,139.8,109,62,37.7,0,Medicare,1,4,0,6.1,1
57,1,1,Urgent,2,Orthopedic,5,0,8.3,0.73,9.4,138.0,150,72,36.5,2,Private,0,0,0,1.6,0
77,1,1,Urgent,2,Orthopedic,2,1,6.2,0.84,13.7,138.2,91,96,37.7,0,Medicare,0,1,0,2.4,0
69,0,1,Urgent,4,Neurological,2,2,7.9,2.47,16.6,135.6,122,92,36.0,1,Medicaid,0,1,0,6.3,1
42,1,2,Elective,2,Orthopedic,3,2,5.9,1.06,8.6,136.6,115,92,37.6,0,Medicare,1,4,0,1.9,0
52,0,0,Emergency,2,Orthopedic,5,3,7.1,2.33,7.5,129.8,141,80,37.7,2,Private,1,3,1,7.7,2
61,1,0,Emergency,1,Respiratory,7,2,4.4,1.28,9.5,137.5,89,87,35.7,0,Medicare,1,1,1,7.9,2
50,0,0,Emergency,4,Neurological,6,1,9.1,1.41,10.0,142.1,137,101,36.2,2,Private,0,1,1,6.8,1
76,0,0,Emergency,0,Cardiac,4,3,9.6,0.91,15.5,141.4,91,101,36.6,1,Medicaid,1,2,1,7.8,2
75,1,1,Urgent,5,Infection,1,3,6.8,1.67,3.9,140.7,132,75,38.0,0,Medicare,0,1,0,4.0,1
23,1,1,Urgent,2,Orthopedic,4,3,9.5,0.68,11.5,134.4,133,83,38.0,1,Medicaid,1,3,0,5.0,1
28,1,1,Urgent,0,Cardiac,2,2,7.3,0.83,13.0,139.7,122,94,36.9,1,Medicaid,1,1,0,8.6,2
69,0,0,Emergency,1,Respiratory,5,0,6.3,1.36,5.8,133.9,151,89,37.4,0,Medicare,1,1,1,7.3,2
22,0,1,Urgent,0,Cardiac,5,4,5.7,1.02,13.6,139.1,111,82,36.3,2,Private,0,1,0,4.7,1
74,1,0,Emergency,0,Cardiac,2,4,9.8,1.18,5.5,133.4,136,93,37.0,1,Medicaid,0,2,1,4.9,1
52,1,2,Elective,1,Respiratory,1,0,6.2,1.48,3.8,130.0,130,78,37.9,1,Medicaid,0,1,0,2.1,0
81,0,0,Emergency,3,GI,3,1,6.5,1.14,8.2,130.7,159,89,38.0,2,Private,0,0,1,4.4,1
59,0,1,Urgent,0,Cardiac,2,1,8.2,1.21,11.7,141.7,96,84,38.4,1,Medicaid,1,2,0,8.2,2
64,1,2,Elective,3,GI,1,4,7.2,2.67,2.3,141.5,160,71,36.6,2,Private,0,2,0,4.5,1
45,1,2,Elective,4,Neurological,1,1,6.0,0.47,2.9,137.2,153,63,37.1,3,Self-Pay,0,1,0,4.2,1
75,1,0,Emergency,3,GI,4,4,8.2,0.93,12.8,132.8,136,114,36.4,0,Medicare,0,0,1,4.5,1
90,1,0,Emergency,1,Respiratory,1,0,4.0,1.07,8.5,133.6,129,64,37.3,2,Private,0,1,1,3.4,1
29,1,0,Emergency,0,Cardiac,3,2,6.3,1.78,10.3,135.3,117,83,36.9,0,Medicare,1,1,1,6.2,1
65,0,0,Emergency,0,Cardiac,3,2,6.6,1.64,11.0,143.5,122,84,37.3,3,Self-Pay,1,0,1,8.9,2
41,0,1,Urgent,4,Neurological,7,3,6.2,0.4,3.9,136.1,116,84,36.9,3,Self-Pay,0,2,0,5.1,1
53,1,2,Elective,3,GI,3,0,8.0,1.92,7.0,138.0,104,95,39.3,0,Medicare,1,1,0,4.6,1
67,1,0,Emergency,2,Orthopedic,3,4,5.0,1.22,8.9,141.4,142,76,37.5,1,Medicaid,0,2,1,3.6,1
66,1,1,Urgent,0,Cardiac,4,3,6.3,1.61,5.9,136.0,147,78,36.6,0,Medicare,0,0,0,4.9,1
81,1,2,Elective,0,Cardiac,3,1,11.0,0.91,7.6,138.3,158,83,36.9,0,Medicare,0,1,0,4.2,1
50,1,0,Emergency,4,Neurological,3,2,7.8,1.53,12.3,140.4,126,57,37.4,0,Medicare,0,1,1,6.8,1
50,1,1,Urgent,2,Orthopedic,3,0,8.3,1.4,1.8,139.5,145,67,36.5,0,Medicare,0,1,0,2.0,0
85,0,2,Elective,5,Infection,3,3,6.3,1.1,9.6,140.2,92,101,36.9,1,Medicaid,1,4,0,6.2,1
36,0,2,Elective,5,Infection,2,1,9.0,2.42,5.3,139.4,126,74,36.0,0,Medicare,1,1,0,7.3,2
31,1,1,Urgent,4,Neurological,1,1,4.0,3.28,8.0,135.3,123,53,36.8,3,Self-Pay,0,2,0,4.1,1
41,1,0,Emergency,1,Respiratory,1,4,8.5,1.14,8.1,139.9,134,59,36.5,2,Private,0,0,1,3.6,1
75,0,0,Emergency,1,Respiratory,1,1,6.1,0.56,9.4,138.6,110,69,35.6,0,Medicare,0,2,1,4.9,1
56,1,1,Urgent,1,Respiratory,1,0,5.3,1.47,8.7,135.2,119,74,37.0,2,Private,1,0,0,6.6,1
50,1,0,Emergency,5,Infection,2,3,5.2,0.83,10.1,133.5,113,75,36.6,0,Medicare,0,1,1,5.2,1
73,1,0,Emergency,1,Respiratory,6,4,6.4,1.35,11.2,136.3,146,103,35.5,2,Private,0,1,1,3.8,1
23,0,2,Elective,3,GI,5,0,8.3,1.42,3.5,140.8,126,86,37.9,2,Private,1,0,0,3.7,1
56,0,2,Elective,5,Infection,3,2,4.3,1.25,7.8,137.8,129,100,37.9,0,Medicare,0,0,0,5.2,1
89,0,2,Elective,4,Neurological,7,3,9.2,0.73,6.2,143.0,112,87,36.6,1,Medicaid,0,1,0,6.0,1
51,0,0,Emergency,3,GI,4,3,4.7,0.61,2.9,137.8,146,88,37.7,2,Private,1,2,1,5.9,1
64,1,0,Emergency,0,Cardiac,4,0,5.9,0.71,5.6,134.3,138,77,36.4,2,Private,1,1,1,7.1,2
55,0,2,Elective,0,Cardiac,2,1,5.5,1.11,12.6,137.5,129,99,36.6,2,Private,1,1,0,7.9,2
50,1,1,Urgent,2,Orthopedic,4,2,6.6,2.22,8.1,141.7,111,66,36.9,0,Medicare,0,0,0,7.1,2
64,0,2,Elective,5,Infection,5,4,5.3,1.02,10.8,142.8,131,79,38.2,0,Medicare,0,0,0,6.9,1
73,0,2,Elective,5,Infection,2,6,5.5,1.91,10.5,132.3,140,62,37.2,2,Private,0,3,0,4.6,1
56,1,2,Elective,0,Cardiac,3,6,4.3,0.49,5.8,138.3,155,90,37.8,0,Medicare,0,2,0,5.1,1
21,1,1,Urgent,1,Respiratory,4,1,6.7,1.44,10.9,139.8,144,105,35.9,0,Medicare,1,1,0,6.2,1
52,1,0,Emergency,3,GI,2,0,4.1,2.42,5.1,129.5,119,89,36.8,0,Medicare,1,1,1,7.0,1
63,1,1,Urgent,2,Orthopedic,6,1,6.0,0.78,11.5,147.1,89,44,37.8,1,Medicaid,0,0,0,1.9,0
80,1,1,Urgent,0,Cardiac,4,2,4.7,1.08,6.9,131.4,140,116,37.1,2,Private,0,1,0,4.8,1
74,1,0,Emergency,1,Respiratory,3,2,4.6,1.24,4.3,131.0,103,78,37.0,0,Medicare,1,1,1,6.7,1
66,1,2,Elective,5,Infection,3,2,5.2,1.61,9.5,133.8,126,92,36.9,2,Private,0,0,0,3.2,1
74,0,0,Emergency,5,Infection,2,3,5.0,0.7,6.5,137.8,133,83,37.9,0,Medicare,0,0,1,6.7,1
74,1,2,Elective,3,GI,2,1,7.3,0.67,11.2,129.7,123,73,37.2,0,Medicare,0,1,0,1.8,0
78,0,0,Emergency,3,GI,3,1,5.5,1.58,11.5,136.6,134,64,36.1,1,Medicaid,1,0,1,5.8,1
67,1,1,Urgent,1,Respiratory,4,1,8.9,1.47,1.5,127.0,93,90,36.6,0,Medicare,0,0,0,4.4,1
72,0,2,Elective,4,Neurological,3,1,5.3,0.75,21.1,135.4,128,96,39.0,1,Medicaid,0,0,0,3.0,0
59,1,0,Emergency,0,Cardiac,5,0,6.2,1.54,4.5,139.0,158,72,37.1,2,Private,0,2,1,2.8,0
30,1,1,Urgent,1,Respiratory,1,1,5.5,1.1,11.5,141.5,121,61,35.6,2,Private,0,3,0,2.9,0
89,0,0,Emergency,0,Cardiac,7,3,6.3,0.78,7.4,131.2,145,77,37.4,0,Medicare,0,3,1,7.9,2
26,1,2,Elective,1,Respiratory,1,1,6.5,0.8,10.2,132.2,120,108,37.8,2,Private,0,1,0,2.0,0
81,0,2,Elective,4,Neurological,6,4,6.4,1.02,6.8,136.9,118,94,38.2,0,Medicare,0,3,0,5.8,1
76,0,2,Elective,5,Infection,3,1,7.6,4.18,14.2,141.4,115,80,37.0,0,Medicare,0,2,0,8.8,2
87,0,2,Elective,3,GI,3,0,6.6,1.28,4.0,142.7,99,65,38.9,0,Medicare,0,0,0,3.1,1
59,1,1,Urgent,4,Neurological,1,0,6.9,0.8,12.6,138.2,135,87,37.6,0,Medicare,1,0,0,6.3,1
60,1,0,Emergency,1,Respiratory,4,4,8.6,0.81,2.3,133.8,124,102,38.9,0,Medicare,1,0,1,7.2,2
75,1,0,Emergency,2,Orthopedic,5,3,6.0,1.54,9.3,134.9,106,85,37.1,2,Private,0,2,1,3.4,1
59,1,1,Urgent,4,Neurological,4,0,8.8,1.12,4.1,132.2,114,86,38.1,0,Medicare,0,0,0,3.0,0
69,1,1,Urgent,2,Orthopedic,2,3,6.8,1.14,11.5,142.1,93,94,38.8,2,Private,0,1,0,1.2,0
83,1,2,Elective,0,Cardiac,4,1,4.0,0.95,10.2,138.4,135,82,37.1,0,Medicare,0,1,0,5.5,1
82,0,0,Emergency,4,Neurological,4,2,6.8,0.68,10.8,143.3,119,75,36.3,2,Private,0,1,1,6.8,1
27,0,0,Emergency,0,Cardiac,2,2,9.0,1.21,8.1,134.7,122,88,36.0,2,Private,1,1,1,5.9,1
84,0,1,Urgent,0,Cardiac,5,2,7.6,2.96,8.1,133.3,139,92,36.9,0,Medicare,0,1,0,7.8,2
93,1,0,Emergency,2,Orthopedic,2,3,6.3,1.1,8.5,142.0,148,90,36.4,1,Medicaid,1,0,1,8.4,2
80,0,1,Urgent,0,Cardiac,8,1,5.5,1.11,4.9,136.0,152,66,36.6,2,Private,1,1,0,7.9,2
62,0,1,Urgent,3,GI,2,5,9.4,1.53,18.0,136.2,138,84,36.9,0,Medicare,0,0,0,4.9,1
71,1,1,Urgent,3,GI,1,1,6.6,1.16,6.2,143.6,119,54,37.1,1,Medicaid,0,1,0,2.8,0
77,0,0,Emergency,1,Respiratory,5,4,4.4,0.78,7.6,138.7,103,84,37.0,3,Self-Pay,0,0,1,3.4,1
35,1,2,Elective,5,Infection,5,0,6.7,0.94,10.1,142.3,157,82,36.0,3,Self-Pay,0,1,0,4.9,1
67,0,0,Emergency,4,Neurological,2,2,5.0,0.91,7.4,139.7,146,88,35.9,2,Private,1,4,1,9.0,2
50,0,0,Emergency,0,Cardiac,4,0,4.0,1.69,10.0,140.9,110,74,38.8,2,Private,1,0,1,7.1,2
25,0,1,Urgent,4,Neurological,5,1,6.5,0.88,2.5,143.1,151,90,38.1,0,Medicare,0,3,0,4.4,1
72,0,0,Emergency,1,Respiratory,2,1,6.6,0.69,8.9,133.9,141,96,37.2,1,Medicaid,0,1,1,4.0,1
82,1,0,Emergency,4,Neurological,2,0,5.9,1.94,5.7,141.2,112,79,38.6,2,Private,0,1,1,4.6,1
76,0,0,Emergency,4,Neurological,2,0,5.9,1.71,10.4,144.3,107,60,37.1,2,Private,0,1,1,3.8,1
80,0,1,Urgent,0,Cardiac,4,0,6.7,1.33,14.3,135.0,158,89,36.4,3,Self-Pay,0,1,0,5.5,1
69,1,2,Elective,3,GI,2,1,5.3,0.85,15.6,135.0,115,75,38.3,3,Self-Pay,0,3,0,3.4,1
38,1,1,Urgent,5,Infection,3,4,4.5,0.4,7.4,145.8,145,87,38.0,1,Medicaid,0,1,0,4.2,1
18,1,1,Urgent,1,Respiratory,1,0,4.2,3.16,1.5,136.2,135,82,38.4,0,Medicare,0,0,0,2.8,0
86,1,0,Emergency,0,Cardiac,2,2,5.8,3.3,10.1,139.1,87,57,36.5,0,Medicare,0,0,1,5.8,1
45,1,0,Emergency,0,Cardiac,3,4,7.0,1.24,7.7,131.3,132,86,36.7,2,Private,1,2,1,8.7,2
55,0,0,Emergency,0,Cardiac,6,3,4.0,1.25,5.7,139.8,128,95,37.1,0,Medicare,1,1,1,8.7,2
72,1,2,Elective,0,Cardiac,3,3,7.4,0.82,9.9,136.5,153,74,36.6,3,Self-Pay,1,2,0,5.3,1
81,1,0,Emergency,1,Respiratory,3,1,6.0,0.41,9.7,139.8,145,51,36.7,1,Medicaid,0,0,1,3.7,1
70,0,2,Elective,1,Respiratory,3,2,5.4,1.04,11.5,137.5,129,88,37.2,0,Medicare,0,1,0,4.1,1
30,0,0,Emergency,0,Cardiac,2,3,9.1,0.46,7.2,141.8,154,78,36.6,2,Private,1,1,1,7.7,2
70,0,1,Urgent,3,GI,2,1,8.6,1.66,6.9,141.5,117,109,37.0,0,Medicare,0,1,0,1.9,0
69,0,2,Elective,5,Infection,6,1,7.5,1.36,6.8,138.5,128,64,37.0,2,Private,0,3,0,4.5,1
82,0,0,Emergency,5,Infection,6,3,4.6,0.8,6.6,135.2,133,113,36.9,3,Self-Pay,1,0,1,8.3,2
50,0,1,Urgent,1,Respiratory,3,0,8.7,1.67,11.4,130.2,99,95,39.1,0,Medicare,0,0,0,2.3,0
80,1,0,Emergency,4,Neurological,3,2,4.6,1.96,6.2,136.4,124,82,37.5,0,Medicare,0,3,1,6.8,1
59,1,0,Emergency,5,Infection,4,1,5.9,1.17,4.0,140.8,103,71,37.6,2,Private,0,0,1,5.1,1
71,1,0,Emergency,5,Infection,4,3,6.9,1.05,10.7,137.3,118,70,37.3,0,Medicare,0,4,1,7.3,2
81,1,2,Elective,5,Infection,5,4,4.0,1.13,10.6,138.7,87,81,37.0,2,Private,0,1,0,4.5,1
68,0,0,Emergency,4,Neurological,2,1,6.9,2.6,15.7,137.6,96,100,36.0,0,Medicare,1,1,1,8.7,2
30,1,0,Emergency,1,Respiratory,1,4,5.0,1.2,17.7,129.6,156,64,36.0,2,Private,0,1,1,5.2,1
30,1,2,Elective,0,Cardiac,4,3,5.7,1.51,14.3,137.7,153,80,37.2,0,Medicare,1,1,0,8.0,2
55,0,0,Emergency,2,Orthopedic,1,0,4.4,2.79,11.3,138.1,126,70,37.8,1,Medicaid,1,1,1,5.3,1
50,0,0,Emergency,0,Cardiac,3,0,8.4,0.75,8.9,136.5,132,76,36.2,0,Medicare,1,1,1,6.7,1
54,0,2,Elective,5,Infection,3,2,5.9,0.4,6.3,139.0,107,93,37.0,3,Self-Pay,1,3,0,6.3,1
62,0,0,Emergency,1,Respiratory,5,3,6.5,1.21,16.8,131.0,91,81,38.1,2,Private,0,0,1,5.6,1
25,0,0,Emergency,5,Infection,2,2,9.4,1.59,10.4,132.7,148,89,37.4,0,Medicare,1,0,1,7.5,2
83,0,2,Elective,4,Neurological,4,2,8.2,0.79,14.1,139.6,138,81,37.2,0,Medicare,0,1,0,4.8,1
50,0,0,Emergency,2,Orthopedic,3,0,6.6,1.46,8.8,137.8,113,58,36.9,2,Private,0,3,1,5.1,1
56,0,0,Emergency,0,Cardiac,2,4,5.2,2.09,10.8,143.4,109,45,37.4,0,Medicare,0,2,1,4.9,1
50,1,0,Emergency,1,Respiratory,4,2,5.2,0.53,9.7,140.6,131,71,36.8,0,Medicare,1,1,1,7.5,2
50,0,1,Urgent,3,GI,3,3,7.3,0.74,6.7,144.2,129,102,36.7,0,Medicare,0,0,0,4.0,1
67,0,0,Emergency,4,Neurological,2,3,4.8,1.38,10.9,143.4,142,101,37.9,0,Medicare,0,1,1,4.5,1
65,1,0,Emergency,5,Infection,1,3,4.0,0.75,16.9,139.0,116,74,37.6,1,Medicaid,0,1,1,4.4,1
60,1,0,Emergency,0,Cardiac,1,4,5.1,0.94,7.2,142.8,113,92,39.3,0,Medicare,1,0,1,5.4,1
41,0,0,Emergency,0,Cardiac,1,2,7.2,1.36,8.3,133.7,112,94,37.8,0,Medicare,1,0,1,5.6,1
41,1,1,Urgent,0,Cardiac,4,2,5.4,0.68,2.6,140.5,172,99,37.6,2,Private,1,0,0,6.2,1
76,0,0,Emergency,1,Respiratory,2,2,8.4,0.5,11.2,133.8,121,85,36.2,3,Self-Pay,0,1,1,7.0,1
55,0,1,Urgent,4,Neurological,1,0,5.3,0.93,11.1,144.7,132,70,36.0,1,Medicaid,0,0,0,2.1,0
61,0,1,Urgent,0,Cardiac,2,3,6.2,1.31,11.0,137.9,94,115,38.8,2,Private,1,2,0,5.2,1
76,1,0,Emergency,2,Orthopedic,1,2,5.1,1.63,8.1,137.7,117,90,37.3,1,Medicaid,1,3,1,4.0,1
75,0,0,Emergency,2,Orthopedic,7,2,6.2,0.65,7.6,134.4,120,82,36.9,0,Medicare,0,3,1,5.2,1
62,1,0,Emergency,1,Respiratory,3,3,4.5,0.78,9.7,125.1,165,83,35.5,2,Private,1,0,1,6.2,1
72,0,0,Emergency,3,GI,1,3,8.8,1.63,10.8,137.8,153,83,39.4,0,Medicare,0,0,1,2.4,0
70,1,1,Urgent,2,Orthopedic,2,2,8.3,0.68,9.0,133.2,99,96,37.3,1,Medicaid,0,4,0,4.6,1
68,0,1,Urgent,1,Respiratory,1,2,4.1,0.75,7.3,146.6,142,71,37.6,2,Private,0,2,0,1.7,0
50,0,0,Emergency,3,GI,6,2,8.4,2.22,3.4,137.9,118,97,37.4,0,Medicare,0,2,1,5.1,1
35,1,1,Urgent,1,Respiratory,2,2,9.0,0.96,12.4,142.2,122,77,37.6,1,Medicaid,0,1,0,5.4,1
91,1,2,Elective,3,GI,8,0,7.5,0.69,9.5,143.0,101,73,37.4,2,Private,0,1,0,5.2,1
68,0,0,Emergency,5,Infection,1,3,8.7,1.24,4.0,144.2,125,90,36.1,0,Medicare,0,0,1,6.4,1
82,1,1,Urgent,4,Neurological,1,2,6.7,1.52,11.2,143.8,123,110,37.9,1,Medicaid,0,1,0,5.4,1
26,1,1,Urgent,2,Orthopedic,1,2,7.7,1.43,11.3,142.0,89,98,37.9,2,Private,0,0,0,3.5,1
69,0,0,Emergency,4,Neurological,1,3,7.4,1.11,7.3,138.3,141,77,38.2,1,Medicaid,0,1,1,4.9,1
46,1,2,Elective,4,Neurological,3,3,4.8,0.81,5.4,132.2,144,120,36.8,0,Medicare,1,3,0,7.5,2
78,1,2,Elective,1,Respiratory,2,2,8.1,2.42,12.7,136.6,119,93,37.5,2,Private,0,0,0,2.9,0
56,0,0,Emergency,3,GI,5,3,7.2,1.85,7.3,137.0,139,95,37.6,1,Medicaid,0,2,1,3.5,1
50,0,2,Elective,2,Orthopedic,2,1,4.6,0.87,1.5,139.2,147,80,39.6,0,Medicare,0,2,0,1.0,0
50,1,0,Emergency,4,Neurological,3,5,4.0,1.15,8.8,145.4,109,72,39.8,2,Private,0,0,1,5.7,1
76,0,0,Emergency,1,Respiratory,2,3,7.0,0.8,9.5,138.5,96,75,37.5,2,Private,0,5,1,4.5,1
68,0,1,Urgent,5,Infection,6,4,6.2,1.26,9.4,137.0,136,91,36.4,0,Medicare,0,2,0,7.3,2
69,0,0,Emergency,3,GI,6,0,4.3,1.24,6.5,138.6,137,102,36.7,1,Medicaid,0,1,1,6.1,1
37,1,1,Urgent,1,Respiratory,4,3,8.7,1.35,9.2,132.1,160,85,37.0,2,Private,0,1,0,3.2,1
57,0,0,Emergency,2,Orthopedic,7,2,7.3,2.22,11.5,140.3,125,87,38.2,3,Self-Pay,0,1,1,4.8,1
56,1,1,Urgent,1,Respiratory,1,3,7.3,1.61,1.5,134.0,137,97,38.3,1,Medicaid,0,2,0,2.7,0
97,0,1,Urgent,0,Cardiac,4,2,6.8,0.82,10.9,138.6,118,47,38.0,0,Medicare,0,2,0,4.9,1
52,0,1,Urgent,0,Cardiac,5,2,4.3,0.71,12.0,134.4,111,46,37.8,2,Private,0,1,0,4.4,1
86,1,0,Emergency,1,Respiratory,2,2,4.6,1.32,7.8,138.5,146,79,38.1,0,Medicare,0,0,1,2.9,0
59,1,0,Emergency,2,Orthopedic,3,0,8.7,1.6,4.3,139.0,143,54,36.0,0,Medicare,0,0,1,2.0,0
50,0,0,Emergency,1,Respiratory,2,0,6.9,3.12,12.1,141.0,100,65,36.2,0,Medicare,0,2,1,5.1,1
81,0,1,Urgent,0,Cardiac,4,3,4.6,0.64,13.5,140.5,130,83,36.2,0,Medicare,0,2,0,4.5,1
64,0,0,Emergency,3,GI,1,2,6.3,1.72,5.1,141.7,117,68,37.3,2,Private,0,1,1,1.0,0
79,1,1,Urgent,0,Cardiac,5,0,7.4,0.93,8.4,138.4,142,67,37.5,1,Medicaid,1,0,0,5.9,1
75,0,0,Emergency,0,Cardiac,2,4,5.6,2.56,5.6,134.6,124,100,36.0,1,Medicaid,0,1,1,6.2,1
49,1,1,Urgent,0,Cardiac,1,0,6.9,0.98,6.8,136.1,127,87,37.3,0,Medicare,0,2,0,4.1,1
62,1,1,Urgent,2,Orthopedic,1,1,8.4,1.97,8.8,139.0,145,51,37.6,2,Private,0,0,0,1.4,0
71,0,0,Emergency,0,Cardiac,2,2,9.6,3.6,12.2,142.2,139,98,37.0,3,Self-Pay,0,2,1,6.2,1
55,0,1,Urgent,1,Respiratory,1,1,4.0,1.45,11.2,140.1,104,83,38.7,1,Medicaid,0,0,0,2.4,0
60,0,0,Emergency,2,Orthopedic,6,2,8.1,0.83,9.5,142.0,129,96,38.9,2,Private,0,3,1,3.0,0
18,0,2,Elective,0,Cardiac,4,1,7.4,0.89,16.7,140.1,130,62,36.5,1,Medicaid,0,1,0,3.4,1
64,1,1,Urgent,2,Orthopedic,2,3,7.1,0.76,4.5,137.9,110,85,37.0,1,Medicaid,0,0,0,4.8,1
75,1,1,Urgent,1,Respiratory,3,0,4.9,0.86,7.0,139.1,136,80,37.8,1,Medicaid,0,2,0,4.4,1
62,1,2,Elective,5,Infection,4,3,7.3,0.84,9.4,139.1,139,90,37.2,2,Private,1,1,0,7.5,2
90,0,2,Elective,4,Neurological,2,5,5.6,3.44,7.9,139.6,99,81,36.3,2,Private,1,2,0,6.5,1
76,1,1,Urgent,5,Infection,3,3,7.3,0.82,8.3,140.5,115,63,38.3,2,Private,0,1,0,4.6,1
82,0,0,Emergency,2,Orthopedic,2,0,7.3,1.24,12.0,137.4,133,78,37.3,2,Private,1,2,1,6.4,1
86,0,1,Urgent,3,GI,2,1,8.8,1.41,5.9,139.4,135,85,37.3,0,Medicare,1,0,0,4.1,1
37,1,0,Emergency,5,Infection,3,0,8.0,1.39,15.2,138.2,124,51,36.4,1,Medicaid,0,1,1,6.9,1
72,1,1,Urgent,1,Respiratory,3,1,4.0,2.64,5.8,143.8,146,58,36.3,2,Private,0,0,0,7.7,2
62,0,1,Urgent,3,GI,3,3,6.6,0.6,6.4,134.9,129,77,37.5,0,Medicare,1,1,0,6.4,1
18,1,1,Urgent,1,Respiratory,2,4,8.9,0.65,13.0,134.3,126,94,38.9,2,Private,0,0,0,3.9,1
71,1,1,Urgent,2,Orthopedic,1,1,4.0,0.77,13.3,135.5,141,76,36.2,2,Private,0,0,0,2.3,0
70,1,1,Urgent,0,Cardiac,4,2,6.3,2.22,7.9,134.6,167,52,36.8,2,Private,0,1,0,7.5,2
46,0,0,Emergency,4,Neurological,1,2,7.1,1.48,13.4,136.5,132,78,36.4,0,Medicare,0,1,1,5.6,1
40,1,0,Emergency,5,Infection,5,2,4.0,2.81,5.8,133.6,129,80,36.4,1,Medicaid,0,3,1,6.2,1
35,1,1,Urgent,0,Cardiac,5,2,7.1,0.49,2.3,142.4,115,71,38.6,3,Self-Pay,0,3,0,6.2,1
60,1,0,Emergency,4,Neurological,1,2,5.4,1.53,12.5,138.9,123,79,37.4,0,Medicare,0,0,1,6.6,1
71,1,2,Elective,1,Respiratory,2,1,6.8,1.43,3.7,139.4,98,78,37.7,3,Self-Pay,0,0,0,3.9,1
21,1,0,Emergency,0,Cardiac,2,4,6.9,0.56,9.0,134.5,127,78,36.7,2,Private,0,0,1,4.1,1
51,0,0,Emergency,3,GI,2,4,6.0,1.42,15.7,138.8,117,85,38.2,2,Private,0,0,1,3.3,1
67,0,1,Urgent,0,Cardiac,3,1,6.5,1.45,5.7,138.7,122,70,36.8,0,Medicare,0,2,0,7.2,2
36,0,1,Urgent,2,Orthopedic,2,1,4.6,0.87,4.5,128.2,141,56,35.7,0,Medicare,0,1,0,2.2,0
60,0,0,Emergency,0,Cardiac,4,4,6.3,1.47,5.7,132.7,133,46,36.8,0,Medicare,1,0,1,6.4,1
86,0,0,Emergency,3,GI,4,2,5.5,0.71,4.7,135.0,152,93,38.3,2,Private,1,0,1,5.7,1
77,1,0,Emergency,2,Orthopedic,1,0,7.2,1.62,5.1,140.8,154,65,36.2,0,Medicare,0,1,1,2.8,0
76,0,0,Emergency,5,Infection,3,2,6.6,1.98,3.6,136.3,124,87,37.8,1,Medicaid,0,1,1,6.8,1
29,1,0,Emergency,4,Neurological,3,2,4.6,0.8,12.4,141.3,142,95,37.4,1,Medicaid,0,2,1,6.5,1
65,1,1,Urgent,0,Cardiac,2,1,5.1,1.76,3.1,140.3,134,75,38.2,0,Medicare,0,0,0,4.5,1
50,0,2,Elective,1,Respiratory,5,0,5.1,0.6,11.3,130.6,140,102,37.7,0,Medicare,0,1,0,1.4,0
80,1,0,Emergency,5,Infection,3,0,6.4,1.23,3.2,140.8,133,101,38.1,3,Self-Pay,0,0,1,4.1,1
34,0,0,Emergency,4,Neurological,4,4,6.7,1.19,9.5,134.9,119,101,38.5,2,Private,0,2,1,5.4,1
30,1,1,Urgent,3,GI,3,3,6.3,0.99,12.1,140.1,133,108,36.7,0,Medicare,1,0,0,4.3,1
82,1,2,Elective,3,GI,3,1,6.7,0.98,8.9,131.7,118,104,37.9,0,Medicare,1,0,0,4.9,1
50,0,0,Emergency,1,Respiratory,6,3,5.5,2.44,4.8,135.0,161,98,37.2,2,Private,1,2,1,8.5,2
57,0,0,Emergency,3,GI,1,1,5.0,0.4,8.8,133.1,144,51,37.0,2,Private,1,2,1,4.7,1
57,0,0,Emergency,4,Neurological,4,1,4.0,2.34,7.1,137.8,187,79,38.7,2,Private,1,0,1,6.6,1
37,1,0,Emergency,0,Cardiac,4,4,5.8,0.65,8.3,141.0,125,92,39.1,0,Medicare,0,1,1,5.1,1
73,1,1,Urgent,5,Infection,1,2,5.4,2.5,4.5,133.7,147,80,37.2,1,Medicaid,0,0,0,7.0,1
50,0,2,Elective,1,Respiratory,1,8,10.6,1.83,10.3,140.8,166,67,37.0,0,Medicare,0,2,0,3.2,1
78,1,1,Urgent,2,Orthopedic,1,0,10.1,1.39,8.0,137.6,133,92,39.0,1,Medicaid,0,5,0,4.3,1
65,0,2,Elective,0,Cardiac,3,1,7.4,2.01,11.7,145.5,129,114,37.1,0,Medicare,0,2,0,6.0,1
90,0,0,Emergency,3,GI,2,4,4.9,0.94,12.6,138.4,121,84,36.4,1,Medicaid,1,1,1,8.0,2
87,1,2,Elective,1,Respiratory,3,0,6.3,1.49,10.2,133.9,111,74,37.9,0,Medicare,1,1,0,4.3,1
51,0,0,Emergency,1,Respiratory,1,3,7.0,1.1,7.9,141.2,146,100,36.5,2,Private,0,1,1,5.6,1
70,1,0,Emergency,5,Infection,4,3,4.0,1.34,6.3,134.6,139,82,35.9,0,Medicare,0,2,1,4.8,1
35,1,1,Urgent,2,Orthopedic,8,1,6.4,1.71,5.9,134.4,150,95,35.5,1,Medicaid,0,2,0,4.8,1
73,1,0,Emergency,2,Orthopedic,7,3,4.1,1.52,10.2,136.2,151,54,36.2,1,Medicaid,0,2,1,6.6,1
47,0,0,Emergency,2,Orthopedic,3,3,5.9,0.98,10.8,137.0,99,74,36.0,1,Medicaid,0,0,1,2.0,0
34,0,1,Urgent,0,Cardiac,4,2,5.0,1.22,8.5,138.4,132,78,36.5,0,Medicare,0,0,0,3.5,1
53,0,0,Emergency,1,Respiratory,2,4,6.3,1.1,9.0,134.1,132,59,37.8,2,Private,0,0,1,3.7,1
75,1,1,Urgent,1,Respiratory,3,0,5.7,0.87,4.1,136.0,138,67,37.4,0,Medicare,0,0,0,4.7,1
58,1,0,Emergency,2,Orthopedic,2,3,6.9,1.86,9.5,135.6,109,80,36.6,0,Medicare,1,1,1,7.2,2
50,0,2,Elective,4,Neurological,2,2,7.8,2.1,7.4,139.3,137,84,37.7,0,Medicare,0,0,0,5.0,1
50,1,0,Emergency,0,Cardiac,8,1,7.5,3.37,13.1,134.1,122,86,37.2,3,Self-Pay,0,1,1,8.4,2
64,0,1,Urgent,3,GI,3,3,9.8,0.84,10.1,131.6,116,93,36.8,1,Medicaid,1,0,0,5.8,1
59,0,0,Emergency,0,Cardiac,1,6,5.7,1.89,7.9,133.6,116,103,37.5,1,Medicaid,0,2,1,6.9,1
79,0,2,Elective,1,Respiratory,5,2,9.0,1.38,10.4,136.2,107,92,37.4,2,Private,1,2,0,5.5,1
18,0,1,Urgent,2,Orthopedic,2,2,4.7,1.03,15.6,139.3,141,57,36.8,0,Medicare,0,0,0,2.1,0
62,0,0,Emergency,0,Cardiac,2,2,4.0,1.72,12.1,141.7,80,80,35.5,1,Medicaid,0,0,1,5.0,1
77,0,0,Emergency,2,Orthopedic,3,3,7.5,1.19,7.0,133.1,140,67,36.5,2,Private,0,1,1,2.9,0
65,1,0,Emergency,1,Respiratory,9,2,9.2,1.12,10.8,132.0,128,69,38.1,0,Medicare,0,0,1,6.8,1
18,1,1,Urgent,5,Infection,2,1,5.0,1.14,19.2,137.3,122,86,35.6,2,Private,0,0,0,3.5,1
56,0,1,Urgent,3,GI,3,5,7.4,0.85,12.1,135.2,145,82,37.4,0,Medicare,1,0,0,6.0,1
51,1,0,Emergency,1,Respiratory,5,0,5.1,2.06,8.6,136.0,114,96,37.6,2,Private,0,0,1,5.7,1
76,1,1,Urgent,0,Cardiac,1,1,8.5,1.25,13.4,143.7,115,72,36.9,0,Medicare,1,0,0,5.2,1
68,0,2,Elective,0,Cardiac,3,3,8.4,1.66,2.7,132.7,107,94,36.2,1,Medicaid,0,1,0,5.9,1
76,1,0,Emergency,0,Cardiac,3,1,7.2,2.4,5.3,137.2,102,75,38.7,2,Private,0,0,1,6.6,1
36,1,0,Emergency,3,GI,3,4,4.5,0.78,2.4,139.9,127,69,38.0,0,Medicare,0,1,1,3.0,0
70,1,1,Urgent,4,Neurological,2,0,7.2,3.58,3.5,134.8,168,94,36.7,0,Medicare,1,2,0,7.2,2
32,1,1,Urgent,0,Cardiac,2,4,4.0,1.21,9.0,142.1,118,112,35.9,1,Medicaid,0,0,0,3.5,1
90,1,0,Emergency,2,Orthopedic,6,3,6.5,1.42,4.2,144.0,134,83,37.8,1,Medicaid,0,1,1,5.2,1
74,0,0,Emergency,1,Respiratory,4,1,5.1,1.66,5.5,137.3,100,68,36.9,0,Medicare,0,0,1,3.3,1
56,1,0,Emergency,3,GI,1,0,6.7,0.78,3.0,144.2,129,91,37.9,0,Medicare,0,0,1,2.9,0
40,0,1,Urgent,0,Cardiac,4,0,6.6,0.81,10.6,138.5,132,78,37.6,1,Medicaid,0,1,0,3.3,1
68,1,1,Urgent,5,Infection,6,4,6.8,1.04,4.7,133.8,143,89,36.8,1,Medicaid,0,0,0,6.2,1
50,0,0,Emergency,4,Neurological,4,1,4.0,1.23,12.1,141.4,104,84,37.4,1,Medicaid,1,5,1,7.1,2
50,0,0,Emergency,5,Infection,2,0,4.4,0.81,8.5,133.8,148,104,38.3,1,Medicaid,0,0,1,4.7,1
38,1,0,Emergency,1,Respiratory,2,1,9.7,0.63,13.9,133.0,103,97,36.8,0,Medicare,0,0,1,5.1,1
60,0,2,Elective,3,GI,4,1,8.0,1.95,7.8,141.1,176,95,35.8,0,Medicare,0,2,0,1.0,0
82,1,0,Emergency,4,Neurological,2,2,7.0,0.71,12.0,135.0,126,109,36.8,2,Private,0,1,1,4.6,1
61,0,1,Urgent,3,GI,5,4,4.0,1.75,9.7,145.0,169,93,37.0,1,Medicaid,0,1,0,3.3,1
75,1,2,Elective,0,Cardiac,4,5,7.1,0.68,11.1,131.3,159,89,36.3,1,Medicaid,1,2,0,6.6,1
68,0,2,Elective,5,Infection,4,1,7.1,0.86,12.3,142.0,114,68,37.7,0,Medicare,0,0,0,5.6,1
56,0,1,Urgent,5,Infection,3,2,5.7,1.07,9.6,137.4,102,60,37.5,0,Medicare,1,0,0,6.3,1
69,0,0,Emergency,0,Cardiac,1,2,4.4,3.25,10.3,129.4,131,92,37.9,0,Medicare,0,2,1,5.1,1
83,1,2,Elective,2,Orthopedic,2,0,5.3,1.27,11.0,142.5,111,106,37.5,2,Private,0,2,0,4.3,1
74,1,1,Urgent,1,Respiratory,4,1,8.3,1.31,3.4,134.2,158,107,36.9,3,Self-Pay,0,1,0,3.8,1
50,1,1,Urgent,5,Infection,3,2,7.9,1.09,10.3,128.3,162,73,38.2,1,Medicaid,1,1,0,6.4,1
79,1,0,Emergency,3,GI,4,0,8.3,0.78,11.9,145.2,129,64,37.5,1,Medicaid,0,2,1,3.6,1
59,1,0,Emergency,1,Respiratory,1,0,7.5,1.58,8.7,141.2,137,79,38.1,1,Medicaid,0,1,1,3.2,1
50,1,1,Urgent,0,Cardiac,5,3,4.8,1.18,4.3,136.8,129,55,36.7,0,Medicare,0,2,0,3.1,1
74,0,2,Elective,1,Respiratory,1,4,4.0,2.19,10.7,143.1,90,63,37.9,0,Medicare,1,1,0,4.5,1
47,0,2,Elective,0,Cardiac,5,0,6.4,0.69,4.1,138.3,163,82,37.4,3,Self-Pay,0,3,0,4.2,1
55,0,2,Elective,0,Cardiac,2,2,8.2,2.13,3.1,138.6,105,88,37.5,1,Medicaid,0,3,0,4.9,1
26,0,1,Urgent,3,GI,2,2,8.3,1.29,13.1,144.4,116,79,37.7,0,Medicare,1,0,0,8.9,2
67,1,0,Emergency,4,Neurological,2,2,4.6,0.82,10.8,139.3,153,62,35.9,0,Medicare,0,0,1,5.6,1
74,1,1,Urgent,2,Orthopedic,2,2,7.1,1.33,6.2,142.4,95,103,37.0,1,Medicaid,0,3,0,4.0,1
76,1,1,Urgent,3,GI,2,2,5.2,0.81,10.5,136.0,127,80,36.9,2,Private,0,3,0,5.3,1
63,1,1,Urgent,0,Cardiac,1,4,6.0,1.99,8.3,132.8,115,84,37.3,2,Private,0,3,0,5.3,1
44,1,2,Elective,1,Respiratory,3,3,4.2,1.1,11.8,136.7,136,70,37.2,0,Medicare,0,2,0,3.5,1
50,1,0,Emergency,3,GI,5,0,7.8,0.81,19.7,140.8,125,84,37.6,1,Medicaid,0,2,1,4.1,1
48,0,0,Emergency,1,Respiratory,3,1,7.4,0.91,5.9,144.2,152,105,36.9,1,Medicaid,0,1,1,2.3,0
53,0,2,Elective,1,Respiratory,4,1,4.4,0.81,7.8,138.5,150,74,37.2,0,Medicare,0,1,0,2.1,0
76,0,0,Emergency,0,Cardiac,1,1,5.9,2.32,4.9,146.6,154,93,37.5,3,Self-Pay,1,2,1,6.8,1
30,0,1,Urgent,3,GI,2,6,4.0,0.7,12.7,135.3,148,90,37.5,1,Medicaid,0,3,0,5.1,1
78,1,2,Elective,4,Neurological,5,2,4.0,1.13,8.2,134.6,146,68,36.9,1,Medicaid,0,0,0,3.9,1
66,1,0,Emergency,2,Orthopedic,1,1,4.1,1.3,8.2,138.7,102,78,37.1,0,Medicare,1,2,1,8.3,2
32,0,2,Elective,0,Cardiac,1,3,6.5,0.95,7.5,139.1,173,99,37.9,3,Self-Pay,0,3,0,2.4,0
70,1,0,Emergency,4,Neurological,3,5,5.6,0.63,7.0,136.9,113,106,37.0,0,Medicare,0,0,1,5.9,1
65,1,2,Elective,0,Cardiac,1,3,6.6,2.98,7.2,136.5,157,103,36.1,2,Private,0,1,0,8.8,2
50,0,0,Emergency,2,Orthopedic,4,2,5.5,1.0,7.6,135.2,124,91,37.2,3,Self-Pay,1,2,1,7.9,2
81,0,1,Urgent,1,Respiratory,5,1,7.9,0.64,11.8,141.0,148,76,37.4,0,Medicare,0,0,0,6.0,1
76,1,1,Urgent,5,Infection,1,1,5.9,0.82,12.3,138.7,121,73,38.0,0,Medicare,1,2,0,8.3,2
64,1,1,Urgent,4,Neurological,3,2,8.5,1.23,9.5,139.7,137,85,37.4,2,Private,1,0,0,7.6,2
45,0,1,Urgent,3,GI,3,2,5.6,1.07,14.0,128.4,121,73,37.6,2,Private,0,1,0,5.3,1
50,0,2,Elective,3,GI,3,0,7.6,0.62,11.2,142.7,80,60,36.7,1,Medicaid,0,0,0,1.9,0
60,0,1,Urgent,2,Orthopedic,5,0,6.4,1.33,6.8,134.7,124,91,36.6,2,Private,0,0,0,4.0,1
50,0,2,Elective,0,Cardiac,1,1,4.3,0.69,12.1,143.2,163,85,37.5,2,Private,0,1,0,3.6,1
42,1,0,Emergency,3,GI,5,3,9.3,1.65,12.3,133.2,116,80,38.8,0,Medicare,0,2,1,3.8,1
37,0,1,Urgent,2,Orthopedic,6,2,9.7,1.38,9.6,133.0,143,80,38.3,1,Medicaid,0,0,0,3.7,1
64,0,0,Emergency,3,GI,3,1,6.4,1.01,8.0,136.2,103,97,38.1,1,Medicaid,1,2,1,6.9,1
78,0,2,Elective,0,Cardiac,4,2,6.1,5.04,4.3,139.6,124,103,37.6,0,Medicare,1,1,0,8.5,2
66,1,0,Emergency,0,Cardiac,4,1,8.2,0.9,7.3,142.6,128,95,37.1,2,Private,1,0,1,8.7,2
95,0,0,Emergency,3,GI,4,1,6.4,1.1,2.5,137.3,122,96,38.2,1,Medicaid,0,2,1,4.2,1
67,0,0,Emergency,2,Orthopedic,4,3,7.7,2.35,7.8,135.4,117,68,38.2,0,Medicare,0,0,1,3.2,1
66,1,0,Emergency,1,Respiratory,3,0,6.9,1.66,9.2,142.9,106,103,37.0,2,Private,0,0,1,5.7,1
41,0,2,Elective,1,Respiratory,2,1,6.8,0.78,12.8,137.0,146,80,36.6,1,Medicaid,0,0,0,3.5,1
18,0,0,Emergency,3,GI,2,4,5.3,1.38,7.2,137.2,128,98,37.1,0,Medicare,0,0,1,5.0,1
28,0,2,Elective,0,Cardiac,4,1,5.4,1.83,9.9,141.7,90,55,37.4,2,Private,1,0,0,4.2,1
75,1,0,Emergency,2,Orthopedic,3,3,8.4,0.4,13.0,140.4,86,102,36.6,2,Private,0,0,1,2.9,0
30,1,2,Elective,2,Orthopedic,3,2,9.1,0.97,5.0,140.8,147,59,36.5,3,Self-Pay,0,2,0,1.7,0
80,0,1,Urgent,1,Respiratory,2,0,6.8,2.64,11.0,141.9,130,110,37.1,2,Private,1,1,0,5.4,1
60,0,0,Emergency,4,Neurological,7,3,8.8,0.85,3.2,133.7,115,70,36.7,1,Medicaid,0,4,1,4.7,1
28,0,0,Emergency,0,Cardiac,3,2,5.1,2.27,5.7,139.0,156,78,37.2,2,Private,1,1,1,6.3,1
52,1,0,Emergency,5,Infection,7,2,7.5,0.83,6.0,134.8,120,63,38.6,0,Medicare,0,3,1,8.0,2
83,1,0,Emergency,4,Neurological,2,1,6.0,1.28,6.6,135.0,131,66,38.2,2,Private,0,1,1,6.5,1
36,1,0,Emergency,2,Orthopedic,1,0,6.5,1.21,6.5,141.8,149,97,38.6,0,Medicare,0,2,1,3.8,1
62,1,0,Emergency,5,Infection,4,2,6.1,0.84,10.2,142.4,147,81,35.8,0,Medicare,0,1,1,5.9,1
55,1,0,Emergency,3,GI,1,3,6.1,0.53,8.3,147.8,143,65,38.7,1,Medicaid,1,1,1,5.6,1
66,1,1,Urgent,5,Infection,3,1,4.0,1.69,5.4,138.3,122,83,36.9,2,Private,0,0,0,4.8,1
31,1,0,Emergency,2,Orthopedic,5,1,4.2,0.89,3.7,132.7,95,89,37.6,1,Medicaid,0,0,1,2.2,0
84,1,1,Urgent,2,Orthopedic,2,2,4.0,2.9,11.4,141.3,134,83,39.1,2,Private,0,1,0,3.4,1
61,0,2,Elective,2,Orthopedic,6,1,5.6,1.02,12.4,134.9,139,83,37.3,3,Self-Pay,0,0,0,3.0,0
50,1,0,Emergency,0,Cardiac,1,2,4.6,1.09,9.0,136.1,96,74,36.0,2,Private,0,2,1,3.7,1
59,1,1,Urgent,5,Infection,3,7,4.0,1.44,1.5,141.7,120,71,35.8,2,Private,0,0,0,7.0,1
60,1,0,Emergency,3,GI,3,0,4.7,0.83,7.2,137.5,128,40,37.2,0,Medicare,1,1,1,5.0,1
86,0,0,Emergency,3,GI,2,0,6.1,1.15,6.6,140.0,131,114,36.3,1,Medicaid,1,2,1,8.0,2
74,1,1,Urgent,5,Infection,1,2,11.9,0.55,7.2,138.5,122,103,37.0,2,Private,1,1,0,8.9,2
72,0,0,Emergency,5,Infection,4,0,6.2,1.73,13.6,140.9,93,75,37.3,2,Private,0,1,1,5.8,1
71,1,0,Emergency,0,Cardiac,4,0,5.8,0.58,11.3,137.0,109,58,37.6,0,Medicare,0,1,1,5.8,1
24,0,0,Emergency,4,Neurological,3,1,4.0,1.72,11.8,133.3,149,77,37.0,2,Private,0,2,1,2.8,0
80,0,2,Elective,3,GI,7,4,4.5,1.0,12.7,142.4,108,69,38.4,1,Medicaid,1,0,0,8.3,2
66,0,1,Urgent,2,Orthopedic,1,2,8.1,0.86,7.6,135.6,117,78,37.2,1,Medicaid,0,1,0,3.8,1
55,1,2,Elective,5,Infection,5,2,9.1,0.95,7.8,140.0,88,84,37.3,2,Private,1,1,0,7.1,2
98,1,2,Elective,4,Neurological,1,2,4.8,1.43,9.3,139.7,144,69,37.0,2,Private,0,0,0,3.9,1
76,0,0,Emergency,3,GI,3,3,6.8,1.4,7.0,137.7,126,74,37.4,0,Medicare,1,1,1,3.4,1
78,0,0,Emergency,1,Respiratory,3,5,11.1,0.96,6.9,138.5,107,96,37.5,0,Medicare,0,2,1,5.1,1
70,1,0,Emergency,3,GI,6,0,9.9,0.8,11.9,138.3,122,112,37.5,0,Medicare,1,2,1,7.8,2
90,0,1,Urgent,2,Orthopedic,3,1,6.9,0.68,11.0,128.6,170,88,36.8,0,Medicare,0,2,0,4.9,1
58,1,1,Urgent,1,Respiratory,6,1,4.8,0.4,1.7,138.6,134,73,38.0,2,Private,0,1,0,3.1,1
81,1,0,Emergency,2,Orthopedic,5,3,4.7,2.03,8.3,139.5,163,96,35.4,2,Private,1,1,1,6.6,1
41,0,0,Emergency,0,Cardiac,1,3,4.0,1.33,13.1,142.4,102,76,36.8,3,Self-Pay,0,1,1,4.8,1
50,1,0,Emergency,2,Orthopedic,1,1,6.5,2.04,11.7,132.5,125,91,38.3,3,Self-Pay,0,1,1,5.2,1
25,0,2,Elective,4,Neurological,2,1,9.7,1.82,9.4,140.0,106,75,38.1,3,Self-Pay,0,1,0,3.2,1
77,1,2,Elective,0,Cardiac,1,3,5.2,1.85,14.4,133.1,122,86,37.1,2,Private,1,0,0,6.3,1
64,0,0,Emergency,4,Neurological,6,0,6.0,0.94,7.6,143.4,123,85,36.4,0,Medicare,0,5,1,5.1,1
72,1,0,Emergency,0,Cardiac,5,1,6.4,1.25,8.2,136.1,152,78,36.7,0,Medicare,1,1,1,9.1,2
29,1,0,Emergency,2,Orthopedic,6,0,6.5,0.74,1.8,140.9,145,62,36.8,0,Medicare,0,2,1,2.4,0
69,1,2,Elective,3,GI,1,0,4.9,1.5,9.0,143.7,138,80,36.3,1,Medicaid,0,0,0,3.1,1
18,0,2,Elective,4,Neurological,2,3,6.2,1.26,15.5,137.5,96,81,37.8,3,Self-Pay,1,0,0,7.1,2
45,0,0,Emergency,4,Neurological,1,3,7.1,1.45,9.0,135.4,135,88,37.2,2,Private,0,1,1,5.0,1
33,1,0,Emergency,2,Orthopedic,2,1,7.3,1.11,9.7,137.0,94,88,38.4,3,Self-Pay,1,1,1,6.2,1
87,1,0,Emergency,0,Cardiac,3,0,7.1,1.94,8.4,142.9,139,100,36.1,1,Medicaid,0,0,1,5.2,1
74,0,1,Urgent,3,GI,5,3,5.1,0.92,10.6,141.4,136,72,36.4,2,Private,0,0,0,4.0,1
54,0,1,Urgent,2,Orthopedic,3,4,6.4,0.76,6.7,141.1,137,91,37.8,2,Private,0,2,0,4.1,1
68,0,1,Urgent,1,Respiratory,5,1,7.1,2.3,15.2,144.7,138,83,38.7,0,Medicare,0,1,0,5.7,1
79,1,2,Elective,1,Respiratory,2,1,8.4,1.49,12.8,137.7,162,74,36.3,0,Medicare,0,0,0,5.0,1
50,0,0,Emergency,0,Cardiac,4,2,7.4,1.0,11.5,138.4,135,92,37.3,0,Medicare,0,0,1,7.8,2
42,0,2,Elective,1,Respiratory,2,2,4.6,0.56,13.1,140.3,132,75,36.6,0,Medicare,0,1,0,3.4,1
90,0,0,Emergency,2,Orthopedic,4,3,6.6,0.96,8.9,132.5,133,74,36.0,1,Medicaid,1,1,1,6.0,1
41,0,0,Emergency,2,Orthopedic,1,4,7.2,0.44,6.7,142.5,108,40,36.6,1,Medicaid,1,1,1,6.7,1
33,0,1,Urgent,3,GI,1,2,7.4,0.76,10.3,135.2,140,111,36.8,2,Private,0,3,0,3.4,1
79,1,2,Elective,1,Respiratory,2,2,7.6,0.94,13.2,139.1,117,72,37.2,0,Medicare,0,0,0,3.4,1
81,0,1,Urgent,5,Infection,3,2,7.5,1.56,8.0,140.9,163,96,36.0,0,Medicare,1,2,0,6.3,1
75,1,2,Elective,2,Orthopedic,3,3,4.0,1.15,8.0,135.8,116,69,37.5,0,Medicare,0,0,0,5.3,1
43,0,2,Elective,2,Orthopedic,3,3,4.7,0.79,9.4,134.4,115,71,37.6,2,Private,1,0,0,3.4,1
50,0,0,Emergency,0,Cardiac,6,4,8.6,1.99,2.1,137.9,135,79,36.9,2,Private,0,3,1,8.1,2
83,0,2,Elective,3,GI,2,1,4.8,0.71,5.4,140.5,110,93,39.1,1,Medicaid,0,2,0,2.7,0
71,1,2,Elective,3,GI,4,3,7.0,0.47,7.0,140.7,119,97,38.3,0,Medicare,0,0,0,3.5,1
76,1,1,Urgent,3,GI,3,1,5.4,1.72,13.1,138.8,140,86,39.0,2,Private,0,1,0,2.9,0
50,0,1,Urgent,5,Infection,1,3,8.3,0.95,10.4,133.9,145,91,36.8,2,Private,0,2,0,4.4,1
52,0,2,Elective,4,Neurological,2,1,8.5,1.62,5.3,133.6,137,89,37.7,0,Medicare,0,0,0,5.4,1
70,1,2,Elective,5,Infection,2,2,4.8,0.82,10.2,141.3,114,89,37.3,0,Medicare,0,1,0,4.7,1
76,1,0,Emergency,0,Cardiac,1,3,7.8,0.83,9.4,138.4,146,84,36.9,0,Medicare,0,0,1,4.8,1
82,0,2,Elective,1,Respiratory,1,2,8.1,0.67,7.2,141.6,93,74,37.3,0,Medicare,0,2,0,3.7,1
67,1,2,Elective,1,Respiratory,6,0,7.6,1.27,6.8,137.1,107,80,36.5,0,Medicare,0,2,0,1.0,0
50,0,0,Emergency,3,GI,2,1,6.1,1.58,17.3,137.8,135,97,36.9,0,Medicare,0,2,1,6.8,1
91,0,1,Urgent,2,Orthopedic,3,3,4.0,1.8,2.8,138.9,116,89,36.7,1,Medicaid,0,1,0,3.7,1
48,0,0,Emergency,4,Neurological,1,3,8.6,2.26,7.1,143.0,125,91,37.7,0,Medicare,0,1,1,5.7,1
42,0,0,Emergency,1,Respiratory,7,1,5.4,1.47,11.9,141.2,143,94,36.5,3,Self-Pay,0,3,1,1.0,0
52,1,1,Urgent,1,Respiratory,3,2,6.1,0.74,6.0,134.8,121,104,37.3,2,Private,0,3,0,2.4,0
59,0,2,Elective,1,Respiratory,2,3,7.3,2.07,7.1,138.5,121,91,36.7,0,Medicare,0,2,0,5.1,1
34,1,0,Emergency,0,Cardiac,2,1,4.7,1.24,4.9,140.9,107,73,37.6,0,Medicare,0,0,1,5.4,1
50,1,2,Elective,0,Cardiac,3,3,4.5,1.73,9.9,142.7,135,90,37.3,3,Self-Pay,0,0,0,3.7,1
73,0,1,Urgent,0,Cardiac,4,1,5.0,0.97,10.3,148.9,141,52,36.9,0,Medicare,0,0,0,6.6,1
72,0,2,Elective,0,Cardiac,2,2,4.8,1.24,5.2,134.4,157,86,37.9,2,Private,1,4,0,5.7,1
51,1,2,Elective,3,GI,4,1,4.5,1.24,14.1,140.8,100,74,36.2,2,Private,0,0,0,2.2,0
79,0,2,Elective,1,Respiratory,3,0,6.5,0.71,5.6,141.7,106,88,36.8,2,Private,0,1,0,2.0,0
42,0,2,Elective,0,Cardiac,4,0,6.9,0.52,10.6,140.3,104,92,36.5,1,Medicaid,1,2,0,5.6,1
56,0,2,Elective,1,Respiratory,5,3,5.2,0.96,4.5,138.7,103,74,35.6,2,Private,1,1,0,7.3,2
88,0,0,Emergency,5,Infection,2,1,6.6,2.24,10.9,137.1,151,77,36.6,2,Private,0,3,1,4.7,1
77,1,0,Emergency,2,Orthopedic,3,0,4.0,1.03,10.8,138.3,101,97,36.7,0,Medicare,0,2,1,5.4,1
59,1,0,Emergency,5,Infection,2,1,7.0,1.16,6.4,139.4,110,87,37.3,2,Private,0,0,1,7.6,2
77,0,1,Urgent,2,Orthopedic,3,2,6.6,1.13,10.3,139.4,126,66,37.2,2,Private,0,2,0,4.3,1
54,1,0,Emergency,5,Infection,2,3,8.5,1.81,10.2,142.5,112,104,38.0,2,Private,0,0,1,4.2,1
50,1,0,Emergency,0,Cardiac,3,2,7.2,0.68,8.2,138.6,148,85,37.6,1,Medicaid,1,0,1,7.5,2
44,0,2,Elective,1,Respiratory,4,5,7.5,1.68,11.9,140.0,133,80,37.3,1,Medicaid,0,0,0,4.5,1
51,0,1,Urgent,3,GI,8,1,5.2,1.07,5.9,143.1,120,75,38.0,0,Medicare,0,0,0,3.9,1
18,1,2,Elective,5,Infection,1,3,4.0,1.15,13.3,140.4,151,67,36.2,2,Private,0,0,0,3.8,1
68,1,0,Emergency,4,Neurological,3,2,6.5,1.41,10.9,142.6,143,72,37.8,2,Private,0,1,1,5.9,1
25,0,0,Emergency,3,GI,3,3,4.0,1.13,4.5,137.9,155,65,37.2,0,Medicare,0,2,1,3.2,1
29,0,0,Emergency,0,Cardiac,3,0,6.6,1.32,10.9,137.9,92,81,38.2,1,Medicaid,1,0,1,7.3,2
89,0,0,Emergency,1,Respiratory,2,1,7.4,0.88,8.3,129.1,127,69,37.8,3,Self-Pay,0,2,1,3.4,1
18,0,0,Emergency,0,Cardiac,6,0,6.3,1.98,7.0,139.6,121,70,35.7,2,Private,1,0,1,7.3,2
50,1,0,Emergency,1,Respiratory,1,2,4.7,1.22,11.7,133.7,126,106,36.2,2,Private,0,0,1,4.1,1
66,0,0,Emergency,1,Respiratory,3,2,9.6,1.82,12.7,135.5,133,66,36.8,2,Private,1,3,1,9.0,2
87,0,1,Urgent,1,Respiratory,5,3,6.0,1.48,1.5,143.4,133,75,36.6,1,Medicaid,0,1,0,6.1,1
56,1,0,Emergency,4,Neurological,5,2,8.3,1.76,8.8,142.7,136,86,36.1,1,Medicaid,1,3,1,8.7,2
66,1,0,Emergency,0,Cardiac,3,6,9.3,1.76,8.5,139.1,123,89,36.5,3,Self-Pay,0,1,1,4.7,1
22,0,1,Urgent,1,Respiratory,3,5,8.8,1.31,7.2,139.9,121,83,36.0,1,Medicaid,0,0,0,2.9,0
55,0,1,Urgent,1,Respiratory,3,2,7.7,1.76,9.7,141.5,130,74,37.6,2,Private,0,3,0,3.3,1
50,1,2,Elective,1,Respiratory,4,2,9.6,1.41,12.6,141.7,109,58,37.5,2,Private,0,0,0,2.3,0
50,1,1,Urgent,1,Respiratory,2,4,7.1,2.88,4.5,136.1,137,83,36.9,1,Medicaid,0,2,0,4.0,1
57,0,2,Elective,1,Respiratory,1,2,8.3,1.24,6.4,140.2,154,100,38.8,1,Medicaid,0,0,0,1.0,0
65,0,2,Elective,5,Infection,6,1,6.9,1.39,6.4,134.9,155,58,36.0,2,Private,1,0,0,8.6,2
73,0,1,Urgent,2,Orthopedic,3,0,5.0,1.64,11.0,140.2,116,79,38.0,2,Private,0,0,0,3.1,1
84,1,0,Emergency,0,Cardiac,5,1,6.8,0.93,7.0,136.4,113,54,37.4,1,Medicaid,1,2,1,7.7,2
78,0,0,Emergency,2,Orthopedic,4,2,4.0,1.73,11.7,138.2,132,92,35.9,2,Private,1,1,1,8.6,2
83,0,1,Urgent,0,Cardiac,3,2,6.7,0.97,12.2,135.3,157,92,37.6,2,Private,0,3,0,5.3,1
77,0,1,Urgent,0,Cardiac,3,2,5.8,0.96,8.3,139.4,112,72,37.5,2,Private,0,1,0,3.2,1
50,0,2,Elective,1,Respiratory,2,3,8.1,0.94,9.6,136.0,129,82,37.8,0,Medicare,0,0,0,2.6,0
42,1,1,Urgent,0,Cardiac,2,1,8.9,0.42,8.5,148.5,105,89,36.9,2,Private,0,0,0,3.3,1
77,0,2,Elective,4,Neurological,2,1,4.6,1.41,16.1,134.7,182,88,36.5,0,Medicare,0,1,0,4.0,1
62,0,2,Elective,4,Neurological,2,1,7.2,1.18,5.7,144.2,131,87,36.8,0,Medicare,0,1,0,4.3,1
68,1,2,Elective,1,Respiratory,2,4,7.2,1.21,3.7,138.4,166,84,37.7,2,Private,0,2,0,4.2,1
71,1,0,Emergency,3,GI,3,2,8.9,1.46,1.5,138.8,121,114,36.3,2,Private,1,1,1,7.8,2
36,0,0,Emergency,1,Respiratory,5,0,8.1,1.16,9.8,141.4,150,100,37.3,1,Medicaid,0,0,1,3.6,1
74,1,2,Elective,0,Cardiac,3,2,8.5,1.6,9.8,134.7,116,84,38.4,2,Private,0,2,0,3.6,1
83,0,2,Elective,1,Respiratory,2,1,7.2,0.88,5.0,143.0,140,82,37.6,1,Medicaid,1,1,0,3.3,1
66,1,0,Emergency,3,GI,5,2,4.3,0.69,6.3,138.7,122,88,37.6,2,Private,0,0,1,6.3,1
76,1,2,Elective,0,Cardiac,4,0,5.2,1.05,12.5,129.7,118,106,38.1,1,Medicaid,0,0,0,3.6,1
54,1,1,Urgent,3,GI,5,2,7.3,1.26,11.9,139.4,137,93,37.6,0,Medicare,0,0,0,4.6,1
67,1,0,Emergency,4,Neurological,7,1,4.2,1.34,8.2,138.3,127,109,37.3,0,Medicare,0,1,1,6.8,1
75,0,1,Urgent,4,Neurological,3,3,5.6,1.33,7.4,137.0,101,94,36.7,1,Medicaid,0,0,0,4.4,1
75,1,2,Elective,0,Cardiac,2,0,5.9,3.38,7.3,138.1,122,85,36.7,0,Medicare,1,0,0,6.5,1
34,0,1,Urgent,0,Cardiac,2,1,6.3,0.45,10.2,145.0,98,70,37.9,0,Medicare,0,1,0,2.9,0
36,0,2,Elective,0,Cardiac,4,1,7.2,1.34,10.3,141.4,116,100,37.2,1,Medicaid,1,2,0,7.7,2
75,1,0,Emergency,5,Infection,3,1,7.1,0.97,11.8,133.1,118,73,36.5,2,Private,0,2,1,6.0,1
50,1,1,Urgent,4,Neurological,2,4,7.6,1.57,11.4,132.1,131,110,37.5,2,Private,0,4,0,2.9,0
31,1,2,Elective,4,Neurological,3,2,4.8,1.43,6.3,136.6,123,63,38.5,2,Private,0,1,0,4.3,1
60,0,1,Urgent,2,Orthopedic,9,2,5.8,1.05,9.4,144.1,144,62,35.9,2,Private,0,0,0,5.4,1
50,1,0,Emergency,2,Orthopedic,1,3,7.3,0.71,10.7,142.6,147,85,37.2,2,Private,0,1,1,3.7,1
71,0,1,Urgent,1,Respiratory,5,1,4.4,0.93,7.1,134.9,135,86,37.0,1,Medicaid,0,0,0,4.9,1
66,1,2,Elective,4,Neurological,7,2,7.9,1.02,9.0,134.9,146,103,38.3,2,Private,1,4,0,8.6,2
30,0,0,Emergency,4,Neurological,4,2,6.7,0.69,6.7,138.9,111,99,37.2,0,Medicare,1,0,1,7.5,2
50,0,0,Emergency,1,Respiratory,1,2,4.1,1.81,6.0,137.8,159,91,37.3,0,Medicare,0,2,1,1.9,0
71,0,0,Emergency,1,Respiratory,2,2,8.0,2.14,4.6,131.9,101,87,37.4,2,Private,1,2,1,8.3,2
66,1,1,Urgent,4,Neurological,3,1,6.9,0.84,5.0,137.4,104,84,37.8,0,Medicare,1,2,0,9.1,2
63,0,1,Urgent,0,Cardiac,9,1,9.8,0.52,7.6,134.3,139,90,37.9,0,Medicare,0,2,0,4.6,1
61,1,2,Elective,4,Neurological,2,2,8.6,0.9,6.8,133.2,162,82,36.6,0,Medicare,0,0,0,3.9,1
82,0,0,Emergency,2,Orthopedic,1,1,4.0,0.59,12.1,135.1,129,65,36.2,0,Medicare,0,2,1,3.4,1
29,0,1,Urgent,2,Orthopedic,1,2,6.0,1.53,6.4,132.9,160,49,36.0,0,Medicare,0,1,0,3.2,1
79,0,2,Elective,3,GI,1,2,6.8,0.84,8.4,137.6,122,82,37.0,0,Medicare,1,0,0,5.7,1
69,1,0,Emergency,3,GI,1,1,7.0,0.57,9.7,133.7,120,77,38.3,1,Medicaid,0,0,1,3.9,1
82,0,1,Urgent,1,Respiratory,7,2,4.8,0.67,6.0,137.1,138,48,36.2,1,Medicaid,0,1,0,5.3,1
40,0,2,Elective,5,Infection,2,2,6.7,0.62,7.7,139.0,138,107,38.9,1,Medicaid,1,0,0,7.6,2
72,1,0,Emergency,5,Infection,2,4,6.0,1.62,1.5,140.9,172,70,37.5,1,Medicaid,0,1,1,6.5,1
50,0,0,Emergency,2,Orthopedic,3,2,5.0,0.81,12.7,136.9,123,79,35.7,0,Medicare,1,2,1,6.7,1
55,1,1,Urgent,3,GI,2,2,5.6,1.08,10.1,144.4,109,73,36.7,0,Medicare,0,2,0,2.5,0
67,0,0,Emergency,3,GI,5,1,5.6,1.2,18.8,140.7,130,80,37.6,1,Medicaid,0,2,1,3.9,1
32,0,0,Emergency,2,Orthopedic,2,4,9.8,0.7,8.5,142.7,136,96,37.8,2,Private,0,0,1,2.1,0
40,0,2,Elective,5,Infection,3,3,8.6,0.58,11.3,141.0,148,83,35.6,2,Private,0,4,0,4.9,1
72,0,1,Urgent,1,Respiratory,2,2,7.0,1.04,12.4,137.3,124,104,38.5,1,Medicaid,0,1,0,5.9,1
24,1,2,Elective,0,Cardiac,2,5,4.0,2.0,9.6,136.8,96,80,37.7,2,Private,0,1,0,3.3,1
71,1,0,Emergency,5,Infection,4,4,9.0,0.91,3.8,138.5,141,59,37.4,2,Private,1,3,1,8.8,2
27,1,2,Elective,0,Cardiac,2,1,4.0,2.76,16.5,141.9,117,72,39.3,2,Private,0,1,0,3.5,1
43,1,2,Elective,4,Neurological,2,3,4.2,0.98,8.3,137.6,149,58,36.7,2,Private,0,2,0,4.0,1
51,0,2,Elective,0,Cardiac,8,1,4.0,0.72,7.8,131.5,142,80,36.8,2,Private,0,0,0,4.4,1
61,0,0,Emergency,5,Infection,4,2,4.8,0.89,9.5,135.6,120,73,38.9,1,Medicaid,1,1,1,8.5,2
46,1,1,Urgent,4,Neurological,4,3,9.5,0.44,14.9,126.4,115,85,36.7,2,Private,0,2,0,5.7,1
53,1,1,Urgent,5,Infection,4,4,7.9,1.42,12.0,136.1,115,78,37.2,3,Self-Pay,0,1,0,5.5,1
68,0,2,Elective,5,Infection,2,1,7.0,1.01,12.1,136.1,133,55,35.7,2,Private,0,2,0,6.0,1
88,1,2,Elective,0,Cardiac,6,3,6.5,0.82,8.2,136.8,136,86,38.6,1,Medicaid,0,4,0,5.6,1
82,0,0,Emergency,2,Orthopedic,1,1,4.8,2.35,14.3,140.1,126,78,36.6,2,Private,1,0,1,7.5,2
75,1,2,Elective,3,GI,5,4,8.0,0.9,8.2,145.0,131,79,37.5,0,Medicare,1,3,0,6.3,1
59,1,2,Elective,4,Neurological,2,2,9.1,1.66,4.2,134.7,165,73,37.9,0,Medicare,0,0,0,5.3,1
72,1,1,Urgent,1,Respiratory,1,2,8.1,1.09,8.8,139.6,163,98,37.0,3,Self-Pay,1,1,0,6.1,1
62,0,0,Emergency,5,Infection,1,2,7.6,1.72,9.0,131.5,114,63,38.1,1,Medicaid,0,1,1,2.6,0
50,1,2,Elective,1,Respiratory,4,2,8.3,1.34,5.6,139.7,151,88,36.1,1,Medicaid,0,2,0,2.9,0
83,1,1,Urgent,5,Infection,2,2,6.6,1.47,6.9,138.6,128,68,37.5,0,Medicare,1,2,0,7.8,2
36,0,2,Elective,2,Orthopedic,2,1,4.0,0.93,6.6,148.0,113,111,37.2,1,Medicaid,0,1,0,1.0,0
67,0,2,Elective,2,Orthopedic,4,1,8.6,1.28,13.4,136.5,148,100,38.8,2,Private,1,2,0,6.2,1
59,1,0,Emergency,1,Respiratory,1,3,4.6,0.98,7.5,137.7,116,91,37.6,1,Medicaid,0,0,1,3.4,1
58,0,1,Urgent,0,Cardiac,2,0,6.6,0.67,11.2,132.9,115,99,36.6,0,Medicare,0,2,0,2.5,0
36,0,1,Urgent,1,Respiratory,4,2,9.8,0.73,11.6,143.6,97,102,38.0,2,Private,0,3,0,3.5,1
61,0,2,Elective,2,Orthopedic,2,2,6.5,0.91,12.2,134.2,126,64,37.2,2,Private,1,2,0,5.9,1
72,1,0,Emergency,2,Orthopedic,3,1,9.4,1.27,11.3,141.8,112,90,37.6,0,Medicare,1,1,1,6.3,1
57,1,0,Emergency,4,Neurological,3,2,6.8,1.5,10.1,144.1,158,76,37.3,1,Medicaid,0,1,1,4.7,1
75,1,2,Elective,1,Respiratory,4,1,5.0,1.81,1.5,132.0,126,104,36.9,2,Private,0,0,0,1.8,0
72,0,0,Emergency,2,Orthopedic,3,0,6.4,2.37,2.7,138.3,129,65,37.5,2,Private,0,2,1,3.8,1
90,1,1,Urgent,5,Infection,3,2,5.5,0.86,6.0,138.6,118,90,37.0,3,Self-Pay,0,1,0,6.1,1
77,1,0,Emergency,4,Neurological,2,2,8.5,2.17,6.9,132.1,112,70,38.6,2,Private,0,3,1,8.1,2
80,1,1,Urgent,0,Cardiac,3,1,6.2,0.69,6.7,131.8,109,107,35.7,0,Medicare,0,3,0,7.3,2
63,0,1,Urgent,4,Neurological,4,2,7.8,1.19,9.5,130.6,177,80,37.3,0,Medicare,0,0,0,3.7,1
64,1,0,Emergency,5,Infection,3,1,7.2,0.68,9.5,131.5,126,88,36.4,1,Medicaid,0,3,1,3.4,1
68,0,2,Elective,5,Infection,3,2,4.0,0.84,3.8,141.3,115,92,36.9,0,Medicare,0,1,0,4.2,1
51,0,0,Emergency,4,Neurological,2,2,5.2,0.61,12.0,130.1,130,66,36.6,1,Medicaid,0,2,1,5.2,1
66,1,0,Emergency,3,GI,4,1,6.6,1.17,10.1,139.5,136,86,37.1,2,Private,1,1,1,7.5,2
89,1,0,Emergency,1,Respiratory,4,1,5.9,0.79,8.0,143.3,106,103,36.4,1,Medicaid,0,2,1,3.9,1
63,0,1,Urgent,3,GI,5,4,6.8,0.88,9.0,141.3,114,89,37.1,3,Self-Pay,0,3,0,5.4,1
65,1,0,Emergency,3,GI,3,1,7.5,0.87,13.1,133.9,138,63,37.0,2,Private,0,0,1,3.6,1
68,0,0,Emergency,1,Respiratory,4,1,8.4,0.91,9.4,147.5,117,73,37.1,2,Private,0,0,1,4.6,1
76,1,2,Elective,1,Respiratory,2,0,7.1,1.57,11.0,139.2,103,108,37.9,2,Private,1,0,0,4.5,1
54,0,0,Emergency,1,Respiratory,1,1,6.7,1.97,4.3,136.7,117,98,36.9,0,Medicare,0,0,1,3.8,1
42,0,0,Emergency,3,GI,2,2,7.6,0.67,8.6,145.3,108,96,37.5,1,Medicaid,0,0,1,2.3,0
71,1,0,Emergency,1,Respiratory,3,1,5.4,1.16,7.4,142.0,155,70,38.7,0,Medicare,0,1,1,3.8,1
83,1,0,Emergency,3,GI,2,2,6.9,1.33,7.0,136.9,137,82,36.3,2,Private,0,2,1,3.9,1
83,1,0,Emergency,5,Infection,3,1,7.3,1.17,8.4,139.7,80,75,37.6,3,Self-Pay,0,0,1,5.9,1
84,1,0,Emergency,1,Respiratory,8,2,6.7,3.02,10.0,140.9,120,69,36.4,0,Medicare,0,0,1,4.7,1
54,1,0,Emergency,5,Infection,4,3,6.5,1.05,9.7,142.9,146,96,37.6,0,Medicare,0,1,1,6.0,1
81,1,0,Emergency,2,Orthopedic,1,5,7.7,0.65,10.2,134.3,140,72,36.3,1,Medicaid,0,1,1,5.3,1
50,0,0,Emergency,0,Cardiac,3,1,4.7,0.89,1.5,145.1,117,68,37.5,1,Medicaid,0,2,1,4.2,1
25,0,1,Urgent,0,Cardiac,5,1,5.0,1.26,10.2,135.6,147,98,38.7,0,Medicare,0,0,0,1.6,0
50,0,1,Urgent,1,Respiratory,4,2,6.1,1.4,11.0,139.0,118,109,37.5,2,Private,1,1,0,7.1,2
70,0,0,Emergency,1,Respiratory,8,2,8.4,0.96,4.9,134.1,113,83,37.0,2,Private,1,2,1,9.5,2
89,1,2,Elective,4,Neurological,1,1,4.0,1.25,11.1,130.4,115,62,37.5,0,Medicare,0,0,0,4.1,1
57,0,2,Elective,4,Neurological,2,2,8.3,2.24,12.7,134.3,154,82,35.7,2,Private,0,2,0,5.2,1
35,0,2,Elective,5,Infection,3,4,9.0,2.76,9.6,138.0,128,65,37.7,1,Medicaid,0,1,0,6.1,1
64,0,0,Emergency,3,GI,4,1,6.9,2.09,8.2,142.4,117,75,36.9,0,Medicare,0,3,1,6.5,1
71,1,1,Urgent,2,Orthopedic,2,5,4.6,1.88,9.0,138.3,110,83,38.1,0,Medicare,0,2,0,4.6,1
55,0,0,Emergency,1,Respiratory,3,0,4.0,1.61,5.5,143.3,122,94,37.3,0,Medicare,0,0,1,1.0,0
75,0,2,Elective,3,GI,3,2,10.3,1.08,7.5,140.3,118,85,36.0,2,Private,0,1,0,3.8,1
50,1,0,Emergency,3,GI,2,3,4.3,1.11,10.1,136.4,109,71,37.0,1,Medicaid,0,3,1,2.5,0
74,1,0,Emergency,1,Respiratory,3,1,5.6,1.75,14.0,143.5,121,105,35.9,3,Self-Pay,0,0,1,3.6,1
50,0,1,Urgent,5,Infection,1,1,4.0,1.74,11.8,139.1,134,92,37.7,2,Private,0,3,0,4.6,1
63,1,1,Urgent,3,GI,1,1,4.0,1.46,2.4,135.4,193,106,36.6,0,Medicare,0,1,0,2.1,0
83,0,1,Urgent,4,Neurological,2,3,7.7,1.87,5.5,138.8,120,82,37.8,2,Private,1,3,0,7.1,2
34,1,0,Emergency,3,GI,2,1,5.4,0.51,7.0,137.2,130,89,36.2,0,Medicare,0,1,1,3.9,1
43,0,0,Emergency,1,Respiratory,5,1,8.0,1.36,10.6,138.2,110,63,37.5,2,Private,0,0,1,3.8,1
85,1,2,Elective,4,Neurological,2,0,5.9,0.65,9.2,134.5,167,94,37.4,2,Private,0,2,0,4.8,1
41,1,2,Elective,1,Respiratory,6,0,8.7,1.04,19.0,141.9,130,66,38.0,0,Medicare,0,2,0,4.0,1
22,1,1,Urgent,3,GI,1,3,5.9,1.15,11.3,133.7,138,74,36.5,2,Private,0,1,0,4.4,1
72,0,1,Urgent,2,Orthopedic,3,1,8.2,0.99,10.6,137.4,137,75,37.6,2,Private,0,2,0,2.1,0
41,1,0,Emergency,0,Cardiac,4,1,4.7,0.81,11.0,139.6,183,86,36.6,0,Medicare,1,2,1,5.5,1
37,0,0,Emergency,2,Orthopedic,3,0,5.1,1.7,9.7,135.0,145,67,37.9,2,Private,0,1,1,5.0,1
60,1,0,Emergency,1,Respiratory,2,3,4.8,1.5,13.1,137.9,133,119,38.2,0,Medicare,1,0,1,6.8,1
83,1,1,Urgent,0,Cardiac,1,1,5.4,2.02,8.2,134.6,129,64,36.7,0,Medicare,0,0,0,7.7,2
72,1,1,Urgent,4,Neurological,3,3,4.0,1.01,5.1,132.9,130,52,36.7,0,Medicare,1,0,0,7.6,2
56,1,1,Urgent,2,Orthopedic,2,1,4.7,1.1,10.6,144.7,113,81,36.1,0,Medicare,0,0,0,4.1,1
74,1,0,Emergency,1,Respiratory,3,1,4.7,3.78,12.7,141.5,121,87,35.5,2,Private,0,2,1,7.9,2
86,1,0,Emergency,2,Orthopedic,2,2,10.0,1.0,9.6,138.1,151,102,37.8,0,Medicare,0,0,1,4.4,1
50,0,0,Emergency,4,Neurological,1,2,6.3,0.58,7.8,141.5,114,97,38.1,0,Medicare,1,1,1,7.3,2
91,0,2,Elective,0,Cardiac,3,2,5.8,1.72,18.0,141.2,120,96,37.1,1,Medicaid,0,3,0,4.1,1
45,1,0,Emergency,2,Orthopedic,2,1,7.8,1.8,4.7,136.6,122,94,36.5,2,Private,0,0,1,2.9,0
79,1,1,Urgent,2,Orthopedic,2,2,5.7,1.95,9.0,142.1,112,93,36.8,2,Private,0,1,0,2.8,0
80,1,1,Urgent,5,Infection,5,2,7.0,1.89,11.5,134.6,131,84,37.3,0,Medicare,0,0,0,6.4,1
86,1,0,Emergency,3,GI,4,1,7.7,0.78,8.6,141.6,127,65,37.8,2,Private,0,2,1,7.5,2
63,1,0,Emergency,0,Cardiac,3,0,7.6,1.58,9.3,131.8,106,65,36.3,1,Medicaid,0,1,1,5.6,1
85,1,1,Urgent,1,Respiratory,4,0,6.4,1.46,8.0,136.7,114,78,37.2,0,Medicare,0,1,0,4.1,1
40,0,0,Emergency,3,GI,2,1,6.7,1.59,11.1,132.6,124,80,37.2,3,Self-Pay,0,1,1,4.2,1
55,1,1,Urgent,0,Cardiac,3,3,7.1,1.1,9.7,139.7,110,99,36.5,0,Medicare,0,0,0,4.5,1
58,0,2,Elective,5,Infection,2,5,7.5,1.86,10.2,143.4,101,84,37.8,2,Private,0,2,0,4.7,1
61,0,0,Emergency,0,Cardiac,1,6,7.1,1.46,6.7,141.4,107,76,37.9,2,Private,0,0,1,3.3,1
58,0,1,Urgent,0,Cardiac,1,1,6.8,1.37,10.7,136.3,124,120,37.1,2,Private,0,0,0,4.9,1
78,1,2,Elective,0,Cardiac,4,2,4.8,0.94,3.2,133.4,116,94,37.2,0,Medicare,0,1,0,2.3,0
35,0,1,Urgent,3,GI,1,1,7.5,1.69,11.1,150.0,136,72,36.4,2,Private,0,1,0,3.1,1
43,1,2,Elective,2,Orthopedic,2,5,4.3,1.1,18.2,149.0,149,76,37.6,2,Private,1,2,0,7.7,2
62,1,0,Emergency,0,Cardiac,1,2,6.5,1.31,10.7,133.0,111,45,38.8,3,Self-Pay,1,0,1,6.3,1
75,1,1,Urgent,4,Neurological,3,4,6.8,1.12,8.9,140.6,110,110,38.0,0,Medicare,0,2,0,5.2,1
81,1,1,Urgent,0,Cardiac,3,1,4.0,1.64,11.2,133.3,140,98,37.0,1,Medicaid,0,2,0,4.5,1
52,1,2,Elective,1,Respiratory,2,1,5.2,1.25,9.2,132.6,129,96,35.9,2,Private,0,3,0,2.5,0
78,0,0,Emergency,0,Cardiac,6,1,8.8,0.77,14.9,138.2,150,74,37.4,3,Self-Pay,0,1,1,5.0,1
45,0,0,Emergency,5,Infection,5,3,5.0,1.79,13.3,138.2,124,108,37.1,1,Medicaid,1,1,1,10.1,2
47,1,0,Emergency,4,Neurological,2,1,7.5,1.69,8.3,141.8,132,86,36.9,0,Medicare,0,2,1,4.0,1
88,0,2,Elective,4,Neurological,5,0,4.4,1.43,5.7,129.4,147,54,37.6,2,Private,0,1,0,4.5,1
27,1,0,Emergency,0,Cardiac,2,5,4.0,1.3,9.8,137.8,118,80,37.2,2,Private,1,0,1,5.1,1
83,1,2,Elective,2,Orthopedic,5,1,7.8,0.81,9.8,139.2,86,73,36.6,2,Private,0,2,0,4.9,1
61,0,0,Emergency,3,GI,7,2,8.5,1.18,10.4,149.1,172,73,37.6,0,Medicare,0,0,1,4.9,1
55,1,0,Emergency,1,Respiratory,5,0,6.5,0.86,12.8,134.5,148,55,37.0,0,Medicare,0,2,1,4.4,1
26,1,0,Emergency,1,Respiratory,4,8,7.2,1.46,15.4,139.6,114,87,36.5,0,Medicare,0,2,1,6.4,1
65,0,1,Urgent,4,Neurological,3,4,8.9,1.6,7.7,144.1,117,63,36.5,2,Private,0,0,0,5.0,1
76,1,2,Elective,0,Cardiac,3,2,6.1,1.93,4.2,146.7,87,99,36.7,2,Private,1,0,0,7.4,2
60,1,0,Emergency,3,GI,2,1,6.6,1.24,5.4,144.9,141,66,37.0,2,Private,0,1,1,2.9,0
31,1,2,Elective,1,Respiratory,1,3,6.1,1.46,6.6,138.7,121,68,35.8,0,Medicare,0,1,0,3.8,1
36,1,0,Emergency,3,GI,3,3,5.2,1.0,12.7,137.4,159,64,37.3,2,Private,0,1,1,2.8,0
32,0,1,Urgent,0,Cardiac,3,5,4.0,0.69,2.7,134.8,116,97,38.5,2,Private,0,2,0,2.1,0
36,1,1,Urgent,1,Respiratory,3,2,4.9,0.88,9.5,143.8,101,82,36.0,0,Medicare,0,0,0,1.4,0
65,0,0,Emergency,3,GI,1,3,8.6,1.54,4.8,135.9,111,80,35.8,0,Medicare,1,0,1,5.9,1
81,1,0,Emergency,5,Infection,2,0,9.4,1.03,8.4,136.8,142,80,37.8,2,Private,1,1,1,7.8,2
30,1,0,Emergency,5,Infection,1,5,4.6,0.58,7.3,138.9,90,97,37.6,2,Private,1,1,1,6.3,1
50,1,0,Emergency,1,Respiratory,1,1,7.8,1.13,2.9,133.3,149,105,36.5,0,Medicare,1,0,1,6.7,1
38,1,2,Elective,0,Cardiac,2,4,6.1,1.0,11.1,139.3,114,78,35.8,3,Self-Pay,0,0,0,3.4,1
38,0,2,Elective,3,GI,4,1,9.2,1.08,5.7,135.1,133,58,38.6,0,Medicare,0,1,0,2.0,0
66,1,1,Urgent,2,Orthopedic,3,0,6.4,1.41,9.9,141.2,85,91,37.6,2,Private,0,1,0,1.9,0
60,1,1,Urgent,4,Neurological,4,3,5.3,2.95,15.5,149.4,96,89,36.9,3,Self-Pay,0,1,0,5.9,1
43,1,0,Emergency,2,Orthopedic,7,1,6.9,0.7,5.6,142.2,140,66,36.8,2,Private,0,1,1,4.0,1
45,0,0,Emergency,2,Orthopedic,4,0,4.0,2.27,11.0,131.8,117,42,36.7,2,Private,0,2,1,7.1,2
52,1,2,Elective,3,GI,3,4,6.8,1.21,6.4,139.2,145,69,37.6,0,Medicare,0,2,0,3.9,1
88,1,1,Urgent,0,Cardiac,2,2,6.0,1.92,3.5,135.6,115,111,36.1,2,Private,0,1,0,5.6,1
82,1,1,Urgent,3,GI,5,3,6.0,1.4,14.7,139.2,116,62,37.0,0,Medicare,0,0,0,4.6,1
69,1,2,Elective,2,Orthopedic,3,2,5.4,1.18,9.6,140.7,99,85,38.0,0,Medicare,1,0,0,4.2,1
75,0,0,Emergency,4,Neurological,1,2,5.1,1.41,10.3,136.0,127,103,36.7,1,Medicaid,0,1,1,4.8,1
60,1,0,Emergency,0,Cardiac,2,4,7.0,0.61,4.1,140.2,113,65,37.4,1,Medicaid,0,0,1,4.3,1
70,1,2,Elective,1,Respiratory,2,2,6.6,0.93,6.5,141.7,140,79,37.4,0,Medicare,0,0,0,2.8,0
90,0,1,Urgent,5,Infection,1,0,6.1,1.29,7.4,136.7,160,84,39.4,0,Medicare,0,1,0,6.0,1
65,1,2,Elective,3,GI,5,2,7.2,0.64,8.8,140.8,136,95,37.1,0,Medicare,0,0,0,4.1,1
40,1,0,Emergency,5,Infection,1,1,6.3,1.19,12.0,132.0,160,71,38.4,2,Private,1,1,1,9.5,2
52,0,0,Emergency,3,GI,2,2,6.1,0.78,10.7,141.4,121,60,37.5,3,Self-Pay,0,2,1,4.4,1
50,0,0,Emergency,5,Infection,1,1,5.3,1.42,7.4,148.0,160,101,37.4,2,Private,1,4,1,7.0,1
72,0,1,Urgent,1,Respiratory,2,3,8.4,1.44,6.2,142.0,171,81,36.8,3,Self-Pay,0,0,0,3.4,1
61,0,1,Urgent,0,Cardiac,2,2,10.6,2.11,7.6,142.7,121,63,37.5,0,Medicare,1,0,0,7.0,1
26,0,0,Emergency,4,Neurological,1,0,4.0,1.37,8.4,145.4,115,93,38.1,2,Private,0,0,1,3.7,1
62,0,1,Urgent,4,Neurological,4,2,6.1,0.71,7.3,137.5,107,90,38.1,1,Medicaid,0,0,0,6.4,1
30,0,1,Urgent,3,GI,3,3,6.2,0.9,8.2,141.3,103,109,37.2,0,Medicare,0,1,0,4.9,1
82,1,0,Emergency,3,GI,8,1,6.8,0.65,13.0,138.7,122,64,37.5,2,Private,0,2,1,5.7,1
91,1,0,Emergency,5,Infection,6,0,11.5,1.38,7.1,139.1,129,72,38.6,0,Medicare,0,0,1,5.6,1
78,0,0,Emergency,0,Cardiac,4,2,6.6,0.94,5.9,145.6,117,87,36.9,2,Private,1,1,1,6.4,1
63,1,0,Emergency,3,GI,2,2,5.9,1.17,10.2,141.5,153,104,37.5,1,Medicaid,0,0,1,4.3,1
76,1,1,Urgent,0,Cardiac,5,5,7.6,1.08,6.3,131.0,125,105,38.2,0,Medicare,0,0,0,7.5,2
60,0,0,Emergency,0,Cardiac,4,4,8.0,0.65,8.2,135.0,153,97,37.8,1,Medicaid,1,1,1,7.4,2
55,0,0,Emergency,2,Orthopedic,3,3,5.4,1.33,4.5,135.6,136,71,37.5,0,Medicare,0,1,1,6.5,1
18,0,0,Emergency,4,Neurological,4,3,6.3,1.71,9.3,140.2,155,72,36.9,2,Private,0,1,1,5.9,1
59,0,0,Emergency,4,Neurological,3,1,6.4,0.84,8.1,139.3,101,87,37.5,2,Private,0,0,1,5.1,1
59,0,2,Elective,5,Infection,1,2,9.4,1.01,5.8,138.2,151,50,37.3,0,Medicare,0,1,0,3.0,0
79,1,0,Emergency,0,Cardiac,4,3,6.7,1.6,7.0,141.5,133,106,38.1,1,Medicaid,1,1,1,8.2,2
62,1,1,Urgent,1,Respiratory,3,2,7.3,0.84,7.9,146.5,123,92,37.5,0,Medicare,1,4,0,5.0,1
80,1,0,Emergency,0,Cardiac,4,3,5.4,1.11,15.5,133.5,130,109,37.3,2,Private,0,3,1,7.1,2
75,0,2,Elective,0,Cardiac,3,1,7.3,1.41,7.3,146.0,169,67,37.7,0,Medicare,0,1,0,1.3,0
71,1,2,Elective,1,Respiratory,3,0,6.2,1.79,15.5,134.2,143,69,37.7,1,Medicaid,0,0,0,2.8,0
73,1,0,Emergency,1,Respiratory,1,3,6.0,1.25,10.1,127.0,147,106,37.7,1,Medicaid,1,4,1,5.9,1
41,1,2,Elective,2,Orthopedic,1,0,5.5,0.83,4.9,141.3,151,78,37.3,1,Medicaid,0,2,0,3.4,1
79,0,0,Emergency,0,Cardiac,4,2,6.9,1.32,9.7,139.6,126,93,36.3,1,Medicaid,0,1,1,7.0,1
78,1,0,Emergency,2,Orthopedic,3,1,6.2,0.95,10.0,135.6,142,50,36.2,0,Medicare,1,1,1,8.4,2
29,1,0,Emergency,5,Infection,1,2,4.8,1.11,12.9,143.8,122,75,36.7,0,Medicare,0,0,1,7.2,2
85,1,0,Emergency,4,Neurological,3,0,4.9,0.71,7.9,127.3,124,80,39.0,2,Private,0,1,1,5.6,1
26,1,0,Emergency,4,Neurological,3,4,6.9,0.78,12.8,141.6,122,90,36.2,0,Medicare,0,4,1,6.6,1
36,0,0,Emergency,4,Neurological,5,1,6.7,1.5,12.3,133.0,124,87,38.1,2,Private,0,1,1,4.1,1
77,1,0,Emergency,1,Respiratory,2,1,7.6,1.29,5.0,142.7,94,86,37.3,2,Private,0,1,1,4.5,1
50,0,1,Urgent,3,GI,4,1,6.7,0.98,5.1,133.4,123,87,38.3,2,Private,0,0,0,1.7,0
26,1,0,Emergency,4,Neurological,1,0,4.5,0.79,3.0,135.1,133,86,37.9,3,Self-Pay,0,1,1,3.9,1
50,0,0,Emergency,0,Cardiac,3,1,7.5,2.02,12.2,133.9,118,73,37.9,0,Medicare,0,1,1,7.3,2
45,0,1,Urgent,5,Infection,4,0,5.0,1.46,4.5,138.8,116,75,37.6,0,Medicare,0,1,0,3.4,1
27,1,0,Emergency,2,Orthopedic,3,1,8.4,3.04,13.1,137.3,124,100,35.4,2,Private,0,5,1,5.2,1
82,1,0,Emergency,0,Cardiac,2,0,8.2,0.81,13.8,134.1,151,81,38.2,0,Medicare,0,3,1,5.2,1
70,0,0,Emergency,3,GI,1,0,5.4,0.63,16.6,132.1,161,71,37.0,1,Medicaid,1,2,1,7.1,2
82,1,1,Urgent,3,GI,6,1,5.0,1.37,11.2,138.5,149,98,38.7,1,Medicaid,0,1,0,6.8,1
51,1,0,Emergency,3,GI,2,1,4.3,1.09,11.7,131.1,182,76,37.8,2,Private,0,1,1,4.6,1
60,0,2,Elective,0,Cardiac,4,2,4.2,1.06,8.9,141.7,170,94,35.6,2,Private,1,2,0,6.6,1
50,0,0,Emergency,2,Orthopedic,3,2,9.4,0.71,3.8,138.8,128,71,36.7,1,Medicaid,0,1,1,4.0,1
75,1,0,Emergency,2,Orthopedic,4,1,5.1,1.18,4.9,137.0,121,58,35.8,1,Medicaid,0,0,1,4.7,1
28,0,0,Emergency,5,Infection,2,4,5.8,0.89,7.1,145.7,87,77,36.2,1,Medicaid,0,0,1,6.2,1
64,1,2,Elective,4,Neurological,3,1,11.0,0.75,11.0,134.1,99,69,37.6,1,Medicaid,0,2,0,4.7,1
22,0,1,Urgent,4,Neurological,2,4,8.6,0.89,7.4,139.0,101,78,38.3,1,Medicaid,0,1,0,5.4,1
56,0,0,Emergency,0,Cardiac,8,1,8.3,0.59,7.1,140.9,126,77,37.8,1,Medicaid,0,0,1,6.6,1
73,1,0,Emergency,1,Respiratory,4,2,7.7,1.78,15.1,139.2,115,87,36.4,2,Private,1,0,1,7.8,2
79,0,1,Urgent,1,Respiratory,3,0,8.4,1.11,6.5,131.3,127,79,38.2,1,Medicaid,1,1,0,6.8,1
50,0,0,Emergency,2,Orthopedic,3,2,4.0,1.1,4.9,134.9,146,82,37.9,2,Private,0,1,1,3.3,1
83,0,1,Urgent,0,Cardiac,5,2,6.3,2.07,12.4,130.8,144,57,39.0,1,Medicaid,0,0,0,4.8,1
71,0,1,Urgent,3,GI,1,1,5.3,0.9,12.5,138.9,116,108,37.5,3,Self-Pay,1,1,0,4.1,1
81,0,0,Emergency,1,Respiratory,2,0,4.0,0.71,12.6,138.9,143,106,36.3,2,Private,1,3,1,8.7,2
60,1,0,Emergency,3,GI,4,1,4.0,1.49,6.9,136.8,136,93,37.5,1,Medicaid,0,2,1,6.9,1
64,1,2,Elective,0,Cardiac,3,3,6.2,0.7,7.0,136.5,132,89,37.2,3,Self-Pay,1,1,0,4.8,1
56,0,1,Urgent,1,Respiratory,2,3,4.0,0.45,14.3,137.1,148,84,39.5,1,Medicaid,1,0,0,9.1,2
60,0,2,Elective,4,Neurological,1,0,6.1,1.52,7.8,135.5,132,56,37.2,0,Medicare,0,1,0,3.7,1
24,0,0,Emergency,2,Orthopedic,2,2,5.7,1.28,9.7,133.6,142,113,36.6,0,Medicare,0,1,1,2.3,0
86,0,1,Urgent,4,Neurological,2,0,9.4,0.97,14.3,141.8,113,67,37.6,0,Medicare,0,0,0,5.1,1
54,1,0,Emergency,3,GI,3,3,7.7,0.66,6.6,135.1,111,74,36.2,0,Medicare,0,2,1,5.1,1
50,0,0,Emergency,4,Neurological,4,0,8.1,1.47,6.7,140.3,145,93,37.6,2,Private,0,0,1,5.2,1
58,0,1,Urgent,0,Cardiac,4,2,4.5,0.94,8.0,133.6,122,113,36.8,2,Private,0,2,0,5.0,1
32,1,2,Elective,1,Respiratory,3,2,8.8,1.63,10.2,134.6,128,93,37.5,1,Medicaid,0,2,0,5.0,1
59,0,0,Emergency,2,Orthopedic,2,3,7.6,1.49,5.0,141.9,134,85,35.9,1,Medicaid,0,2,1,5.4,1
52,1,2,Elective,5,Infection,5,3,6.3,0.8,4.8,137.5,121,77,37.5,0,Medicare,0,1,0,4.6,1
18,1,1,Urgent,3,GI,4,0,4.0,0.65,7.4,134.8,138,94,37.7,2,Private,0,0,0,3.3,1
50,0,0,Emergency,2,Orthopedic,2,2,7.2,1.4,11.4,138.6,131,78,37.6,0,Medicare,0,1,1,5.1,1
75,1,2,Elective,0,Cardiac,1,2,6.0,1.36,10.5,143.0,118,69,36.8,0,Medicare,0,0,0,3.1,1
61,1,1,Urgent,2,Orthopedic,2,4,5.3,1.34,7.8,142.6,109,58,36.9,2,Private,1,0,0,6.0,1
80,1,1,Urgent,2,Orthopedic,3,2,6.9,1.15,10.9,139.6,145,91,36.8,0,Medicare,0,1,0,3.9,1
50,1,1,Urgent,4,Neurological,3,1,5.8,1.79,4.9,141.8,112,97,37.6,0,Medicare,0,0,0,3.0,0
29,1,1,Urgent,2,Orthopedic,3,3,6.3,4.86,9.2,139.7,141,72,38.4,0,Medicare,0,0,0,2.4,0
76,1,2,Elective,1,Respiratory,7,4,4.3,2.48,8.9,134.5,115,96,37.1,0,Medicare,0,2,0,4.0,1
77,1,0,Emergency,0,Cardiac,2,1,4.0,1.31,13.6,133.6,106,98,38.3,2,Private,0,1,1,6.9,1
75,1,0,Emergency,0,Cardiac,1,3,9.1,1.64,10.3,145.9,106,48,36.7,1,Medicaid,0,1,1,3.2,1
77,0,2,Elective,2,Orthopedic,3,2,4.3,1.05,2.0,131.4,124,56,38.2,0,Medicare,0,3,0,2.5,0
81,1,2,Elective,1,Respiratory,1,3,4.4,0.44,4.6,139.8,133,82,37.8,2,Private,0,2,0,2.5,0
23,0,0,Emergency,3,GI,3,2,5.4,2.32,10.3,133.8,141,77,36.3,1,Medicaid,0,2,1,6.4,1
77,0,0,Emergency,3,GI,1,3,8.0,0.85,2.2,137.4,112,83,37.7,0,Medicare,1,3,1,6.1,1
59,1,1,Urgent,0,Cardiac,2,4,5.3,0.64,8.8,131.0,131,76,37.1,1,Medicaid,1,1,0,5.9,1
75,1,0,Emergency,2,Orthopedic,2,2,6.2,1.88,7.1,146.4,146,82,38.0,1,Medicaid,1,1,1,5.4,1
59,0,0,Emergency,5,Infection,4,1,4.9,3.41,8.8,141.2,137,79,37.8,2,Private,0,0,1,6.8,1
61,1,0,Emergency,2,Orthopedic,2,3,8.6,1.45,6.7,142.3,159,84,37.1,1,Medicaid,1,1,1,3.5,1
50,1,1,Urgent,2,Orthopedic,2,1,4.0,1.05,12.1,141.4,144,80,36.7,3,Self-Pay,0,2,0,2.7,0
56,0,0,Emergency,2,Orthopedic,4,5,6.9,1.87,7.6,136.2,114,78,37.1,0,Medicare,1,3,1,7.2,2
50,0,1,Urgent,1,Respiratory,4,1,10.0,1.36,10.6,140.7,126,110,37.4,1,Medicaid,1,2,0,5.2,1
60,0,1,Urgent,0,Cardiac,4,2,6.0,0.65,10.5,133.4,139,60,37.7,0,Medicare,0,0,0,5.4,1
41,0,1,Urgent,0,Cardiac,4,2,4.8,0.73,4.7,134.9,163,116,37.6,2,Private,0,1,0,4.9,1
78,1,0,Emergency,0,Cardiac,4,1,4.0,0.93,10.0,131.2,120,69,36.9,2,Private,1,1,1,5.3,1
77,0,0,Emergency,4,Neurological,1,3,7.1,1.38,7.0,137.4,101,76,36.2,1,Medicaid,0,0,1,1.7,0
32,0,0,Emergency,1,Respiratory,3,1,8.2,1.67,10.4,132.9,141,76,37.5,0,Medicare,0,2,1,5.5,1
69,1,1,Urgent,5,Infection,3,2,8.5,0.98,5.2,143.1,144,104,37.7,0,Medicare,0,2,0,4.2,1
74,1,1,Urgent,4,Neurological,1,5,9.2,1.86,7.9,141.6,123,89,37.3,0,Medicare,0,1,0,5.3,1
61,0,0,Emergency,3,GI,3,4,7.9,2.22,10.4,140.4,135,93,35.4,1,Medicaid,0,0,1,5.9,1
54,0,1,Urgent,4,Neurological,4,0,4.0,1.08,10.1,146.2,108,104,37.0,3,Self-Pay,0,2,0,2.1,0
50,0,1,Urgent,0,Cardiac,3,1,8.7,0.62,5.8,137.7,125,68,35.9,2,Private,0,2,0,4.3,1
50,1,0,Emergency,3,GI,4,3,5.0,1.61,10.0,142.7,147,85,37.5,2,Private,1,0,1,5.2,1
61,1,0,Emergency,5,Infection,4,1,5.8,2.62,10.4,136.1,124,112,36.0,2,Private,0,0,1,7.9,2
39,1,2,Elective,0,Cardiac,4,2,7.8,0.95,4.1,130.8,92,67,37.3,0,Medicare,0,0,0,4.1,1
60,0,2,Elective,1,Respiratory,1,1,7.1,2.47,3.1,138.5,101,98,37.3,2,Private,0,1,0,2.9,0
78,1,2,Elective,0,Cardiac,5,2,5.0,0.89,11.1,143.0,129,75,38.0,0,Medicare,1,0,0,8.9,2
75,0,0,Emergency,3,GI,2,1,7.2,1.09,4.9,130.5,121,81,37.2,0,Medicare,1,3,1,7.2,2
30,0,2,Elective,0,Cardiac,7,4,4.0,2.03,9.3,141.4,116,91,37.4,2,Private,0,0,0,4.2,1
19,0,0,Emergency,2,Orthopedic,1,1,8.1,1.03,8.4,139.0,137,70,37.4,0,Medicare,0,0,1,1.0,0
41,1,0,Emergency,3,GI,2,1,5.6,0.63,7.2,137.2,150,91,37.2,0,Medicare,0,0,1,3.3,1
34,1,1,Urgent,0,Cardiac,2,3,10.1,1.59,14.5,135.7,92,90,38.0,2,Private,0,6,0,5.8,1
50,1,0,Emergency,4,Neurological,1,3,5.9,0.66,5.4,136.6,116,91,38.1,1,Medicaid,0,0,1,2.0,0
18,1,1,Urgent,0,Cardiac,3,2,8.7,1.77,6.1,137.1,104,81,36.8,2,Private,0,0,0,5.0,1
36,0,0,Emergency,0,Cardiac,5,1,8.1,1.65,11.3,136.0,121,68,36.6,1,Medicaid,0,2,1,7.4,2
29,0,2,Elective,1,Respiratory,1,5,7.9,2.26,10.1,134.1,140,85,37.6,3,Self-Pay,0,0,0,2.4,0
38,1,1,Urgent,4,Neurological,4,1,7.9,0.78,9.5,143.9,127,86,37.2,3,Self-Pay,1,1,0,4.9,1
62,1,2,Elective,4,Neurological,4,1,7.4,0.79,10.0,140.8,110,103,37.1,0,Medicare,1,2,0,4.8,1
29,1,0,Emergency,1,Respiratory,3,1,7.7,1.16,7.0,134.4,140,103,36.0,2,Private,1,1,1,2.8,0
50,0,1,Urgent,0,Cardiac,3,0,7.8,0.96,5.3,138.0,120,73,38.1,1,Medicaid,0,0,0,3.7,1
75,1,0,Emergency,4,Neurological,1,3,6.0,0.56,14.5,138.4,126,100,36.1,0,Medicare,0,0,1,5.9,1
73,0,1,Urgent,3,GI,2,2,5.3,1.02,5.0,144.2,134,86,37.0,0,Medicare,0,0,0,3.8,1
45,1,1,Urgent,0,Cardiac,4,1,5.6,1.19,2.0,135.0,145,100,36.6,1,Medicaid,0,2,0,4.8,1
50,0,0,Emergency,3,GI,1,1,5.9,1.46,6.4,141.3,122,94,36.2,0,Medicare,0,1,1,3.7,1
78,1,0,Emergency,5,Infection,5,2,6.9,1.27,11.8,134.5,165,100,39.3,0,Medicare,1,1,1,7.6,2
64,0,1,Urgent,0,Cardiac,5,1,7.9,1.06,1.9,135.3,123,76,36.9,0,Medicare,1,1,0,6.3,1
77,1,1,Urgent,0,Cardiac,2,3,6.6,2.36,6.0,137.8,82,81,37.2,3,Self-Pay,1,1,0,6.1,1
77,1,0,Emergency,1,Respiratory,1,2,8.2,0.99,12.2,132.3,112,84,38.5,2,Private,0,2,1,4.4,1
78,0,1,Urgent,3,GI,5,4,6.5,0.88,4.6,133.1,126,81,37.5,0,Medicare,0,0,0,4.6,1
69,0,1,Urgent,0,Cardiac,1,5,10.4,1.06,9.6,138.6,143,100,37.1,3,Self-Pay,0,2,0,5.6,1
34,1,1,Urgent,4,Neurological,1,1,6.6,1.5,9.0,138.0,158,86,37.0,0,Medicare,0,0,0,3.3,1
50,0,0,Emergency,4,Neurological,1,2,6.4,0.94,9.2,138.8,135,99,37.0,0,Medicare,0,2,1,4.7,1
59,0,1,Urgent,3,GI,7,3,5.3,1.48,11.2,141.9,132,92,38.2,2,Private,0,2,0,3.6,1
57,1,1,Urgent,0,Cardiac,2,1,8.5,1.48,4.6,136.4,130,76,37.8,0,Medicare,0,0,0,4.1,1
78,1,1,Urgent,5,Infection,2,1,8.4,0.87,12.2,135.7,145,99,36.7,0,Medicare,0,0,0,6.1,1
67,0,2,Elective,2,Orthopedic,5,5,9.4,0.94,4.8,140.7,144,64,36.7,0,Medicare,1,1,0,4.9,1
50,1,0,Emergency,2,Orthopedic,2,1,8.9,2.71,7.3,136.0,99,86,38.2,3,Self-Pay,0,4,1,5.5,1
77,1,0,Emergency,5,Infection,6,4,6.6,1.23,7.8,141.1,93,88,36.9,1,Medicaid,0,2,1,7.7,2
67,1,0,Emergency,5,Infection,4,2,4.4,0.4,10.5,129.6,132,91,38.4,1,Medicaid,0,0,1,5.9,1
61,1,0,Emergency,2,Orthopedic,4,0,6.8,0.83,3.5,139.1,121,88,35.8,2,Private,1,1,1,5.0,1
55,1,0,Emergency,2,Orthopedic,3,3,8.4,1.52,14.7,138.9,117,91,38.3,2,Private,1,2,1,7.2,2
72,0,2,Elective,0,Cardiac,4,2,6.4,1.14,8.0,144.3,138,95,37.3,1,Medicaid,0,1,0,2.3,0
50,1,2,Elective,5,Infection,5,2,5.7,1.16,11.8,140.8,138,77,37.4,0,Medicare,0,1,0,4.7,1
78,0,0,Emergency,4,Neurological,1,0,6.0,1.6,4.7,142.2,120,91,37.8,0,Medicare,0,1,1,4.7,1
73,0,0,Emergency,1,Respiratory,3,5,8.8,0.81,7.1,137.9,108,83,36.8,0,Medicare,1,7,1,7.2,2
38,1,0,Emergency,4,Neurological,2,0,5.9,1.24,1.5,139.3,86,63,37.8,1,Medicaid,1,2,1,6.9,1
51,0,2,Elective,4,Neurological,1,3,7.7,1.07,11.9,133.9,98,79,38.1,3,Self-Pay,0,1,0,4.0,1
49,1,2,Elective,1,Respiratory,1,2,8.1,1.29,5.4,135.9,132,109,36.5,1,Medicaid,1,1,0,5.1,1
58,1,0,Emergency,3,GI,2,4,7.6,0.99,4.9,140.0,144,59,37.5,3,Self-Pay,0,1,1,3.9,1
78,0,1,Urgent,1,Respiratory,2,2,5.3,1.0,10.9,146.2,149,88,37.4,3,Self-Pay,1,1,0,6.4,1
63,0,0,Emergency,4,Neurological,4,1,6.0,1.43,1.5,141.8,110,94,36.3,0,Medicare,1,1,1,7.7,2
32,1,0,Emergency,0,Cardiac,3,4,4.0,0.77,8.2,140.8,148,74,36.7,2,Private,0,0,1,6.5,1
69,1,0,Emergency,3,GI,2,3,5.8,0.89,15.2,142.3,115,77,37.1,0,Medicare,0,1,1,3.8,1
50,1,1,Urgent,1,Respiratory,2,1,4.0,2.38,5.5,140.0,124,56,37.1,3,Self-Pay,0,1,0,3.4,1
91,1,0,Emergency,0,Cardiac,5,2,8.4,1.47,5.9,138.7,153,102,36.5,3,Self-Pay,0,3,1,5.4,1
62,0,0,Emergency,0,Cardiac,3,5,4.2,1.72,12.3,137.5,129,87,37.8,0,Medicare,0,1,1,5.3,1
74,0,0,Emergency,3,GI,1,1,4.6,1.19,4.8,135.0,124,104,38.5,0,Medicare,0,1,1,4.6,1
43,1,0,Emergency,1,Respiratory,3,1,6.0,1.24,14.0,133.3,126,83,37.7,0,Medicare,0,1,1,4.5,1
57,0,1,Urgent,3,GI,2,4,5.5,0.8,12.8,137.5,122,61,37.7,1,Medicaid,0,2,0,2.4,0
63,1,0,Emergency,2,Orthopedic,3,2,10.0,1.31,10.8,137.4,141,91,38.7,0,Medicare,0,1,1,4.1,1
78,0,2,Elective,3,GI,3,2,8.6,1.31,5.6,134.9,105,99,37.3,0,Medicare,0,0,0,4.9,1
65,1,0,Emergency,2,Orthopedic,2,1,6.1,1.7,8.7,139.8,136,79,37.2,3,Self-Pay,1,1,1,5.5,1
66,1,0,Emergency,1,Respiratory,2,0,9.3,1.03,8.0,142.8,97,108,39.1,2,Private,0,1,1,4.5,1
54,1,0,Emergency,0,Cardiac,2,2,7.3,1.15,9.3,136.1,174,81,38.3,0,Medicare,0,2,1,5.3,1
63,1,0,Emergency,1,Respiratory,4,1,6.4,3.86,10.1,138.7,150,87,37.6,3,Self-Pay,0,1,1,6.0,1
19,1,0,Emergency,3,GI,2,2,4.9,1.18,7.1,135.5,137,102,37.0,0,Medicare,1,2,1,4.8,1
50,1,0,Emergency,4,Neurological,3,2,5.4,0.8,7.1,141.0,132,74,37.8,0,Medicare,0,3,1,6.3,1
25,1,2,Elective,0,Cardiac,1,2,10.4,1.48,11.5,139.9,110,83,36.3,0,Medicare,0,0,0,4.5,1
63,1,1,Urgent,3,GI,3,2,7.3,1.25,17.1,135.5,148,57,37.1,0,Medicare,0,1,0,3.7,1
86,1,2,Elective,0,Cardiac,5,4,6.1,0.78,4.7,139.8,140,85,37.0,2,Private,1,0,0,6.6,1
71,1,0,Emergency,1,Respiratory,2,0,6.6,1.4,11.6,129.1,80,80,37.1,1,Medicaid,0,2,1,4.3,1
64,0,1,Urgent,2,Orthopedic,1,5,6.7,1.83,10.9,140.4,137,81,37.9,0,Medicare,0,1,0,2.6,0
86,0,0,Emergency,1,Respiratory,3,1,6.4,0.86,10.6,135.1,140,92,36.1,0,Medicare,1,1,1,6.7,1
54,0,1,Urgent,3,GI,3,2,4.0,2.05,9.8,133.9,134,67,38.2,1,Medicaid,0,1,0,2.9,0
57,0,2,Elective,5,Infection,5,2,8.0,0.87,7.1,134.6,106,79,36.8,2,Private,0,1,0,5.4,1
87,0,2,Elective,0,Cardiac,4,4,9.7,0.8,9.5,135.0,87,97,37.3,0,Medicare,0,0,0,4.9,1
34,0,0,Emergency,3,GI,2,3,7.0,1.23,8.0,132.8,148,104,37.5,2,Private,0,1,1,3.2,1
77,1,0,Emergency,5,Infection,3,3,7.3,1.62,10.9,143.1,100,76,37.0,0,Medicare,1,1,1,9.9,2
50,1,0,Emergency,0,Cardiac,3,1,5.0,1.7,10.6,138.4,123,109,36.9,0,Medicare,0,0,1,8.0,2
53,0,0,Emergency,1,Respiratory,3,1,5.8,1.34,1.5,141.8,116,107,36.9,2,Private,0,1,1,6.1,1
22,0,0,Emergency,0,Cardiac,2,1,7.2,0.7,9.6,141.2,139,73,38.3,1,Medicaid,0,0,1,4.9,1
30,1,0,Emergency,3,GI,4,0,6.8,0.78,9.8,138.1,95,84,37.2,2,Private,1,1,1,7.0,1
70,1,0,Emergency,3,GI,3,2,6.2,1.0,12.7,144.1,89,92,37.5,0,Medicare,1,2,1,7.9,2
64,1,0,Emergency,3,GI,4,1,8.4,1.48,9.0,144.2,156,67,37.0,0,Medicare,0,0,1,2.8,0
48,1,0,Emergency,2,Orthopedic,5,1,6.8,0.97,7.6,138.8,105,65,37.2,0,Medicare,0,1,1,4.5,1
81,1,2,Elective,4,Neurological,3,4,7.5,1.81,12.3,139.6,134,86,36.5,1,Medicaid,1,2,0,7.1,2
22,0,0,Emergency,0,Cardiac,3,2,5.6,2.73,6.4,135.4,132,89,36.5,3,Self-Pay,1,1,1,7.8,2
67,0,0,Emergency,5,Infection,1,1,8.1,0.76,3.7,137.7,105,79,36.8,1,Medicaid,0,0,1,4.5,1
81,1,1,Urgent,1,Respiratory,3,3,4.6,1.19,11.2,137.7,143,67,37.9,0,Medicare,1,4,0,8.6,2
55,0,1,Urgent,0,Cardiac,4,2,6.5,1.51,13.6,134.6,161,93,36.6,3,Self-Pay,0,3,0,6.6,1
94,1,0,Emergency,5,Infection,8,5,7.2,1.69,7.8,142.1,120,79,36.4,3,Self-Pay,0,1,1,7.3,2
78,1,2,Elective,4,Neurological,4,1,5.7,1.28,6.4,137.8,123,84,38.1,2,Private,0,1,0,6.2,1
85,1,0,Emergency,4,Neurological,3,2,6.6,1.1,13.2,135.3,126,66,36.1,2,Private,0,0,1,4.7,1
60,0,0,Emergency,0,Cardiac,5,1,7.7,0.57,10.8,133.9,143,89,35.8,2,Private,0,1,1,5.5,1
57,1,0,Emergency,4,Neurological,5,0,7.8,0.97,8.0,144.0,133,83,36.3,1,Medicaid,0,1,1,6.1,1
50,1,0,Emergency,3,GI,1,4,6.5,1.53,9.9,134.4,120,76,36.6,0,Medicare,0,0,1,3.4,1
80,1,1,Urgent,4,Neurological,1,0,5.8,2.13,5.5,136.4,133,55,36.6,1,Medicaid,0,0,0,3.0,0
81,0,0,Emergency,5,Infection,4,5,7.3,0.7,10.2,142.7,117,108,37.8,1,Medicaid,1,1,1,9.4,2
64,1,0,Emergency,0,Cardiac,5,6,10.3,2.05,2.1,134.8,130,69,37.4,2,Private,0,4,1,6.2,1
50,1,2,Elective,2,Orthopedic,1,2,7.5,1.83,6.0,137.7,147,113,37.1,0,Medicare,0,1,0,2.2,0
32,1,0,Emergency,4,Neurological,6,0,9.6,1.27,8.4,141.4,126,79,37.4,1,Medicaid,0,1,1,5.0,1
90,1,1,Urgent,2,Orthopedic,5,0,6.9,0.82,9.6,135.5,117,96,37.5,3,Self-Pay,0,2,0,3.3,1
83,1,0,Emergency,0,Cardiac,2,3,7.1,2.18,7.6,130.9,122,93,37.6,1,Medicaid,1,1,1,8.4,2
87,0,0,Emergency,0,Cardiac,4,2,4.0,1.12,12.4,138.2,107,64,38.1,3,Self-Pay,0,1,1,4.9,1
32,0,0,Emergency,3,GI,2,3,6.2,1.44,9.6,128.2,111,108,38.2,1,Medicaid,0,1,1,2.8,0
52,1,2,Elective,1,Respiratory,3,3,8.3,0.81,7.3,131.6,127,79,37.3,3,Self-Pay,0,0,0,4.2,1
77,1,1,Urgent,0,Cardiac,3,0,7.0,0.61,8.3,140.7,116,96,37.8,0,Medicare,1,2,0,4.7,1
89,0,0,Emergency,1,Respiratory,1,0,6.4,1.57,11.2,137.5,130,49,35.6,0,Medicare,0,1,1,5.1,1
30,1,0,Emergency,0,Cardiac,5,1,6.6,1.39,10.4,138.1,145,75,37.7,2,Private,0,2,1,5.2,1
82,0,2,Elective,0,Cardiac,3,2,9.7,1.43,7.9,141.4,152,80,38.5,3,Self-Pay,1,1,0,7.7,2
70,0,2,Elective,0,Cardiac,2,1,5.4,0.72,14.1,138.6,116,94,36.9,0,Medicare,0,2,0,4.6,1
78,1,1,Urgent,5,Infection,5,0,8.4,1.65,5.7,140.4,124,81,37.1,0,Medicare,0,0,0,4.3,1
53,0,1,Urgent,0,Cardiac,1,2,9.4,1.61,14.3,137.0,140,108,36.6,1,Medicaid,0,0,0,2.0,0
50,0,2,Elective,4,Neurological,1,1,7.7,3.56,4.0,145.0,146,56,37.1,0,Medicare,0,2,0,2.8,0
40,0,0,Emergency,4,Neurological,3,4,4.9,1.03,4.7,132.5,101,68,35.1,2,Private,0,3,1,5.8,1
62,1,1,Urgent,3,GI,3,2,7.6,0.54,5.0,144.4,109,70,37.3,3,Self-Pay,0,0,0,2.1,0
69,0,1,Urgent,0,Cardiac,3,1,7.5,0.95,13.2,136.3,137,64,37.1,0,Medicare,0,1,0,2.9,0
76,0,1,Urgent,5,Infection,4,1,9.3,0.97,7.0,134.0,126,78,38.7,0,Medicare,0,0,0,8.1,2
59,0,0,Emergency,2,Orthopedic,2,2,6.2,1.22,8.0,143.4,104,56,36.3,2,Private,0,2,1,2.3,0
38,0,1,Urgent,0,Cardiac,4,2,4.0,1.57,4.1,135.9,117,62,38.0,3,Self-Pay,0,1,0,5.5,1
59,0,1,Urgent,2,Orthopedic,6,3,4.8,0.91,7.2,135.4,143,52,37.6,0,Medicare,0,3,0,4.1,1
90,0,2,Elective,0,Cardiac,4,1,6.2,1.87,8.2,128.3,148,93,36.4,1,Medicaid,0,1,0,6.2,1
64,0,1,Urgent,1,Respiratory,2,3,6.5,1.16,11.1,138.9,135,69,36.9,2,Private,0,2,0,3.9,1
74,1,2,Elective,2,Orthopedic,1,5,8.0,0.45,10.2,144.4,121,79,38.2,1,Medicaid,1,1,0,5.0,1
70,0,2,Elective,1,Respiratory,1,0,6.3,1.14,6.7,139.1,95,87,35.3,3,Self-Pay,0,2,0,1.7,0
69,0,0,Emergency,3,GI,3,2,5.5,0.88,4.3,138.6,143,76,37.1,2,Private,1,2,1,8.2,2
68,0,0,Emergency,5,Infection,4,0,5.0,1.23,8.1,143.2,150,52,37.5,2,Private,0,0,1,6.3,1
27,0,1,Urgent,1,Respiratory,4,1,6.2,1.86,15.3,138.2,117,92,37.5,0,Medicare,0,1,0,2.9,0
74,1,2,Elective,1,Respiratory,2,2,6.8,0.69,10.1,136.2,152,77,37.8,0,Medicare,0,1,0,1.2,0
54,0,0,Emergency,4,Neurological,3,3,7.0,1.08,5.1,133.9,106,110,36.8,2,Private,0,1,1,4.9,1
88,0,1,Urgent,2,Orthopedic,3,0,7.7,2.43,3.6,137.0,139,82,37.3,1,Medicaid,0,1,0,4.3,1
37,0,0,Emergency,2,Orthopedic,2,4,7.0,0.98,5.5,136.1,121,84,36.5,0,Medicare,0,1,1,5.0,1
72,1,0,Emergency,4,Neurological,2,2,4.0,0.87,7.9,141.4,113,74,36.8,1,Medicaid,0,2,1,5.9,1
74,0,1,Urgent,5,Infection,3,2,4.1,2.69,13.2,137.8,107,84,37.7,1,Medicaid,1,1,0,11.5,2
65,1,1,Urgent,3,GI,8,2,5.8,1.46,1.5,140.6,125,97,38.0,2,Private,0,3,0,5.3,1
71,0,1,Urgent,0,Cardiac,7,1,5.9,2.2,10.0,134.0,115,105,36.3,1,Medicaid,1,1,0,11.8,2
69,0,2,Elective,2,Orthopedic,3,2,9.1,0.86,5.6,135.3,117,97,37.3,0,Medicare,0,1,0,2.6,0
86,1,0,Emergency,2,Orthopedic,3,2,4.9,0.96,11.4,139.5,133,46,38.0,0,Medicare,0,1,1,4.5,1
61,1,0,Emergency,2,Orthopedic,4,1,7.5,0.74,9.8,132.2,152,73,36.3,3,Self-Pay,0,2,1,3.9,1
50,1,2,Elective,1,Respiratory,3,4,9.4,1.46,16.4,134.6,152,66,37.5,1,Medicaid,0,4,0,4.4,1
68,0,1,Urgent,2,Orthopedic,3,2,7.7,0.85,9.5,142.6,85,90,36.8,2,Private,0,2,0,2.5,0
41,1,0,Emergency,2,Orthopedic,2,1,8.2,0.78,14.6,141.0,150,67,37.0,0,Medicare,0,0,1,5.0,1
64,0,1,Urgent,0,Cardiac,2,2,9.1,1.24,6.0,132.2,100,83,37.7,0,Medicare,0,2,0,3.4,1
72,1,2,Elective,5,Infection,5,1,7.3,1.36,8.0,136.9,140,67,36.4,2,Private,0,1,0,6.7,1
72,1,1,Urgent,5,Infection,3,1,8.0,1.13,2.1,140.7,99,93,36.4,2,Private,0,2,0,6.6,1
41,0,2,Elective,4,Neurological,1,3,6.7,1.22,9.6,137.7,131,91,37.3,0,Medicare,0,1,0,3.4,1
19,1,0,Emergency,2,Orthopedic,3,0,9.9,2.34,8.1,140.9,152,82,39.1,0,Medicare,0,2,1,2.6,0
50,1,0,Emergency,1,Respiratory,3,1,7.2,1.86,10.4,137.0,98,94,36.9,2,Private,0,4,1,5.3,1
55,0,2,Elective,3,GI,1,1,5.2,1.14,8.4,143.6,135,98,38.4,2,Private,0,2,0,3.9,1
72,1,1,Urgent,3,GI,4,6,5.0,1.55,14.0,134.7,126,83,37.7,2,Private,0,2,0,6.5,1
46,1,0,Emergency,3,GI,3,2,5.6,1.71,8.1,137.6,168,97,38.8,0,Medicare,0,0,1,3.8,1
71,0,1,Urgent,0,Cardiac,5,4,4.0,1.35,10.9,136.9,112,104,36.6,2,Private,0,0,0,5.0,1
37,1,1,Urgent,3,GI,3,2,9.2,0.83,14.7,140.1,134,89,38.7,0,Medicare,0,1,0,6.0,1
55,0,0,Emergency,5,Infection,4,3,9.2,0.51,15.2,148.3,158,79,36.8,0,Medicare,0,1,1,4.5,1
35,1,1,Urgent,0,Cardiac,4,2,8.2,2.64,10.4,129.5,107,96,37.7,3,Self-Pay,0,0,0,2.9,0
32,1,0,Emergency,1,Respiratory,3,4,6.6,1.18,9.5,143.9,141,92,37.8,2,Private,0,0,1,5.9,1
30,1,0,Emergency,2,Orthopedic,1,1,4.6,1.44,10.5,142.6,147,66,40.1,2,Private,0,1,1,5.3,1
69,0,1,Urgent,3,GI,5,3,5.5,0.78,14.7,139.6,151,73,37.6,1,Medicaid,0,0,0,6.3,1
80,1,0,Emergency,0,Cardiac,2,2,7.4,1.05,9.3,137.2,123,102,37.1,1,Medicaid,0,0,1,7.1,2
67,0,0,Emergency,5,Infection,1,1,5.8,0.81,9.5,135.1,111,85,36.5,2,Private,1,1,1,9.0,2
76,0,2,Elective,0,Cardiac,1,7,6.5,0.74,6.1,141.6,127,89,36.5,3,Self-Pay,0,1,0,4.0,1
63,0,1,Urgent,4,Neurological,1,2,4.2,1.35,6.3,140.7,146,79,36.8,0,Medicare,0,0,0,5.3,1
66,1,1,Urgent,0,Cardiac,8,1,4.7,1.35,11.0,132.4,92,104,37.0,2,Private,1,2,0,7.0,1
62,1,0,Emergency,0,Cardiac,4,1,5.5,1.23,5.8,144.4,116,69,37.0,1,Medicaid,0,1,1,2.7,0
72,0,0,Emergency,4,Neurological,2,1,8.5,1.22,10.1,137.8,106,96,37.4,3,Self-Pay,0,1,1,5.3,1
69,1,1,Urgent,5,Infection,5,0,6.9,1.48,8.0,131.1,128,97,37.6,0,Medicare,0,0,0,5.8,1
82,0,0,Emergency,5,Infection,4,2,5.1,0.4,6.8,143.2,151,102,36.8,1,Medicaid,0,5,1,7.9,2
77,1,1,Urgent,0,Cardiac,4,2,5.9,1.66,6.0,133.4,135,84,37.5,0,Medicare,0,0,0,5.6,1
65,1,0,Emergency,2,Orthopedic,2,4,9.0,3.22,17.4,139.0,112,96,38.0,3,Self-Pay,0,0,1,3.0,0
82,0,1,Urgent,0,Cardiac,2,4,7.8,0.6,10.9,145.3,159,94,37.7,0,Medicare,0,3,0,4.8,1
59,0,0,Emergency,0,Cardiac,1,2,4.7,0.49,4.2,137.0,160,78,37.4,1,Medicaid,0,1,1,4.0,1
38,0,0,Emergency,0,Cardiac,1,1,6.8,0.54,17.7,138.8,133,92,36.7,0,Medicare,1,1,1,8.6,2
38,0,2,Elective,0,Cardiac,4,3,6.8,1.81,9.5,134.5,117,86,36.6,2,Private,0,1,0,1.4,0
50,1,2,Elective,5,Infection,9,1,7.9,0.68,6.5,144.6,115,105,37.8,3,Self-Pay,0,2,0,5.7,1
30,0,0,Emergency,0,Cardiac,4,3,4.4,1.27,8.3,141.1,129,80,37.2,0,Medicare,0,1,1,4.8,1
60,1,2,Elective,3,GI,6,5,5.7,1.45,14.6,137.6,126,94,36.1,2,Private,1,1,0,7.8,2
53,1,1,Urgent,3,GI,2,2,8.3,1.07,6.5,133.1,102,93,36.1,2,Private,0,0,0,2.6,0
62,1,0,Emergency,0,Cardiac,2,1,7.9,0.94,7.5,138.5,124,69,37.8,0,Medicare,0,1,1,6.2,1
60,0,0,Emergency,5,Infection,2,5,5.4,1.0,11.0,140.7,117,74,38.0,0,Medicare,1,1,1,9.4,2
79,1,0,Emergency,1,Respiratory,3,1,7.3,0.65,8.2,139.5,140,68,37.6,0,Medicare,0,1,1,6.4,1
78,1,1,Urgent,5,Infection,5,5,5.7,1.67,13.8,137.3,128,88,36.9,1,Medicaid,1,1,0,9.7,2
79,1,1,Urgent,5,Infection,3,2,7.2,1.9,6.3,140.9,140,96,37.6,2,Private,0,0,0,4.3,1
50,1,2,Elective,5,Infection,2,0,7.9,1.27,6.6,140.4,134,90,36.7,0,Medicare,1,0,0,7.4,2
22,0,2,Elective,4,Neurological,3,2,5.2,0.79,7.7,141.2,99,96,37.5,1,Medicaid,0,2,0,4.9,1
59,0,2,Elective,1,Respiratory,1,1,5.9,1.13,8.1,139.1,96,90,38.5,0,Medicare,1,2,0,5.4,1
50,1,2,Elective,0,Cardiac,2,1,6.7,1.06,10.2,139.8,124,62,35.6,0,Medicare,0,1,0,2.5,0
75,1,2,Elective,3,GI,3,3,5.6,0.89,8.3,136.9,97,85,36.6,1,Medicaid,0,1,0,4.0,1
50,1,0,Emergency,1,Respiratory,5,4,5.4,1.17,6.5,142.5,141,90,36.3,1,Medicaid,0,0,1,4.2,1
29,0,0,Emergency,4,Neurological,1,2,7.1,1.02,10.8,132.2,124,98,39.1,0,Medicare,0,1,1,3.3,1
79,1,1,Urgent,4,Neurological,1,2,8.4,1.94,6.3,137.7,144,89,37.7,0,Medicare,0,0,0,3.0,0
83,0,1,Urgent,1,Respiratory,5,0,5.5,0.77,11.9,134.7,155,96,36.3,0,Medicare,0,2,0,4.8,1
56,0,0,Emergency,0,Cardiac,2,0,5.2,1.05,2.3,139.3,101,91,37.2,0,Medicare,0,1,1,6.5,1
57,1,2,Elective,1,Respiratory,1,1,5.0,0.79,9.9,141.9,128,85,36.9,2,Private,0,3,0,1.9,0
75,0,2,Elective,3,GI,1,0,6.3,1.13,8.8,134.1,151,54,36.5,3,Self-Pay,0,1,0,3.0,0
32,1,1,Urgent,0,Cardiac,1,2,8.9,1.3,10.3,140.9,130,87,36.5,0,Medicare,0,1,0,3.4,1
36,1,1,Urgent,3,GI,4,2,5.8,1.03,10.8,138.5,131,95,35.4,0,Medicare,1,2,0,7.2,2
91,1,2,Elective,3,GI,3,2,8.9,1.72,9.1,133.1,110,64,36.4,2,Private,0,3,0,1.1,0
88,1,0,Emergency,0,Cardiac,6,4,5.6,2.46,16.3,140.3,122,68,36.0,0,Medicare,0,2,1,6.9,1
50,1,0,Emergency,3,GI,7,2,4.1,0.4,11.3,142.2,137,93,38.6,0,Medicare,0,1,1,4.7,1
90,0,2,Elective,3,GI,3,1,9.6,1.73,15.4,137.2,147,98,36.7,2,Private,0,0,0,2.5,0
62,1,1,Urgent,2,Orthopedic,3,2,6.2,1.14,10.0,138.5,111,61,36.6,2,Private,1,3,0,3.6,1
51,1,0,Emergency,5,Infection,2,1,8.2,1.16,6.9,136.5,139,81,37.6,0,Medicare,0,1,1,5.0,1
76,1,2,Elective,0,Cardiac,2,2,8.0,1.03,1.8,126.2,128,92,36.9,3,Self-Pay,0,0,0,3.7,1
77,1,0,Emergency,2,Orthopedic,2,0,7.7,1.53,10.3,137.6,135,77,35.8,0,Medicare,0,4,1,3.6,1
87,0,1,Urgent,5,Infection,3,2,6.1,1.2,11.2,137.2,111,85,36.6,1,Medicaid,0,0,0,4.3,1
27,0,1,Urgent,1,Respiratory,4,3,7.3,1.67,4.6,135.3,135,50,37.0,0,Medicare,0,1,0,2.7,0
68,0,0,Emergency,2,Orthopedic,4,1,6.1,1.17,9.1,130.5,144,98,38.2,3,Self-Pay,0,2,1,2.3,0
52,1,0,Emergency,3,GI,2,2,4.0,1.48,4.1,136.7,135,72,37.5,2,Private,1,1,1,7.5,2
82,0,2,Elective,3,GI,1,2,5.8,1.65,11.9,135.3,103,89,37.4,0,Medicare,0,1,0,1.5,0
43,1,0,Emergency,0,Cardiac,3,4,7.9,1.1,11.4,140.5,154,75,36.3,2,Private,0,2,1,3.1,1
73,0,0,Emergency,2,Orthopedic,4,0,8.4,1.64,2.6,139.1,116,50,37.5,3,Self-Pay,1,2,1,5.9,1
62,1,1,Urgent,1,Respiratory,4,1,8.4,1.45,3.9,128.7,122,56,36.9,2,Private,0,1,0,5.2,1
32,0,0,Emergency,3,GI,1,4,6.5,1.26,1.8,133.2,133,80,37.2,0,Medicare,0,0,1,2.0,0
68,0,2,Elective,3,GI,5,3,8.8,0.85,10.3,138.5,134,85,36.3,2,Private,0,4,0,3.5,1
20,0,0,Emergency,3,GI,6,2,4.7,0.8,10.3,139.3,157,90,37.6,1,Medicaid,1,2,1,4.9,1
18,1,1,Urgent,3,GI,3,2,11.3,1.38,12.0,134.5,86,78,37.6,0,Medicare,0,0,0,2.7,0
82,0,0,Emergency,1,Respiratory,1,5,6.4,1.55,5.2,141.6,139,56,36.0,0,Medicare,0,0,1,3.2,1
47,1,2,Elective,1,Respiratory,6,2,6.7,1.0,7.4,140.7,143,62,36.6,1,Medicaid,0,0,0,3.5,1
68,0,1,Urgent,1,Respiratory,3,3,4.3,1.61,6.3,136.9,131,73,36.5,2,Private,0,2,0,3.2,1
65,1,0,Emergency,1,Respiratory,1,0,5.7,0.85,5.8,135.8,122,80,37.9,3,Self-Pay,0,1,1,2.3,0
65,0,2,Elective,3,GI,3,1,7.8,1.1,5.7,133.9,103,92,38.0,0,Medicare,0,3,0,4.3,1
67,1,0,Emergency,3,GI,3,1,7.4,0.89,4.5,139.5,133,79,35.7,0,Medicare,0,3,1,3.6,1
70,0,1,Urgent,0,Cardiac,3,2,4.0,0.87,10.3,136.8,170,68,37.1,1,Medicaid,0,2,0,4.2,1
50,1,2,Elective,5,Infection,2,2,7.1,0.81,14.1,132.8,157,66,36.9,1,Medicaid,0,1,0,1.8,0
33,0,1,Urgent,2,Orthopedic,5,2,4.0,5.43,12.1,139.2,130,86,36.8,0,Medicare,0,0,0,4.7,1
61,1,1,Urgent,0,Cardiac,5,1,8.7,1.93,7.6,134.5,109,86,37.7,1,Medicaid,0,3,0,6.6,1
85,1,0,Emergency,0,Cardiac,4,1,8.7,1.44,8.6,140.0,146,76,37.9,2,Private,0,1,1,7.5,2
51,0,0,Emergency,2,Orthopedic,2,0,4.6,0.97,10.4,143.3,137,74,37.8,0,Medicare,0,1,1,1.0,0
69,0,0,Emergency,1,Respiratory,2,3,6.9,0.7,9.5,142.8,87,78,38.0,0,Medicare,0,1,1,2.0,0
64,1,2,Elective,4,Neurological,3,4,4.0,0.59,5.8,136.9,99,109,38.2,2,Private,0,1,0,4.5,1
50,1,2,Elective,2,Orthopedic,4,0,5.7,1.08,10.6,136.8,175,69,37.1,2,Private,0,1,0,3.4,1
67,0,0,Emergency,5,Infection,3,4,7.0,1.76,10.8,138.2,105,58,37.9,2,Private,0,1,1,6.5,1
43,1,0,Emergency,0,Cardiac,2,1,6.7,0.72,5.7,137.5,125,76,37.8,3,Self-Pay,1,0,1,6.8,1
77,0,0,Emergency,3,GI,3,1,7.1,1.5,9.4,145.1,144,87,37.8,2,Private,1,0,1,7.7,2
50,0,0,Emergency,5,Infection,3,3,6.8,1.27,8.2,138.9,127,71,36.2,1,Medicaid,0,4,1,4.4,1
67,0,0,Emergency,1,Respiratory,3,0,7.2,1.24,10.7,136.4,117,95,37.3,2,Private,0,2,1,3.6,1
67,1,1,Urgent,0,Cardiac,2,2,5.4,3.83,6.7,130.9,148,60,37.2,1,Medicaid,0,1,0,5.9,1
69,1,2,Elective,2,Orthopedic,2,1,6.2,1.31,15.8,133.5,139,78,38.0,0,Medicare,0,2,0,3.0,0
58,1,1,Urgent,5,Infection,2,4,6.6,1.28,4.1,135.6,137,81,37.1,2,Private,1,1,0,8.3,2
62,1,1,Urgent,3,GI,2,1,6.2,0.89,15.3,141.6,108,85,36.8,3,Self-Pay,1,1,0,4.1,1
33,0,2,Elective,3,GI,3,2,11.4,0.86,6.1,134.4,128,81,37.4,2,Private,0,1,0,1.1,0
76,1,1,Urgent,3,GI,6,1,6.7,0.71,10.9,134.8,152,77,37.0,2,Private,0,1,0,4.7,1
51,1,1,Urgent,0,Cardiac,3,3,4.0,0.64,5.2,139.6,129,69,37.9,2,Private,0,4,0,3.5,1
62,0,0,Emergency,2,Orthopedic,3,1,4.5,1.04,6.4,131.6,126,83,36.7,0,Medicare,0,3,1,2.5,0
73,0,0,Emergency,0,Cardiac,5,3,6.9,1.47,5.9,139.1,122,61,38.0,0,Medicare,0,0,1,5.8,1
51,1,1,Urgent,1,Respiratory,5,1,6.3,0.5,7.2,137.9,144,60,36.2,2,Private,0,2,0,5.0,1
39,1,2,Elective,4,Neurological,3,4,6.2,1.09,5.7,136.4,124,67,37.6,1,Medicaid,0,1,0,4.0,1
73,0,1,Urgent,3,GI,5,4,4.0,0.81,16.6,141.2,130,72,37.2,2,Private,0,2,0,4.9,1
64,0,2,Elective,5,Infection,6,1,4.0,1.65,12.6,137.6,99,83,37.8,0,Medicare,1,2,0,7.8,2
55,0,0,Emergency,0,Cardiac,1,5,4.5,0.97,8.0,137.9,134,107,36.7,0,Medicare,1,0,1,7.6,2
60,0,2,Elective,1,Respiratory,1,6,4.7,1.69,12.5,141.6,104,82,37.2,2,Private,0,3,0,2.1,0
84,0,2,Elective,4,Neurological,2,1,4.1,0.89,16.9,141.1,138,84,37.4,0,Medicare,1,4,0,7.1,2
67,1,1,Urgent,0,Cardiac,3,1,7.8,1.44,12.7,140.6,112,76,38.0,1,Medicaid,0,1,0,7.1,2
87,1,2,Elective,0,Cardiac,2,3,6.8,1.16,14.3,135.9,114,88,38.1,2,Private,0,0,0,3.5,1
62,0,1,Urgent,2,Orthopedic,6,1,8.0,1.44,13.4,125.9,118,76,36.7,0,Medicare,0,3,0,5.1,1
52,1,0,Emergency,1,Respiratory,5,3,8.9,1.83,14.1,142.7,130,67,36.1,2,Private,0,1,1,4.9,1
81,0,0,Emergency,5,Infection,3,5,6.9,2.68,12.5,145.1,138,72,36.7,1,Medicaid,0,0,1,8.1,2
67,0,1,Urgent,2,Orthopedic,1,2,5.1,1.23,5.4,131.8,159,75,36.6,2,Private,0,0,0,3.7,1
74,1,2,Elective,5,Infection,1,5,7.9,1.15,14.4,144.8,144,100,36.0,0,Medicare,0,2,0,3.7,1
81,0,0,Emergency,5,Infection,3,4,4.1,2.21,9.2,139.8,130,85,36.8,1,Medicaid,1,0,1,9.2,2
72,0,1,Urgent,0,Cardiac,4,3,5.5,0.86,10.1,131.7,143,101,36.9,2,Private,1,0,0,8.8,2
49,1,2,Elective,3,GI,1,1,6.1,1.44,1.8,137.4,108,77,37.5,2,Private,1,1,0,4.1,1
18,0,0,Emergency,1,Respiratory,2,1,6.8,0.89,6.3,136.7,131,89,39.3,3,Self-Pay,0,1,1,3.2,1
93,1,0,Emergency,0,Cardiac,8,1,8.6,1.09,13.4,136.4,168,85,36.9,2,Private,1,4,1,9.1,2
50,0,0,Emergency,5,Infection,1,2,4.9,0.84,12.5,140.0,102,64,38.5,0,Medicare,0,1,1,2.7,0
74,0,0,Emergency,1,Respiratory,5,2,4.1,1.57,11.8,137.3,145,89,36.3,2,Private,1,0,1,5.4,1
75,1,0,Emergency,1,Respiratory,2,1,9.3,1.05,4.0,135.3,133,74,38.0,0,Medicare,0,1,1,3.0,0
61,1,0,Emergency,1,Respiratory,2,0,8.3,0.67,9.8,144.9,107,90,37.6,0,Medicare,0,0,1,4.3,1
50,0,0,Emergency,0,Cardiac,4,0,11.9,0.66,8.8,139.9,123,108,36.7,0,Medicare,0,0,1,3.1,1
64,1,1,Urgent,2,Orthopedic,3,2,4.0,1.23,11.6,135.1,150,74,37.2,0,Medicare,0,1,0,2.9,0
86,1,1,Urgent,2,Orthopedic,3,2,6.8,1.89,8.5,143.9,165,77,37.5,0,Medicare,1,0,0,3.9,1
18,1,1,Urgent,2,Orthopedic,1,1,4.0,0.5,6.3,136.4,146,91,36.9,3,Self-Pay,0,3,0,3.2,1
50,0,1,Urgent,5,Infection,6,2,9.5,1.03,6.8,139.3,135,87,36.8,1,Medicaid,0,2,0,5.6,1
28,1,2,Elective,1,Respiratory,6,1,4.0,0.88,1.5,142.9,117,66,37.1,0,Medicare,1,0,0,4.9,1
50,1,2,Elective,0,Cardiac,4,1,4.8,1.73,8.0,139.3,133,106,37.4,2,Private,1,3,0,4.9,1
48,1,2,Elective,0,Cardiac,6,2,7.0,0.75,8.4,143.1,129,64,36.6,2,Private,0,2,0,4.9,1
49,1,0,Emergency,4,Neurological,2,2,6.7,1.15,4.1,144.3,120,82,37.0,0,Medicare,1,0,1,7.3,2
45,0,2,Elective,3,GI,2,2,6.4,0.66,7.2,138.1,86,100,37.3,1,Medicaid,1,3,0,5.7,1
50,1,2,Elective,5,Infection,1,3,7.3,1.99,18.3,145.3,111,75,37.3,2,Private,0,0,0,3.0,0
61,1,0,Emergency,3,GI,3,0,8.4,0.76,6.1,133.0,115,96,37.5,0,Medicare,1,3,1,6.3,1
94,1,0,Emergency,0,Cardiac,1,2,7.3,1.96,12.5,140.5,128,71,37.3,0,Medicare,0,1,1,7.3,2
70,1,1,Urgent,0,Cardiac,1,2,5.8,1.19,9.1,137.4,115,80,36.5,2,Private,1,2,0,5.5,1
36,1,0,Emergency,2,Orthopedic,5,1,5.0,0.78,9.8,140.8,153,72,36.6,2,Private,0,3,1,3.9,1
66,0,0,Emergency,3,GI,4,4,7.0,1.53,12.1,139.6,147,97,37.8,2,Private,0,1,1,2.1,0
66,0,1,Urgent,0,Cardiac,3,0,7.3,1.63,1.5,142.0,108,88,37.3,0,Medicare,0,0,0,5.0,1
58,1,1,Urgent,3,GI,1,3,7.6,2.5,11.0,138.3,121,75,37.6,2,Private,0,1,0,4.5,1
50,1,2,Elective,5,Infection,3,1,6.0,1.5,5.4,144.3,120,76,37.5,1,Medicaid,0,2,0,4.6,1
18,1,1,Urgent,4,Neurological,5,1,4.0,1.56,11.4,139.3,129,97,37.0,0,Medicare,1,1,0,7.4,2
85,1,1,Urgent,3,GI,1,1,7.6,1.7,10.3,136.6,141,94,37.6,1,Medicaid,0,2,0,6.0,1
62,0,0,Emergency,4,Neurological,6,3,5.6,0.4,3.1,138.8,123,63,36.6,0,Medicare,0,0,1,6.5,1
80,1,1,Urgent,0,Cardiac,2,4,6.8,1.38,14.4,135.6,118,83,37.0,0,Medicare,0,1,0,5.3,1
72,1,0,Emergency,0,Cardiac,3,1,6.6,1.83,11.6,133.2,152,54,37.1,0,Medicare,0,2,1,3.8,1
90,1,2,Elective,0,Cardiac,8,0,4.1,1.29,9.5,137.0,103,101,37.6,0,Medicare,0,0,0,3.6,1
52,1,0,Emergency,0,Cardiac,4,3,6.5,0.92,16.9,143.0,159,105,37.2,1,Medicaid,0,1,1,5.8,1
38,0,1,Urgent,5,Infection,5,1,7.1,0.85,6.2,138.6,143,68,36.6,0,Medicare,0,0,0,4.8,1
45,0,0,Emergency,1,Respiratory,4,0,8.0,1.14,8.3,140.6,134,103,36.2,1,Medicaid,0,0,1,4.7,1
77,0,2,Elective,3,GI,4,3,4.0,1.09,12.7,140.6,106,64,37.2,2,Private,0,2,0,2.5,0
58,0,2,Elective,3,GI,2,1,4.0,1.28,12.1,131.9,162,84,37.4,2,Private,1,0,0,6.5,1
40,0,0,Emergency,3,GI,4,1,5.5,1.16,10.8,139.3,155,86,36.6,1,Medicaid,0,1,1,3.8,1
44,1,1,Urgent,3,GI,2,1,5.9,1.54,6.0,135.9,108,64,37.6,2,Private,0,5,0,2.8,0
63,0,1,Urgent,2,Orthopedic,2,4,4.0,0.64,10.3,138.8,143,75,38.7,0,Medicare,0,0,0,2.2,0
36,1,2,Elective,2,Orthopedic,3,1,5.3,1.67,19.3,140.4,119,88,37.4,0,Medicare,0,0,0,1.4,0
55,0,1,Urgent,5,Infection,2,2,4.2,2.06,13.1,134.7,131,53,37.4,0,Medicare,0,0,0,7.1,2
56,0,0,Emergency,0,Cardiac,2,3,4.4,0.55,11.5,139.9,150,110,36.9,2,Private,0,0,1,3.8,1
26,1,0,Emergency,0,Cardiac,1,3,6.6,0.95,20.9,134.3,137,83,38.7,2,Private,1,0,1,7.2,2
71,0,1,Urgent,2,Orthopedic,3,4,5.5,1.7,13.0,145.9,156,62,36.9,2,Private,0,2,0,5.5,1
90,1,0,Emergency,1,Respiratory,5,2,4.3,1.4,11.2,134.8,156,66,37.0,0,Medicare,0,1,1,5.0,1
61,0,0,Emergency,2,Orthopedic,4,2,7.9,0.69,8.0,142.3,167,97,37.5,0,Medicare,1,2,1,6.9,1
76,0,0,Emergency,5,Infection,3,2,5.1,1.52,7.4,135.7,106,92,36.6,1,Medicaid,0,1,1,5.5,1
35,1,1,Urgent,4,Neurological,5,1,8.9,0.5,4.8,138.9,168,89,37.2,0,Medicare,1,2,0,7.2,2
52,0,2,Elective,5,Infection,1,1,4.0,1.46,8.8,141.4,97,71,38.0,0,Medicare,0,2,0,2.7,0
62,0,2,Elective,1,Respiratory,2,3,7.7,2.13,7.0,131.5,147,83,37.7,0,Medicare,0,0,0,3.5,1
76,0,1,Urgent,1,Respiratory,6,2,6.4,1.15,8.5,145.5,117,82,36.2,3,Self-Pay,0,1,0,5.5,1
77,1,2,Elective,4,Neurological,2,3,5.9,1.67,9.9,144.4,162,85,37.1,3,Self-Pay,0,2,0,4.3,1
56,0,0,Emergency,4,Neurological,1,1,6.1,1.35,7.1,147.3,149,101,36.6,0,Medicare,0,1,1,5.6,1
50,0,1,Urgent,2,Orthopedic,7,1,6.4,0.83,12.3,134.9,133,101,38.4,2,Private,0,1,0,3.4,1
51,1,0,Emergency,5,Infection,2,6,6.8,0.9,8.4,136.3,129,68,37.6,2,Private,1,2,1,8.2,2
37,1,1,Urgent,5,Infection,3,1,8.8,1.01,7.3,131.1,147,77,36.3,0,Medicare,0,2,0,5.0,1
29,0,2,Elective,2,Orthopedic,3,1,6.2,1.04,11.6,136.3,128,95,38.1,1,Medicaid,0,2,0,3.6,1
87,0,2,Elective,1,Respiratory,5,2,8.7,1.96,9.4,134.0,169,87,37.8,2,Private,0,1,0,3.7,1
63,0,1,Urgent,2,Orthopedic,4,2,5.9,2.27,5.2,141.1,119,131,35.9,0,Medicare,0,2,0,5.3,1
41,1,2,Elective,5,Infection,1,2,6.6,1.72,3.8,145.6,136,90,37.3,0,Medicare,0,1,0,3.7,1
56,0,2,Elective,1,Respiratory,3,2,6.1,2.26,7.6,131.3,151,92,37.3,0,Medicare,0,0,0,2.5,0
77,1,0,Emergency,3,GI,1,3,4.0,1.32,14.6,143.9,106,94,37.8,1,Medicaid,0,1,1,4.3,1
36,1,2,Elective,3,GI,2,3,5.1,0.4,10.8,135.5,142,74,36.9,0,Medicare,0,1,0,2.7,0
55,0,0,Emergency,0,Cardiac,3,1,9.3,1.16,11.1,138.6,139,83,36.1,2,Private,1,0,1,8.4,2
71,1,2,Elective,3,GI,1,1,4.9,0.82,8.3,140.4,132,71,36.5,1,Medicaid,0,1,0,2.7,0
26,0,0,Emergency,1,Respiratory,3,1,7.9,1.57,10.3,143.7,87,126,38.1,0,Medicare,0,0,1,4.2,1
87,0,0,Emergency,4,Neurological,3,2,4.0,1.09,11.9,141.7,137,55,37.3,3,Self-Pay,0,1,1,6.2,1
75,0,1,Urgent,3,GI,3,0,5.8,1.34,8.4,139.4,99,80,37.0,2,Private,0,2,0,5.1,1
83,0,0,Emergency,4,Neurological,3,2,7.3,1.19,4.1,137.6,156,113,36.4,3,Self-Pay,1,0,1,6.3,1
71,1,0,Emergency,0,Cardiac,5,3,6.4,0.91,6.2,143.0,86,69,36.4,0,Medicare,0,3,1,4.8,1
50,1,1,Urgent,0,Cardiac,5,4,7.2,0.8,6.2,132.5,160,109,36.1,0,Medicare,0,2,0,5.0,1
73,0,2,Elective,4,Neurological,2,4,4.0,0.93,17.8,135.7,110,69,36.9,3,Self-Pay,0,4,0,5.6,1
60,1,0,Emergency,1,Respiratory,2,3,4.6,1.42,10.1,137.6,109,63,37.8,2,Private,0,1,1,4.6,1
29,0,2,Elective,0,Cardiac,5,2,5.4,2.16,8.1,137.2,116,106,35.4,0,Medicare,0,0,0,2.9,0
60,0,2,Elective,0,Cardiac,4,0,4.7,1.42,4.3,137.7,113,76,36.7,2,Private,0,0,0,5.7,1
64,0,1,Urgent,2,Orthopedic,6,1,6.3,3.66,11.8,143.3,144,71,36.1,0,Medicare,0,3,0,7.5,2
99,1,1,Urgent,0,Cardiac,3,3,4.0,1.55,10.6,138.1,117,63,36.6,2,Private,0,0,0,4.6,1
25,1,0,Emergency,3,GI,1,2,5.9,1.28,9.5,135.6,132,110,37.9,2,Private,0,2,1,3.6,1
67,1,0,Emergency,4,Neurological,2,5,10.0,1.94,10.6,141.6,115,102,38.1,1,Medicaid,0,2,1,8.5,2
50,1,0,Emergency,2,Orthopedic,1,1,5.8,0.61,5.0,141.3,143,74,37.9,3,Self-Pay,1,2,1,4.8,1
73,0,0,Emergency,5,Infection,3,4,4.0,0.87,9.0,139.8,161,93,37.2,0,Medicare,0,2,1,5.1,1
75,0,0,Emergency,0,Cardiac,4,6,8.3,1.53,9.4,140.9,108,76,36.7,2,Private,0,3,1,4.1,1
79,1,0,Emergency,2,Orthopedic,6,3,5.4,0.84,11.7,137.9,124,68,37.6,0,Medicare,0,3,1,4.0,1
55,1,1,Urgent,0,Cardiac,1,2,4.0,2.21,12.5,137.6,122,92,36.6,0,Medicare,0,1,0,4.6,1
74,0,1,Urgent,5,Infection,6,2,6.1,0.93,1.5,135.8,97,77,36.6,0,Medicare,0,0,0,5.7,1
44,1,2,Elective,5,Infection,6,0,5.5,1.68,8.2,130.0,111,81,38.3,1,Medicaid,1,2,0,4.8,1
62,0,0,Emergency,1,Respiratory,2,0,6.7,1.22,12.1,134.3,102,98,36.4,2,Private,0,4,1,5.3,1
82,0,0,Emergency,1,Respiratory,5,1,6.5,2.79,14.9,144.8,131,83,38.1,2,Private,1,3,1,8.6,2
43,1,1,Urgent,1,Respiratory,4,2,7.4,1.62,5.3,140.7,142,67,36.5,0,Medicare,0,1,0,3.7,1
50,1,0,Emergency,4,Neurological,5,2,6.8,1.52,8.8,137.9,94,85,37.4,2,Private,0,0,1,6.6,1
44,0,2,Elective,3,GI,2,0,10.6,0.99,11.3,139.1,124,49,36.9,2,Private,0,0,0,1.0,0
28,0,1,Urgent,5,Infection,4,0,5.3,0.9,11.1,133.2,128,83,37.0,0,Medicare,0,3,0,3.8,1
73,1,1,Urgent,0,Cardiac,6,3,4.0,1.2,4.7,143.7,138,85,36.6,0,Medicare,0,1,0,5.6,1
65,1,0,Emergency,2,Orthopedic,4,1,4.8,1.49,5.1,144.0,135,68,37.7,0,Medicare,0,0,1,3.3,1
62,1,0,Emergency,3,GI,3,1,8.5,1.35,1.5,135.9,147,93,37.9,1,Medicaid,0,0,1,6.2,1
72,1,0,Emergency,5,Infection,1,1,4.0,0.6,7.4,139.5,134,72,38.1,2,Private,0,1,1,7.9,2
24,0,0,Emergency,1,Respiratory,1,0,8.2,1.0,6.1,134.8,108,81,36.5,2,Private,0,1,1,5.2,1
32,1,0,Emergency,1,Respiratory,2,4,10.3,1.34,1.5,140.0,126,77,38.1,2,Private,0,1,1,4.1,1
61,1,1,Urgent,5,Infection,1,2,9.0,0.75,10.5,141.3,140,100,37.9,1,Medicaid,0,2,0,7.8,2
41,0,0,Emergency,0,Cardiac,3,3,5.7,1.4,8.1,137.5,114,60,35.6,0,Medicare,0,1,1,4.3,1
70,0,2,Elective,2,Orthopedic,7,4,7.7,0.95,11.0,140.0,139,80,37.3,3,Self-Pay,0,1,0,1.6,0
75,0,0,Emergency,2,Orthopedic,1,2,8.1,1.52,10.3,134.7,122,72,38.0,2,Private,0,1,1,1.8,0
56,0,0,Emergency,0,Cardiac,6,2,5.7,1.05,11.9,143.3,128,109,37.4,1,Medicaid,0,2,1,4.2,1
83,1,0,Emergency,1,Respiratory,5,4,4.5,1.19,7.9,141.3,116,81,36.7,1,Medicaid,0,0,1,6.0,1
18,1,0,Emergency,4,Neurological,1,3,6.4,1.26,9.0,132.3,139,65,35.9,2,Private,0,4,1,7.3,2
50,1,0,Emergency,1,Respiratory,3,2,8.1,1.47,8.4,138.9,120,75,36.4,2,Private,0,0,1,4.8,1
73,0,0,Emergency,1,Respiratory,3,1,8.9,1.71,12.3,142.4,121,100,37.6,3,Self-Pay,0,0,1,4.1,1
76,1,0,Emergency,4,Neurological,3,3,6.7,0.68,11.5,137.8,116,89,36.1,0,Medicare,1,3,1,7.6,2
83,0,0,Emergency,5,Infection,1,2,6.1,1.15,10.7,138.8,144,70,36.8,0,Medicare,0,1,1,4.4,1
50,0,2,Elective,4,Neurological,6,4,6.3,1.24,4.3,137.4,142,73,37.5,2,Private,1,0,0,7.0,1
65,1,2,Elective,4,Neurological,2,2,9.9,4.73,16.0,133.7,129,98,36.7,1,Medicaid,1,2,0,9.3,2
95,0,0,Emergency,5,Infection,6,1,6.8,1.74,7.3,141.6,134,59,36.3,3,Self-Pay,0,2,1,6.2,1
80,1,0,Emergency,4,Neurological,2,1,7.8,1.23,8.0,137.8,131,92,36.4,1,Medicaid,0,4,1,4.9,1
37,1,1,Urgent,5,Infection,3,1,8.6,0.67,14.9,139.5,106,84,37.9,0,Medicare,0,2,0,4.8,1
83,1,2,Elective,4,Neurological,1,4,6.0,1.07,9.3,140.2,120,67,36.9,0,Medicare,0,1,0,6.2,1
43,0,2,Elective,3,GI,2,1,5.3,3.29,7.7,134.2,143,88,36.6,1,Medicaid,0,1,0,4.2,1
54,1,0,Emergency,3,GI,5,2,6.8,0.59,11.5,135.1,112,69,35.7,2,Private,0,4,1,7.5,2
50,1,0,Emergency,5,Infection,3,0,5.1,1.06,5.5,137.9,123,58,38.4,0,Medicare,0,1,1,5.4,1
68,1,1,Urgent,3,GI,3,1,5.6,2.1,3.1,143.7,139,78,36.6,2,Private,0,2,0,5.2,1
25,1,2,Elective,4,Neurological,4,1,4.0,3.15,6.4,134.4,96,77,37.6,2,Private,0,0,0,6.0,1
71,1,0,Emergency,0,Cardiac,2,3,8.3,1.07,15.2,140.4,149,105,38.0,0,Medicare,1,1,1,7.0,1
79,0,1,Urgent,5,Infection,1,3,4.9,1.54,5.9,137.3,153,65,36.9,2,Private,0,1,0,5.3,1
59,1,0,Emergency,2,Orthopedic,3,3,8.7,1.81,7.8,135.4,125,54,36.4,1,Medicaid,0,3,1,5.6,1
69,1,0,Emergency,0,Cardiac,4,2,4.8,1.59,9.6,135.8,126,60,36.1,0,Medicare,0,3,1,7.0,1
31,1,1,Urgent,4,Neurological,7,3,4.0,1.34,11.0,140.6,110,82,37.5,1,Medicaid,1,1,0,9.1,2
79,1,0,Emergency,1,Respiratory,4,2,4.0,2.18,10.3,139.0,141,67,38.0,0,Medicare,1,1,1,8.1,2
50,0,1,Urgent,0,Cardiac,3,1,4.0,2.0,5.8,134.9,120,63,37.0,0,Medicare,0,0,0,5.3,1
36,0,1,Urgent,1,Respiratory,1,2,9.3,1.45,14.5,138.2,122,78,37.2,1,Medicaid,0,0,0,3.4,1
51,1,2,Elective,0,Cardiac,4,3,7.9,2.55,8.6,134.4,136,74,36.9,0,Medicare,0,2,0,3.4,1
18,0,0,Emergency,0,Cardiac,1,2,6.8,1.27,13.1,145.2,112,94,36.8,1,Medicaid,1,2,1,6.4,1
55,0,0,Emergency,3,GI,8,1,9.0,1.29,5.0,134.7,101,94,38.3,1,Medicaid,0,3,1,4.4,1
75,0,0,Emergency,5,Infection,2,2,4.9,1.06,10.6,137.4,139,75,37.5,2,Private,1,1,1,7.4,2
54,0,1,Urgent,2,Orthopedic,3,2,4.7,0.4,11.1,135.2,133,79,36.9,0,Medicare,0,1,0,1.0,0
79,1,1,Urgent,3,GI,6,2,6.8,1.31,6.3,139.3,92,114,36.9,1,Medicaid,0,2,0,4.9,1
79,1,0,Emergency,4,Neurological,4,2,5.5,1.27,11.5,143.1,87,121,36.8,0,Medicare,0,0,1,6.2,1
47,0,1,Urgent,1,Respiratory,1,2,8.7,0.69,4.1,137.8,112,121,36.6,1,Medicaid,1,5,0,5.9,1
74,0,1,Urgent,3,GI,3,0,12.0,0.86,5.4,134.8,165,84,37.3,2,Private,0,1,0,2.6,0
55,0,0,Emergency,1,Respiratory,1,3,8.5,1.85,11.5,140.7,99,77,35.9,1,Medicaid,1,2,1,4.6,1
55,1,1,Urgent,3,GI,1,3,7.1,0.64,3.8,138.4,134,62,36.2,1,Medicaid,0,0,0,4.1,1
75,0,0,Emergency,0,Cardiac,7,4,6.6,1.15,11.5,138.3,125,97,36.6,0,Medicare,0,1,1,6.8,1
86,1,2,Elective,5,Infection,2,4,9.5,1.72,5.2,132.1,95,88,37.4,2,Private,0,1,0,2.8,0
76,0,1,Urgent,0,Cardiac,1,2,6.6,0.71,11.7,142.4,87,72,36.5,0,Medicare,0,3,0,6.7,1
76,1,0,Emergency,2,Orthopedic,1,1,7.5,1.21,2.8,144.6,111,87,38.3,0,Medicare,1,0,1,3.6,1
61,1,1,Urgent,1,Respiratory,2,2,4.7,1.39,7.9,136.3,128,74,36.7,2,Private,1,3,0,6.4,1
45,1,1,Urgent,3,GI,1,2,5.6,1.73,10.8,137.2,176,70,37.0,3,Self-Pay,0,1,0,4.0,1
58,0,0,Emergency,2,Orthopedic,3,1,7.4,1.33,15.6,139.3,175,89,37.8,0,Medicare,0,0,1,4.4,1
37,1,2,Elective,1,Respiratory,2,1,8.6,1.44,6.2,140.2,136,106,36.7,1,Medicaid,0,1,0,2.3,0
60,0,0,Emergency,1,Respiratory,4,1,6.2,0.94,2.6,135.2,135,104,38.2,0,Medicare,0,0,1,3.9,1
28,1,1,Urgent,0,Cardiac,1,3,7.4,1.41,5.0,139.7,129,50,37.1,3,Self-Pay,0,2,0,3.3,1
70,0,2,Elective,4,Neurological,1,3,4.7,1.66,11.2,140.2,110,89,37.4,2,Private,0,1,0,5.6,1
75,1,1,Urgent,1,Respiratory,3,1,7.3,0.62,15.8,139.4,113,82,37.0,2,Private,0,0,0,3.7,1
74,0,0,Emergency,4,Neurological,4,1,8.5,1.43,6.7,135.9,105,82,37.2,1,Medicaid,0,2,1,5.3,1
50,1,0,Emergency,2,Orthopedic,4,2,6.6,4.02,12.3,146.2,110,83,36.7,2,Private,0,0,1,4.5,1
78,1,0,Emergency,0,Cardiac,2,2,6.2,0.91,9.3,133.4,135,78,36.8,1,Medicaid,0,2,1,6.5,1
68,1,1,Urgent,0,Cardiac,1,3,5.7,1.25,10.6,137.3,111,46,36.9,1,Medicaid,0,1,0,3.5,1
80,1,1,Urgent,5,Infection,3,0,5.7,0.83,8.2,137.9,110,91,37.3,2,Private,0,1,0,3.7,1
74,0,0,Emergency,3,GI,2,4,8.9,2.03,5.2,133.6,121,94,36.2,2,Private,1,0,1,5.8,1
69,0,2,Elective,0,Cardiac,2,3,5.5,1.46,13.5,140.7,104,90,37.5,2,Private,0,0,0,3.7,1
67,0,0,Emergency,3,GI,1,1,6.4,1.12,7.4,139.8,112,79,37.7,2,Private,1,0,1,7.4,2
81,1,1,Urgent,4,Neurological,6,1,4.8,1.67,6.3,144.4,109,61,38.1,2,Private,1,0,0,7.7,2
78,1,1,Urgent,1,Respiratory,1,2,6.4,1.78,9.7,135.5,114,84,37.0,0,Medicare,0,2,0,3.3,1
67,1,1,Urgent,3,GI,2,0,8.3,0.69,8.5,140.0,180,78,37.3,0,Medicare,0,1,0,3.0,0
56,0,1,Urgent,1,Respiratory,3,1,4.5,1.43,16.2,138.1,129,117,36.7,0,Medicare,1,2,0,7.4,2
54,1,0,Emergency,0,Cardiac,4,3,4.8,1.37,9.4,136.3,145,74,38.4,0,Medicare,0,1,1,4.8,1
59,1,2,Elective,1,Respiratory,3,5,9.2,1.17,9.0,144.0,126,105,36.7,1,Medicaid,0,1,0,3.4,1
82,1,1,Urgent,4,Neurological,2,3,5.5,1.17,12.6,136.5,98,79,37.3,1,Medicaid,0,1,0,4.4,1
60,1,1,Urgent,2,Orthopedic,3,2,8.0,1.67,9.1,142.4,141,62,38.7,2,Private,0,1,0,3.7,1
74,0,1,Urgent,2,Orthopedic,6,2,5.6,0.61,11.3,135.5,121,78,37.8,1,Medicaid,0,2,0,3.0,0
41,0,0,Emergency,1,Respiratory,4,2,5.1,0.93,10.2,143.9,120,82,35.8,1,Medicaid,1,1,1,7.4,2
60,0,2,Elective,2,Orthopedic,3,1,10.5,1.23,12.5,137.4,130,75,37.1,0,Medicare,1,0,0,3.8,1
59,1,1,Urgent,1,Respiratory,5,0,6.1,0.92,12.7,134.1,132,78,37.4,0,Medicare,1,2,0,7.2,2
31,1,1,Urgent,3,GI,2,0,7.7,1.12,6.0,145.7,156,87,36.3,2,Private,0,1,0,3.3,1
81,0,2,Elective,0,Cardiac,1,2,6.3,1.0,5.2,139.9,125,81,39.0,2,Private,0,1,0,3.8,1
79,0,2,Elective,4,Neurological,5,2,6.2,1.87,4.9,141.9,103,93,35.7,3,Self-Pay,1,1,0,4.9,1
62,0,0,Emergency,0,Cardiac,2,2,8.8,1.17,10.4,134.2,127,93,37.9,0,Medicare,0,0,1,4.1,1
50,1,2,Elective,3,GI,5,1,5.8,2.54,14.1,137.2,150,77,37.2,2,Private,1,0,0,5.2,1
73,0,0,Emergency,2,Orthopedic,1,3,4.8,1.17,2.8,135.8,132,63,36.5,0,Medicare,1,2,1,6.7,1
72,0,1,Urgent,4,Neurological,8,4,6.0,1.91,15.5,137.3,127,83,37.7,0,Medicare,0,1,0,6.6,1
81,0,0,Emergency,4,Neurological,1,2,6.6,1.5,12.1,135.3,97,91,36.9,2,Private,0,0,1,5.5,1
85,0,0,Emergency,0,Cardiac,8,3,5.7,2.23,4.8,137.9,147,73,39.0,0,Medicare,0,2,1,6.9,1
65,1,0,Emergency,3,GI,4,1,5.3,1.01,7.7,135.4,161,75,37.6,0,Medicare,0,3,1,2.5,0
55,1,0,Emergency,0,Cardiac,5,1,4.2,1.29,5.8,142.9,134,89,37.6,2,Private,1,0,1,8.7,2
77,0,0,Emergency,0,Cardiac,1,3,5.5,0.65,13.3,131.7,134,100,37.2,2,Private,0,1,1,5.7,1
46,1,1,Urgent,5,Infection,1,1,4.0,0.61,11.6,141.5,136,121,36.0,2,Private,0,0,0,2.8,0
79,0,0,Emergency,0,Cardiac,2,1,4.8,1.71,7.8,137.9,132,89,35.5,1,Medicaid,1,2,1,8.7,2
85,1,1,Urgent,1,Respiratory,1,2,7.9,0.84,8.9,142.1,105,85,37.6,2,Private,0,0,0,5.4,1
67,0,0,Emergency,0,Cardiac,2,1,8.4,1.83,11.8,141.2,110,72,37.9,0,Medicare,0,1,1,6.3,1
68,0,0,Emergency,2,Orthopedic,2,0,6.6,1.14,8.1,142.9,129,114,36.4,0,Medicare,0,0,1,2.9,0
59,1,0,Emergency,5,Infection,6,1,4.0,1.75,6.1,138.6,98,114,36.9,0,Medicare,0,1,1,6.6,1
19,0,0,Emergency,1,Respiratory,7,5,5.6,1.67,8.6,145.6,147,87,37.6,3,Self-Pay,0,1,1,8.5,2
84,0,0,Emergency,2,Orthopedic,2,2,8.6,0.4,10.1,128.8,102,68,36.1,1,Medicaid,0,0,1,5.0,1
81,1,2,Elective,2,Orthopedic,1,2,7.3,1.02,5.3,138.6,157,53,38.1,0,Medicare,0,0,0,2.4,0
36,1,0,Emergency,1,Respiratory,3,2,4.4,0.73,7.9,143.2,135,80,37.6,0,Medicare,0,1,1,5.1,1
36,0,1,Urgent,3,GI,2,3,8.0,0.4,8.8,135.1,106,68,37.2,2,Private,0,1,0,5.1,1
75,1,0,Emergency,3,GI,2,1,5.8,0.86,9.1,138.7,94,107,38.7,2,Private,0,1,1,4.2,1
64,1,2,Elective,1,Respiratory,2,1,5.4,0.56,13.4,127.5,149,76,37.5,2,Private,1,1,0,6.1,1
77,1,0,Emergency,4,Neurological,2,3,7.1,1.14,11.0,131.7,124,93,37.6,2,Private,0,3,1,6.2,1
64,1,2,Elective,0,Cardiac,2,2,6.3,0.83,10.7,134.8,107,91,36.9,0,Medicare,0,1,0,3.9,1
30,1,0,Emergency,0,Cardiac,4,2,9.7,1.46,5.1,141.5,177,55,36.9,0,Medicare,0,1,1,5.7,1
72,0,0,Emergency,5,Infection,5,1,7.8,1.21,7.3,138.4,139,83,36.7,1,Medicaid,0,0,1,5.1,1
66,0,1,Urgent,4,Neurological,2,2,6.4,1.75,9.9,135.2,131,88,36.5,2,Private,0,1,0,4.4,1
28,0,1,Urgent,4,Neurological,1,5,7.6,1.71,8.8,136.8,108,96,38.0,0,Medicare,0,4,0,4.9,1
76,0,0,Emergency,3,GI,1,4,4.9,1.7,12.0,142.9,142,48,36.4,2,Private,0,1,1,1.1,0
66,1,0,Emergency,2,Orthopedic,5,3,9.3,1.33,11.3,138.0,129,120,37.4,0,Medicare,0,4,1,5.2,1
66,0,2,Elective,3,GI,1,4,7.2,1.0,1.8,139.9,122,74,36.5,2,Private,0,1,0,3.3,1
42,0,0,Emergency,0,Cardiac,6,4,10.6,0.93,9.8,145.0,146,55,37.3,0,Medicare,0,1,1,6.5,1
64,0,1,Urgent,4,Neurological,4,1,5.2,0.85,10.7,129.4,116,83,37.2,3,Self-Pay,0,2,0,4.6,1
61,0,1,Urgent,2,Orthopedic,6,4,4.0,1.06,1.8,132.4,120,81,36.5,2,Private,0,2,0,4.4,1
52,1,1,Urgent,5,Infection,3,3,6.1,1.73,10.2,137.2,146,76,37.6,1,Medicaid,0,0,0,2.8,0
38,1,0,Emergency,3,GI,2,4,4.0,1.8,18.6,145.1,138,82,36.5,3,Self-Pay,1,0,1,6.0,1
50,1,1,Urgent,0,Cardiac,4,4,10.6,0.58,7.2,136.8,118,104,37.2,2,Private,1,0,0,7.4,2
81,0,0,Emergency,2,Orthopedic,2,1,6.4,1.27,7.3,138.4,171,65,35.3,1,Medicaid,1,0,1,6.0,1
23,1,0,Emergency,0,Cardiac,4,4,4.2,1.2,9.8,137.7,145,111,37.7,3,Self-Pay,0,3,1,4.0,1
50,1,1,Urgent,4,Neurological,5,2,5.4,0.72,12.6,140.8,109,98,37.7,2,Private,1,1,0,8.3,2
76,1,2,Elective,2,Orthopedic,3,1,4.0,1.64,12.2,138.9,116,93,38.5,2,Private,0,1,0,2.4,0
54,1,0,Emergency,1,Respiratory,3,0,4.8,2.76,6.2,140.9,118,69,37.7,1,Medicaid,0,0,1,3.2,1
50,1,0,Emergency,5,Infection,1,1,9.5,0.96,10.1,133.7,135,88,36.1,0,Medicare,0,2,1,6.4,1
72,1,1,Urgent,5,Infection,1,3,7.4,1.14,7.7,140.3,148,111,36.0,1,Medicaid,1,0,0,7.1,2
62,1,0,Emergency,5,Infection,5,4,7.5,1.47,7.0,135.9,156,93,38.0,1,Medicaid,0,1,1,6.8,1
21,1,1,Urgent,1,Respiratory,4,1,7.1,3.55,12.0,138.2,92,63,38.5,0,Medicare,0,1,0,4.2,1
46,1,2,Elective,4,Neurological,1,2,6.5,1.74,17.5,137.2,131,58,35.6,1,Medicaid,0,3,0,5.2,1
66,1,2,Elective,5,Infection,5,2,4.0,0.86,8.3,142.0,126,58,37.0,0,Medicare,1,0,0,6.1,1
63,1,0,Emergency,3,GI,1,2,7.0,0.82,6.9,133.4,144,102,37.2,1,Medicaid,0,1,1,3.8,1
81,0,1,Urgent,0,Cardiac,5,3,10.7,1.16,5.2,137.8,144,66,36.8,2,Private,0,1,0,4.4,1
71,0,2,Elective,4,Neurological,3,3,8.2,1.12,13.0,139.6,147,84,37.3,2,Private,0,1,0,3.5,1
46,1,0,Emergency,5,Infection,3,2,7.2,1.64,16.6,141.6,124,97,37.8,3,Self-Pay,0,1,1,7.0,1
77,0,1,Urgent,3,GI,8,4,6.1,1.16,3.7,138.5,158,87,38.7,2,Private,1,3,0,5.4,1
84,1,0,Emergency,1,Respiratory,4,0,5.1,1.28,7.8,135.9,113,55,37.6,2,Private,1,0,1,5.0,1
68,0,0,Emergency,0,Cardiac,2,1,12.6,0.83,1.5,137.8,160,72,37.0,0,Medicare,0,0,1,5.2,1
77,0,2,Elective,3,GI,1,4,7.9,1.09,11.2,133.7,150,86,37.4,0,Medicare,0,3,0,3.4,1
84,1,1,Urgent,2,Orthopedic,4,2,6.6,1.45,6.7,139.0,107,78,36.3,1,Medicaid,1,2,0,6.7,1
79,1,0,Emergency,3,GI,4,1,6.1,3.1,5.6,145.4,93,104,37.2,1,Medicaid,1,0,1,7.3,2
83,1,2,Elective,0,Cardiac,4,0,4.9,1.14,6.8,134.3,122,77,37.4,2,Private,0,1,0,3.8,1
22,0,1,Urgent,0,Cardiac,1,0,9.3,1.32,4.3,137.7,95,90,37.0,1,Medicaid,0,1,0,5.4,1
77,1,2,Elective,1,Respiratory,5,2,7.0,0.93,13.2,134.9,108,90,36.3,0,Medicare,0,0,0,2.6,0
76,0,0,Emergency,1,Respiratory,5,1,7.6,0.82,11.8,138.1,120,79,36.9,1,Medicaid,0,0,1,6.6,1
83,0,0,Emergency,3,GI,4,2,4.3,1.46,13.7,133.0,95,82,36.9,1,Medicaid,0,0,1,4.3,1
55,0,0,Emergency,1,Respiratory,3,4,7.5,1.44,7.2,140.7,84,78,36.4,1,Medicaid,0,2,1,3.2,1
50,1,1,Urgent,3,GI,3,1,6.5,0.64,10.3,141.5,131,111,36.2,1,Medicaid,0,1,0,1.0,0
50,0,0,Emergency,4,Neurological,2,3,7.2,0.63,10.6,125.6,160,98,36.2,2,Private,1,0,1,6.1,1
38,1,0,Emergency,0,Cardiac,6,1,6.0,1.79,10.8,147.0,148,116,37.7,0,Medicare,1,1,1,6.7,1
49,0,2,Elective,5,Infection,1,3,6.3,0.82,7.3,138.2,80,80,36.6,1,Medicaid,0,1,0,5.5,1
43,0,2,Elective,4,Neurological,7,2,7.4,1.24,11.1,140.6,117,55,36.6,3,Self-Pay,0,5,0,8.7,2
23,0,1,Urgent,3,GI,4,1,4.8,1.32,12.0,134.9,127,49,38.5,2,Private,0,1,0,3.9,1
32,1,2,Elective,5,Infection,4,4,4.7,1.25,9.8,139.2,151,62,36.6,2,Private,0,3,0,5.1,1
58,1,2,Elective,1,Respiratory,3,2,4.0,1.04,9.9,137.1,130,90,38.3,0,Medicare,1,3,0,3.6,1
50,0,1,Urgent,2,Orthopedic,2,3,6.7,1.55,15.3,139.0,129,94,38.3,0,Medicare,0,2,0,4.3,1
22,1,1,Urgent,0,Cardiac,2,0,7.3,1.99,11.7,135.4,133,94,37.0,1,Medicaid,1,2,0,5.3,1
55,1,2,Elective,2,Orthopedic,2,3,4.7,1.16,6.2,142.7,81,123,37.5,3,Self-Pay,1,2,0,7.0,1
51,1,1,Urgent,2,Orthopedic,5,0,4.2,0.62,7.9,132.9,111,63,36.2,0,Medicare,0,1,0,2.3,0
76,1,0,Emergency,3,GI,8,1,6.4,0.7,14.8,141.6,136,80,36.3,3,Self-Pay,0,1,1,6.5,1
63,0,0,Emergency,0,Cardiac,2,3,7.7,2.2,18.3,139.2,132,97,37.8,0,Medicare,0,1,1,8.1,2
35,1,0,Emergency,0,Cardiac,4,3,4.0,0.82,7.0,137.2,92,82,38.4,1,Medicaid,0,1,1,6.5,1
55,1,2,Elective,2,Orthopedic,5,4,5.7,1.78,10.9,137.2,118,62,37.7,0,Medicare,0,3,0,4.5,1
55,1,1,Urgent,0,Cardiac,1,3,8.5,0.64,10.4,134.9,137,94,36.9,0,Medicare,0,0,0,4.6,1
82,1,2,Elective,4,Neurological,5,1,5.1,0.66,10.7,133.8,117,78,36.9,0,Medicare,1,1,0,5.9,1
26,0,2,Elective,3,GI,5,0,5.4,1.41,6.2,138.6,127,78,37.2,1,Medicaid,0,2,0,3.6,1
50,0,0,Emergency,1,Respiratory,2,1,7.8,0.84,11.0,145.4,90,74,38.0,0,Medicare,0,0,1,3.7,1
60,1,1,Urgent,0,Cardiac,2,2,6.2,2.11,6.2,130.7,138,71,36.8,1,Medicaid,0,1,0,3.0,0
80,1,0,Emergency,0,Cardiac,1,2,7.3,1.15,2.8,139.2,135,93,37.0,0,Medicare,0,1,1,4.6,1
64,0,0,Emergency,3,GI,4,0,8.0,0.78,11.9,137.0,116,100,37.7,0,Medicare,1,0,1,6.4,1
75,0,2,Elective,5,Infection,4,2,9.2,0.66,15.4,144.7,127,116,38.1,2,Private,0,1,0,4.8,1
61,1,1,Urgent,1,Respiratory,4,6,8.5,2.69,7.6,131.6,110,73,37.0,0,Medicare,0,1,0,5.3,1
86,0,2,Elective,4,Neurological,4,2,9.8,1.07,9.1,137.2,103,87,36.8,0,Medicare,0,0,0,4.2,1
73,0,0,Emergency,5,Infection,2,1,10.0,1.12,5.8,139.1,131,96,36.8,0,Medicare,1,1,1,7.6,2
27,0,1,Urgent,0,Cardiac,4,3,7.6,1.05,9.7,130.7,107,105,37.9,2,Private,0,1,0,2.9,0
60,1,0,Emergency,5,Infection,3,4,6.8,1.28,8.6,146.5,132,68,37.4,0,Medicare,0,1,1,6.5,1
71,1,1,Urgent,2,Orthopedic,2,1,6.1,1.29,6.0,140.7,179,79,36.6,1,Medicaid,1,2,0,5.5,1
87,1,0,Emergency,5,Infection,2,2,5.2,1.18,6.9,140.3,127,82,38.7,1,Medicaid,0,0,1,5.6,1
50,1,1,Urgent,2,Orthopedic,2,2,4.0,0.53,2.0,142.5,133,72,37.7,2,Private,0,1,0,4.6,1
82,0,0,Emergency,1,Respiratory,3,3,5.6,1.62,3.0,133.7,128,74,37.4,1,Medicaid,0,3,1,4.1,1
71,0,0,Emergency,5,Infection,1,2,8.6,1.04,2.1,140.9,88,65,37.2,1,Medicaid,0,1,1,6.1,1
39,1,1,Urgent,1,Respiratory,4,2,5.1,1.87,6.6,136.6,115,100,36.8,2,Private,0,0,0,3.9,1
46,0,1,Urgent,5,Infection,4,4,9.0,2.43,7.9,132.1,80,78,36.0,1,Medicaid,0,1,0,8.0,2
44,1,1,Urgent,0,Cardiac,7,2,6.4,1.15,10.2,141.8,141,73,37.9,0,Medicare,1,1,0,9.3,2
61,1,1,Urgent,3,GI,5,1,8.5,1.26,12.4,128.0,111,67,36.8,2,Private,0,1,0,2.2,0
73,0,2,Elective,2,Orthopedic,2,1,8.4,1.0,3.9,140.0,119,87,36.8,3,Self-Pay,0,1,0,2.5,0
79,1,2,Elective,5,Infection,6,2,5.3,0.64,12.5,139.1,120,108,37.1,2,Private,0,2,0,7.3,2
78,1,0,Emergency,0,Cardiac,8,4,9.7,2.22,7.9,146.9,125,80,36.8,3,Self-Pay,0,1,1,7.5,2
30,1,0,Emergency,2,Orthopedic,5,4,9.9,0.97,11.3,133.5,153,84,38.2,2,Private,0,0,1,3.2,1
57,0,1,Urgent,3,GI,1,1,7.5,1.28,11.3,137.4,97,88,36.3,0,Medicare,1,2,0,5.3,1
60,0,0,Emergency,5,Infection,1,0,4.0,0.54,9.8,138.0,121,82,36.9,0,Medicare,1,1,1,6.9,1
52,1,0,Emergency,1,Respiratory,5,2,5.0,0.71,10.4,140.2,87,58,36.1,0,Medicare,0,1,1,3.5,1
31,1,0,Emergency,1,Respiratory,2,0,4.0,0.42,11.4,141.0,141,79,36.6,0,Medicare,0,0,1,2.1,0
76,0,0,Emergency,2,Orthopedic,1,2,6.2,1.24,17.8,137.5,95,75,36.8,0,Medicare,0,0,1,4.9,1
74,1,1,Urgent,1,Respiratory,2,1,5.4,0.77,18.9,139.7,140,92,38.1,0,Medicare,1,2,0,8.1,2
59,1,0,Emergency,4,Neurological,4,0,7.3,0.94,7.8,140.3,131,88,37.0,1,Medicaid,0,2,1,5.1,1
69,1,0,Emergency,0,Cardiac,3,1,4.3,1.24,14.0,141.2,114,80,37.4,2,Private,1,1,1,5.0,1
50,0,2,Elective,3,GI,1,1,4.0,0.58,9.2,139.1,150,89,36.4,0,Medicare,0,2,0,4.0,1
86,0,2,Elective,2,Orthopedic,5,2,8.3,0.91,11.2,136.8,150,81,37.1,1,Medicaid,0,1,0,4.8,1
71,0,2,Elective,1,Respiratory,7,2,8.4,1.29,6.6,147.7,122,66,37.1,0,Medicare,1,1,0,6.0,1
64,0,0,Emergency,2,Orthopedic,5,6,4.0,1.23,13.1,135.5,126,73,35.4,2,Private,0,1,1,6.1,1
50,1,0,Emergency,4,Neurological,2,2,5.5,0.43,11.1,135.0,103,86,36.8,2,Private,0,2,1,3.6,1
69,0,0,Emergency,2,Orthopedic,1,3,5.8,1.41,13.3,138.1,155,72,38.3,1,Medicaid,0,1,1,2.3,0
71,1,0,Emergency,0,Cardiac,2,0,5.4,0.7,6.7,136.8,127,103,36.7,2,Private,0,1,1,6.2,1
73,0,0,Emergency,0,Cardiac,3,0,8.8,1.26,1.5,148.5,161,76,38.2,2,Private,1,1,1,6.9,1
77,1,2,Elective,4,Neurological,1,3,6.8,1.27,16.1,134.0,157,67,38.1,1,Medicaid,0,1,0,4.3,1
26,0,2,Elective,1,Respiratory,5,4,4.0,2.15,6.7,136.0,124,109,36.1,1,Medicaid,0,2,0,4.8,1
65,0,2,Elective,5,Infection,7,3,7.8,1.16,8.7,138.4,96,88,36.8,0,Medicare,0,2,0,4.3,1
72,0,1,Urgent,3,GI,3,3,6.7,0.94,15.6,144.0,130,109,35.9,1,Medicaid,0,0,0,3.8,1
85,1,1,Urgent,2,Orthopedic,1,3,6.6,0.73,5.5,133.3,112,88,37.2,0,Medicare,0,1,0,4.1,1
62,0,2,Elective,3,GI,1,0,7.7,1.36,11.0,142.1,125,72,38.7,2,Private,1,0,0,3.9,1
81,0,2,Elective,2,Orthopedic,5,2,4.0,0.6,16.3,141.6,145,81,38.3,0,Medicare,0,1,0,6.2,1
76,0,1,Urgent,5,Infection,2,2,6.5,0.82,10.1,139.7,159,75,37.2,2,Private,1,2,0,8.9,2
66,1,0,Emergency,2,Orthopedic,3,1,7.4,0.4,16.4,135.1,119,100,37.1,2,Private,0,1,1,4.8,1
41,1,0,Emergency,0,Cardiac,5,4,5.5,0.59,9.3,135.1,182,85,38.8,0,Medicare,0,1,1,5.4,1
89,1,1,Urgent,3,GI,4,2,5.7,1.77,12.7,137.1,106,127,36.4,3,Self-Pay,0,3,0,3.7,1
32,1,0,Emergency,3,GI,3,1,5.7,0.78,8.6,139.7,118,86,37.7,0,Medicare,0,0,1,3.4,1
50,0,2,Elective,4,Neurological,2,1,8.1,1.0,6.3,141.9,152,122,35.9,2,Private,0,1,0,3.6,1
34,1,1,Urgent,5,Infection,2,2,4.5,0.76,9.8,136.5,108,76,35.9,2,Private,0,1,0,5.6,1
79,0,1,Urgent,2,Orthopedic,2,0,6.1,1.85,1.5,133.5,150,69,36.4,0,Medicare,0,1,0,5.1,1
34,0,0,Emergency,1,Respiratory,1,2,5.6,0.98,5.7,134.9,132,89,36.8,2,Private,0,1,1,4.2,1
29,1,1,Urgent,2,Orthopedic,2,4,9.1,1.18,8.4,136.8,119,75,37.3,3,Self-Pay,0,0,0,2.2,0
59,1,0,Emergency,5,Infection,3,6,6.7,0.81,10.3,140.4,154,102,37.7,0,Medicare,0,1,1,5.2,1
44,0,1,Urgent,5,Infection,8,2,6.5,2.85,15.2,134.9,112,91,36.4,0,Medicare,1,2,0,11.2,2
39,0,0,Emergency,5,Infection,4,5,4.0,0.63,8.1,134.0,135,70,37.6,0,Medicare,0,0,1,5.4,1
79,1,2,Elective,1,Respiratory,2,1,4.0,0.91,6.4,137.2,161,84,39.1,2,Private,1,3,0,4.8,1
50,1,1,Urgent,2,Orthopedic,4,3,7.8,2.19,10.0,139.0,94,108,36.7,1,Medicaid,0,0,0,2.6,0
90,0,1,Urgent,1,Respiratory,1,0,6.1,1.08,6.7,139.6,126,97,37.3,2,Private,1,0,0,4.8,1
55,0,2,Elective,1,Respiratory,3,0,7.6,1.42,3.3,136.5,163,61,37.7,0,Medicare,0,1,0,4.2,1
52,1,2,Elective,0,Cardiac,1,3,7.9,1.54,6.6,138.0,126,108,38.2,0,Medicare,1,1,0,6.3,1
20,1,0,Emergency,0,Cardiac,2,2,8.6,1.48,5.1,132.8,107,99,35.6,2,Private,1,1,1,5.2,1
82,1,2,Elective,1,Respiratory,6,1,4.5,1.9,11.7,136.8,168,91,37.1,1,Medicaid,0,0,0,5.4,1
25,0,0,Emergency,1,Respiratory,2,5,9.7,1.65,6.5,138.0,146,104,38.9,0,Medicare,0,0,1,6.5,1
64,1,1,Urgent,1,Respiratory,6,3,7.1,0.48,11.7,144.4,131,86,35.2,0,Medicare,0,2,0,3.4,1
27,0,0,Emergency,1,Respiratory,7,1,7.3,1.61,6.6,142.1,131,73,36.9,0,Medicare,0,0,1,4.3,1
72,1,1,Urgent,4,Neurological,4,5,4.0,0.98,10.1,139.4,109,105,37.8,0,Medicare,0,0,0,5.9,1
70,0,1,Urgent,1,Respiratory,4,1,7.6,1.45,11.0,132.6,136,65,36.7,2,Private,0,1,0,5.6,1
29,0,1,Urgent,3,GI,1,0,5.0,0.68,6.6,139.7,166,71,38.3,0,Medicare,0,1,0,2.3,0
74,0,1,Urgent,1,Respiratory,3,1,6.7,1.64,5.5,135.4,118,112,36.8,0,Medicare,1,1,0,4.3,1
29,1,1,Urgent,4,Neurological,3,3,9.8,0.95,11.7,128.5,135,70,38.0,0,Medicare,0,1,0,3.4,1
53,1,0,Emergency,0,Cardiac,4,2,7.2,0.94,6.0,141.8,148,89,37.9,1,Medicaid,0,4,1,5.9,1
50,1,2,Elective,0,Cardiac,5,2,6.9,1.71,4.0,140.6,128,87,36.9,2,Private,0,1,0,2.7,0
53,1,1,Urgent,3,GI,3,5,7.2,0.9,6.0,135.0,111,62,37.8,1,Medicaid,0,2,0,6.4,1
74,1,1,Urgent,5,Infection,4,3,5.2,1.16,6.6,140.1,118,75,36.6,0,Medicare,0,0,0,4.0,1
50,0,2,Elective,0,Cardiac,10,1,4.0,1.24,12.7,138.1,122,63,38.4,0,Medicare,1,1,0,7.9,2
78,1,0,Emergency,0,Cardiac,4,2,7.6,1.3,2.3,135.9,115,84,38.3,0,Medicare,0,2,1,5.5,1
28,0,1,Urgent,5,Infection,2,1,6.7,1.0,14.1,140.1,140,73,38.9,0,Medicare,0,0,0,4.5,1
35,0,1,Urgent,0,Cardiac,2,0,8.8,1.0,6.2,142.7,80,96,38.6,0,Medicare,0,1,0,5.3,1
30,1,0,Emergency,1,Respiratory,1,2,4.9,0.93,9.9,136.2,139,114,37.9,2,Private,0,0,1,2.5,0
55,0,0,Emergency,5,Infection,1,2,4.2,1.72,11.8,134.6,113,77,36.7,3,Self-Pay,0,0,1,3.7,1
50,1,2,Elective,4,Neurological,3,1,7.8,1.24,8.2,142.8,113,96,38.4,0,Medicare,0,1,0,3.4,1
50,0,0,Emergency,1,Respiratory,2,0,5.3,1.79,5.6,144.5,120,40,37.9,2,Private,0,1,1,3.5,1
26,1,1,Urgent,5,Infection,4,1,4.0,1.63,15.2,144.9,92,91,36.7,0,Medicare,0,1,0,6.6,1
71,1,1,Urgent,3,GI,3,2,5.5,1.57,8.0,141.5,118,101,37.1,0,Medicare,0,2,0,2.4,0
50,0,1,Urgent,0,Cardiac,5,1,4.6,0.93,7.6,134.0,120,77,37.2,1,Medicaid,0,0,0,4.5,1
38,1,1,Urgent,3,GI,2,3,4.0,1.21,16.0,132.6,143,52,36.3,0,Medicare,1,0,0,6.2,1
32,1,2,Elective,2,Orthopedic,9,1,7.3,0.49,7.4,143.0,123,91,36.6,0,Medicare,1,0,0,5.4,1
60,0,0,Emergency,3,GI,6,1,7.5,0.59,1.7,139.7,105,88,38.1,0,Medicare,0,0,1,5.0,1
67,0,1,Urgent,5,Infection,4,1,5.9,0.4,14.6,140.6,128,92,37.7,2,Private,0,1,0,5.6,1
24,0,1,Urgent,0,Cardiac,3,2,9.8,1.0,5.2,132.2,132,85,39.2,0,Medicare,0,1,0,4.3,1
36,1,0,Emergency,3,GI,2,4,6.0,2.07,15.9,140.3,117,86,36.4,0,Medicare,0,2,1,3.8,1
72,1,2,Elective,2,Orthopedic,3,0,7.7,1.55,9.7,141.9,152,64,37.2,0,Medicare,0,1,0,3.5,1
65,1,2,Elective,1,Respiratory,2,0,4.0,0.85,8.8,132.6,106,93,37.0,2,Private,0,1,0,2.3,0
59,0,0,Emergency,3,GI,2,0,4.4,2.14,4.4,140.7,128,108,37.7,0,Medicare,1,0,1,5.8,1
88,0,1,Urgent,3,GI,3,0,8.4,1.04,11.0,134.8,137,65,37.0,0,Medicare,0,3,0,4.0,1
44,0,1,Urgent,4,Neurological,4,1,8.6,2.26,5.4,135.7,146,81,36.3,2,Private,0,4,0,5.9,1
67,0,0,Emergency,5,Infection,3,2,6.1,0.56,10.9,139.0,106,71,36.7,2,Private,0,2,1,5.8,1
65,1,2,Elective,3,GI,3,2,7.6,1.18,9.4,140.4,138,74,38.2,0,Medicare,0,0,0,1.0,0
39,1,1,Urgent,1,Respiratory,1,1,7.1,0.74,13.6,135.6,134,86,36.8,0,Medicare,0,0,0,5.2,1
28,0,1,Urgent,2,Orthopedic,4,3,7.5,1.1,6.0,146.2,109,86,37.4,2,Private,0,2,0,4.1,1
26,1,0,Emergency,1,Respiratory,4,1,4.7,0.51,4.5,141.7,144,76,37.1,0,Medicare,0,2,1,4.3,1
30,0,0,Emergency,1,Respiratory,2,3,11.1,0.85,6.8,139.8,121,104,36.6,0,Medicare,0,0,1,2.0,0
48,1,0,Emergency,3,GI,4,1,12.4,1.76,10.2,135.6,121,95,37.6,2,Private,0,0,1,5.4,1
50,0,1,Urgent,3,GI,4,3,5.4,1.48,14.1,142.2,135,91,37.9,2,Private,1,2,0,5.8,1
69,1,1,Urgent,3,GI,2,2,6.3,1.47,7.3,131.4,133,110,37.9,1,Medicaid,0,1,0,2.9,0
68,0,0,Emergency,5,Infection,2,3,7.9,1.1,8.3,133.2,113,81,37.3,1,Medicaid,1,1,1,7.6,2
53,1,0,Emergency,1,Respiratory,2,1,8.2,0.89,9.5,136.5,92,74,38.0,2,Private,1,3,1,6.0,1
64,0,1,Urgent,1,Respiratory,4,1,5.6,1.03,5.9,136.8,130,92,36.2,1,Medicaid,0,2,0,4.6,1
74,0,1,Urgent,3,GI,3,3,7.8,1.41,4.4,134.0,117,78,36.9,2,Private,1,2,0,4.5,1
59,1,1,Urgent,3,GI,4,1,6.2,1.5,8.7,141.9,128,106,37.1,2,Private,1,1,0,6.7,1
50,0,1,Urgent,0,Cardiac,3,2,4.4,0.57,12.0,133.2,121,80,37.2,2,Private,0,1,0,4.3,1
52,1,0,Emergency,1,Respiratory,5,4,5.9,1.22,7.9,144.5,130,96,38.6,3,Self-Pay,0,0,1,3.5,1
30,1,0,Emergency,1,Respiratory,3,0,7.0,1.37,12.1,140.0,100,68,36.5,1,Medicaid,0,0,1,5.2,1
70,1,0,Emergency,4,Neurological,4,1,7.2,0.85,3.4,138.2,124,69,36.7,0,Medicare,0,2,1,4.4,1
71,1,2,Elective,5,Infection,1,3,5.0,1.49,8.7,138.1,118,74,36.8,1,Medicaid,0,0,0,3.7,1
67,0,0,Emergency,1,Respiratory,2,1,6.0,0.71,1.5,133.8,130,86,37.9,2,Private,1,2,1,5.7,1
79,1,1,Urgent,0,Cardiac,1,2,8.0,1.34,10.2,144.3,122,97,37.5,2,Private,1,3,0,6.9,1
76,0,1,Urgent,0,Cardiac,6,2,7.6,0.4,5.7,128.8,135,108,38.7,0,Medicare,0,1,0,3.7,1
50,1,2,Elective,0,Cardiac,4,3,6.5,0.91,11.8,137.6,80,78,37.1,0,Medicare,1,0,0,5.7,1
81,0,2,Elective,1,Respiratory,1,2,6.4,0.85,1.5,137.5,109,83,37.6,0,Medicare,0,1,0,4.8,1
58,1,2,Elective,1,Respiratory,1,3,8.7,2.12,12.7,139.3,137,78,37.7,0,Medicare,0,1,0,5.4,1
70,0,1,Urgent,2,Orthopedic,5,1,8.6,1.0,3.8,139.4,118,81,36.3,2,Private,0,4,0,4.1,1
50,0,1,Urgent,1,Respiratory,2,1,5.7,0.73,7.0,131.3,158,74,37.1,0,Medicare,0,0,0,4.9,1
86,0,2,Elective,3,GI,2,1,4.0,1.83,5.7,136.6,141,63,37.0,2,Private,0,6,0,3.4,1
82,0,2,Elective,1,Respiratory,4,3,4.0,1.19,11.5,135.6,132,82,37.7,1,Medicaid,0,1,0,3.9,1
82,0,2,Elective,4,Neurological,4,2,4.0,1.32,9.8,142.7,92,76,38.9,2,Private,1,1,0,5.5,1
51,0,0,Emergency,5,Infection,2,2,6.3,0.87,11.9,136.9,159,94,36.7,2,Private,0,3,1,6.6,1
47,1,0,Emergency,2,Orthopedic,3,4,7.6,2.19,10.4,138.5,115,73,37.7,0,Medicare,1,1,1,7.1,2
62,0,1,Urgent,0,Cardiac,5,0,7.8,1.0,7.3,140.9,135,72,37.0,2,Private,0,1,0,4.4,1
67,1,1,Urgent,1,Respiratory,1,2,4.9,1.01,5.6,130.4,102,85,36.5,0,Medicare,0,5,0,6.2,1
52,0,2,Elective,0,Cardiac,3,1,5.5,1.39,11.0,129.6,146,69,36.8,0,Medicare,0,1,0,3.2,1
51,0,2,Elective,1,Respiratory,7,2,6.3,1.45,10.8,137.5,130,90,37.5,2,Private,0,1,0,1.1,0
80,1,1,Urgent,3,GI,1,2,6.3,3.36,6.5,139.8,141,96,37.6,0,Medicare,0,3,0,5.5,1
82,1,0,Emergency,2,Orthopedic,5,0,5.6,1.91,5.6,139.2,146,73,37.8,0,Medicare,0,2,1,2.1,0
31,1,2,Elective,1,Respiratory,2,2,11.1,1.3,10.1,133.5,142,55,37.1,0,Medicare,1,1,0,4.6,1
80,1,0,Emergency,4,Neurological,1,2,7.1,0.73,13.6,139.3,119,92,36.5,0,Medicare,0,0,1,3.3,1
50,0,0,Emergency,0,Cardiac,1,1,4.5,0.72,9.0,135.6,121,78,36.3,0,Medicare,0,1,1,4.0,1
36,1,1,Urgent,1,Respiratory,3,2,6.5,1.19,8.2,136.4,119,64,36.6,2,Private,1,1,0,6.0,1
78,1,0,Emergency,3,GI,2,3,5.7,2.64,8.0,143.2,145,59,35.8,0,Medicare,0,1,1,4.5,1
31,0,0,Emergency,0,Cardiac,3,2,6.0,2.15,3.9,141.1,131,89,36.7,0,Medicare,0,1,1,5.1,1
35,1,0,Emergency,3,GI,4,3,4.9,1.46,13.1,142.0,108,67,37.1,1,Medicaid,0,1,1,2.3,0
28,1,0,Emergency,5,Infection,2,1,5.0,0.6,8.2,134.4,162,115,35.7,0,Medicare,0,0,1,5.3,1
54,0,1,Urgent,4,Neurological,2,3,4.0,0.73,6.0,145.0,133,67,36.6,1,Medicaid,0,1,0,7.3,2
52,1,0,Emergency,0,Cardiac,2,4,6.1,0.98,3.1,137.1,148,87,37.1,1,Medicaid,1,2,1,8.9,2
42,1,1,Urgent,2,Orthopedic,1,2,6.5,1.13,11.6,140.7,109,85,38.1,2,Private,0,1,0,2.6,0
85,1,0,Emergency,2,Orthopedic,3,0,5.5,0.96,11.9,144.0,144,61,37.1,1,Medicaid,0,2,1,1.4,0
90,0,2,Elective,5,Infection,4,0,8.1,1.97,9.6,134.4,145,105,38.8,2,Private,1,2,0,7.7,2
51,1,0,Emergency,5,Infection,6,0,6.4,2.17,11.2,134.7,155,68,38.1,2,Private,0,0,1,6.4,1
74,0,0,Emergency,0,Cardiac,6,4,6.6,0.97,8.5,142.4,106,120,37.0,0,Medicare,1,3,1,6.8,1
50,0,0,Emergency,5,Infection,5,1,6.9,0.95,4.8,140.1,104,66,36.3,0,Medicare,1,1,1,7.9,2
38,0,0,Emergency,0,Cardiac,4,7,6.4,0.98,13.4,139.9,140,107,36.2,0,Medicare,0,1,1,5.0,1
77,1,1,Urgent,1,Respiratory,3,1,6.6,0.94,12.0,137.8,116,72,36.9,1,Medicaid,0,0,0,2.8,0
66,1,1,Urgent,1,Respiratory,4,0,4.0,1.38,5.9,135.6,150,100,36.5,0,Medicare,0,1,0,4.2,1
76,1,2,Elective,1,Respiratory,3,2,8.5,1.02,12.2,133.1,170,89,37.8,1,Medicaid,0,0,0,4.0,1
72,1,2,Elective,4,Neurological,4,4,4.1,1.88,12.9,141.1,121,56,38.4,2,Private,1,0,0,7.5,2
32,0,1,Urgent,1,Respiratory,2,2,8.2,1.05,9.3,133.9,119,110,35.8,2,Private,0,0,0,4.2,1
37,0,0,Emergency,4,Neurological,2,7,7.1,0.82,7.3,140.0,113,63,38.4,0,Medicare,0,1,1,6.7,1
71,1,1,Urgent,5,Infection,1,4,5.5,1.17,10.5,138.1,125,82,39.4,2,Private,0,3,0,3.4,1
18,1,0,Emergency,4,Neurological,1,3,7.2,1.07,9.3,137.3,142,69,37.4,1,Medicaid,0,0,1,4.0,1
42,1,1,Urgent,1,Respiratory,2,3,6.0,1.18,6.9,137.7,123,83,36.5,2,Private,0,0,0,2.7,0
84,0,0,Emergency,3,GI,3,1,8.3,1.04,13.3,135.1,165,93,37.4,1,Medicaid,0,1,1,6.7,1
33,0,2,Elective,2,Orthopedic,1,4,5.2,0.47,11.9,140.4,151,78,37.3,1,Medicaid,0,0,0,3.6,1
79,0,2,Elective,4,Neurological,2,2,6.5,0.87,10.0,137.7,136,62,37.9,2,Private,1,2,0,8.5,2
27,0,0,Emergency,0,Cardiac,2,3,5.2,1.72,8.0,138.0,127,73,36.9,0,Medicare,0,0,1,4.6,1
38,0,1,Urgent,3,GI,1,3,4.8,0.92,13.6,133.8,89,84,37.6,0,Medicare,1,1,0,5.2,1
28,1,1,Urgent,4,Neurological,4,0,6.3,0.51,6.8,136.9,157,68,37.2,2,Private,0,2,0,4.9,1
70,1,0,Emergency,4,Neurological,5,2,9.0,1.21,10.8,138.8,123,94,36.2,0,Medicare,0,0,1,5.9,1
55,1,2,Elective,5,Infection,2,3,7.4,1.74,7.0,139.5,148,66,37.3,1,Medicaid,1,1,0,6.4,1
38,0,0,Emergency,0,Cardiac,4,2,6.2,2.44,14.2,138.5,124,91,36.9,1,Medicaid,0,2,1,5.3,1
28,0,0,Emergency,1,Respiratory,5,4,6.3,1.6,7.4,137.9,88,73,36.9,1,Medicaid,0,0,1,5.0,1
61,1,2,Elective,2,Orthopedic,3,4,4.0,1.85,7.9,136.7,122,118,36.3,2,Private,0,2,0,5.6,1
23,1,0,Emergency,1,Respiratory,1,0,5.0,1.67,8.3,136.8,141,91,38.6,0,Medicare,0,2,1,1.1,0
53,1,0,Emergency,1,Respiratory,1,1,5.1,1.24,6.0,139.3,99,96,37.5,1,Medicaid,0,1,1,3.6,1
63,1,1,Urgent,0,Cardiac,4,3,6.8,0.7,15.5,142.6,139,76,37.5,2,Private,0,1,0,6.4,1
50,1,1,Urgent,4,Neurological,6,1,8.3,1.11,11.3,146.0,133,95,36.9,0,Medicare,0,1,0,6.4,1
61,0,1,Urgent,5,Infection,1,2,6.2,1.58,9.4,142.5,100,82,36.2,1,Medicaid,0,3,0,4.7,1
27,0,1,Urgent,0,Cardiac,4,3,6.9,1.19,7.1,141.7,119,79,36.1,0,Medicare,0,0,0,5.6,1
74,1,0,Emergency,0,Cardiac,4,1,6.6,1.96,11.0,143.6,106,89,36.9,1,Medicaid,0,0,1,4.8,1
58,0,1,Urgent,1,Respiratory,5,4,6.8,1.29,5.2,140.0,129,63,37.7,0,Medicare,0,0,0,5.3,1
22,0,0,Emergency,2,Orthopedic,3,4,6.5,0.99,4.4,139.8,101,74,37.9,2,Private,0,0,1,3.5,1
69,0,2,Elective,4,Neurological,2,1,7.2,1.41,6.3,136.7,163,72,36.4,0,Medicare,0,1,0,2.6,0
44,0,0,Emergency,0,Cardiac,1,2,5.2,0.82,11.8,137.5,126,112,35.4,2,Private,1,0,1,5.8,1
61,1,0,Emergency,3,GI,6,0,8.1,1.2,12.0,138.7,130,103,37.7,2,Private,0,0,1,4.3,1
44,0,2,Elective,0,Cardiac,2,2,4.6,1.03,9.4,137.1,145,71,36.7,0,Medicare,0,1,0,5.4,1
66,0,2,Elective,5,Infection,4,1,4.0,0.72,8.3,134.7,115,93,37.6,1,Medicaid,1,0,0,7.3,2
62,1,2,Elective,5,Infection,1,3,6.8,1.62,8.9,137.9,131,76,37.7,2,Private,0,1,0,4.0,1
50,1,0,Emergency,5,Infection,3,2,6.4,0.76,11.3,137.2,131,93,37.6,1,Medicaid,1,1,1,9.8,2
74,1,1,Urgent,0,Cardiac,1,2,5.9,1.31,1.8,133.9,112,97,37.1,0,Medicare,0,2,0,3.5,1
69,1,0,Emergency,2,Orthopedic,3,3,5.8,0.98,10.4,143.7,115,79,39.0,0,Medicare,0,0,1,5.9,1
60,1,2,Elective,0,Cardiac,3,1,7.7,1.34,11.7,134.6,143,70,36.0,2,Private,1,0,0,5.9,1
55,1,0,Emergency,3,GI,3,2,5.0,1.18,11.7,139.6,122,85,36.0,3,Self-Pay,0,1,1,4.9,1
61,0,0,Emergency,1,Respiratory,3,1,4.7,0.89,10.1,139.0,121,81,35.5,0,Medicare,0,1,1,3.9,1
60,0,1,Urgent,4,Neurological,4,2,7.4,1.14,11.0,133.5,162,85,37.0,2,Private,0,1,0,6.9,1
51,1,0,Emergency,3,GI,2,1,7.9,1.2,14.5,139.1,160,92,37.2,2,Private,0,2,1,2.9,0
91,1,1,Urgent,3,GI,2,2,5.1,2.05,6.7,139.6,113,86,35.9,2,Private,0,2,0,4.8,1
26,1,2,Elective,4,Neurological,5,2,8.8,2.67,8.8,137.7,121,93,37.9,0,Medicare,0,1,0,5.1,1
56,1,1,Urgent,2,Orthopedic,1,3,6.0,0.75,8.3,137.8,155,78,38.4,3,Self-Pay,1,2,0,5.0,1
83,1,0,Emergency,1,Respiratory,4,1,5.9,0.86,13.1,135.7,161,84,37.6,2,Private,0,0,1,2.8,0
34,0,2,Elective,3,GI,3,1,6.8,0.41,7.9,148.4,147,71,37.5,1,Medicaid,0,2,0,2.5,0
82,0,0,Emergency,5,Infection,2,1,6.6,0.69,5.9,137.7,144,75,35.0,0,Medicare,1,1,1,7.6,2
80,0,0,Emergency,3,GI,2,2,8.0,0.76,6.6,139.8,122,95,37.0,2,Private,0,1,1,3.0,0
61,0,1,Urgent,3,GI,2,1,10.8,0.45,3.6,136.6,105,51,37.1,2,Private,0,2,0,4.2,1
55,0,0,Emergency,5,Infection,3,1,4.7,0.56,8.3,134.0,119,100,38.1,1,Medicaid,0,2,1,5.5,1
80,0,0,Emergency,2,Orthopedic,2,1,5.8,1.02,8.6,137.8,135,85,36.6,2,Private,0,1,1,3.5,1
50,1,0,Emergency,5,Infection,3,4,5.9,0.92,4.4,135.5,124,66,38.1,0,Medicare,0,0,1,7.3,2
45,1,2,Elective,0,Cardiac,1,3,10.0,0.95,6.9,141.2,87,93,37.9,2,Private,1,1,0,6.1,1
81,1,2,Elective,2,Orthopedic,3,1,4.0,0.79,7.7,137.1,129,86,37.8,2,Private,1,2,0,5.2,1
51,1,1,Urgent,0,Cardiac,4,1,6.2,4.1,12.0,138.3,150,90,37.4,2,Private,0,3,0,7.1,2
51,0,0,Emergency,2,Orthopedic,4,3,7.5,1.37,6.0,130.4,177,85,35.3,2,Private,0,0,1,3.8,1
61,1,0,Emergency,0,Cardiac,7,3,8.5,1.14,5.0,140.2,110,72,37.5,1,Medicaid,0,1,1,6.7,1
65,0,0,Emergency,1,Respiratory,2,2,5.9,2.07,7.9,141.6,135,79,38.5,0,Medicare,0,2,1,2.9,0
77,1,0,Emergency,0,Cardiac,1,3,8.8,1.07,11.6,137.7,114,84,37.8,0,Medicare,1,2,1,6.6,1
71,0,0,Emergency,1,Respiratory,6,0,5.0,0.62,8.3,141.6,136,91,38.2,1,Medicaid,1,0,1,5.4,1
63,1,1,Urgent,0,Cardiac,3,3,5.7,0.83,10.6,141.1,100,74,36.2,1,Medicaid,1,1,0,7.2,2
69,0,1,Urgent,4,Neurological,1,3,4.0,2.39,6.4,141.2,101,74,36.4,2,Private,0,0,0,4.9,1
66,0,0,Emergency,1,Respiratory,2,5,8.0,0.99,10.2,138.1,123,102,36.9,0,Medicare,1,4,1,5.8,1
84,0,2,Elective,2,Orthopedic,2,2,4.9,0.53,10.9,135.8,140,86,38.0,2,Private,0,1,0,3.7,1
52,1,2,Elective,0,Cardiac,4,0,6.1,1.64,5.8,131.8,105,85,37.5,0,Medicare,1,0,0,6.5,1
43,0,1,Urgent,0,Cardiac,1,2,9.1,1.35,6.3,136.4,89,114,37.8,0,Medicare,1,1,0,5.9,1
58,1,0,Emergency,5,Infection,4,2,4.8,0.89,1.9,138.6,154,93,37.3,1,Medicaid,0,1,1,8.0,2
66,0,2,Elective,4,Neurological,3,5,8.6,1.26,10.7,135.8,122,108,37.3,2,Private,0,1,0,5.5,1
36,0,1,Urgent,4,Neurological,1,6,8.4,2.11,6.3,136.6,109,91,35.9,1,Medicaid,0,0,0,6.1,1
66,1,0,Emergency,2,Orthopedic,3,0,6.3,1.61,8.1,137.8,126,89,36.2,0,Medicare,0,1,1,4.7,1
49,1,1,Urgent,0,Cardiac,6,2,6.4,1.05,8.4,137.0,105,114,37.6,2,Private,1,1,0,7.4,2
56,1,0,Emergency,0,Cardiac,4,3,5.4,1.97,10.7,140.1,97,72,35.6,0,Medicare,0,1,1,4.8,1
53,0,1,Urgent,3,GI,2,3,6.3,2.29,7.0,142.0,152,66,37.1,0,Medicare,0,2,0,5.9,1
64,0,1,Urgent,4,Neurological,2,3,5.3,0.75,8.4,140.5,123,97,37.0,2,Private,1,2,0,6.9,1
82,1,1,Urgent,5,Infection,1,1,9.4,3.12,13.3,137.8,130,77,38.3,2,Private,0,2,0,5.2,1
66,0,1,Urgent,1,Respiratory,4,1,6.7,1.22,14.5,133.1,115,87,37.6,3,Self-Pay,0,0,0,1.5,0
60,1,1,Urgent,1,Respiratory,3,3,8.3,1.57,10.9,134.4,150,86,38.0,0,Medicare,1,1,0,7.6,2
60,0,0,Emergency,0,Cardiac,4,2,5.2,1.22,13.3,142.2,124,76,37.5,0,Medicare,0,2,1,8.4,2
42,1,0,Emergency,4,Neurological,5,2,8.9,1.51,10.2,138.5,154,75,38.0,2,Private,0,1,1,6.6,1
71,0,0,Emergency,1,Respiratory,5,1,8.1,1.48,8.3,134.4,115,84,37.8,0,Medicare,1,2,1,5.4,1
66,0,0,Emergency,2,Orthopedic,2,1,7.3,0.92,11.5,133.2,111,75,36.4,0,Medicare,1,0,1,6.1,1
56,1,0,Emergency,5,Infection,2,0,7.6,1.29,7.1,129.1,108,90,37.2,0,Medicare,0,0,1,4.0,1
74,1,1,Urgent,4,Neurological,4,3,6.6,1.93,5.6,136.6,139,85,36.7,2,Private,0,1,0,4.3,1
58,1,0,Emergency,0,Cardiac,6,1,7.8,0.92,6.0,142.8,148,102,37.7,2,Private,1,0,1,4.9,1
54,1,1,Urgent,0,Cardiac,6,1,7.9,1.83,5.3,141.9,117,81,37.6,0,Medicare,0,0,0,7.5,2
84,1,2,Elective,4,Neurological,1,0,7.6,0.61,9.8,138.9,132,93,36.7,0,Medicare,1,0,0,7.4,2
80,1,0,Emergency,3,GI,2,3,7.6,1.58,9.3,143.3,122,92,37.6,2,Private,0,1,1,5.8,1
48,1,1,Urgent,4,Neurological,5,4,6.8,4.06,1.5,141.3,152,96,36.4,2,Private,0,0,0,4.6,1
66,1,2,Elective,0,Cardiac,1,1,4.0,1.42,8.1,133.0,120,94,37.3,0,Medicare,1,1,0,5.6,1
81,1,0,Emergency,5,Infection,5,5,6.2,0.64,12.0,144.2,134,79,37.3,1,Medicaid,0,0,1,4.3,1
50,1,2,Elective,4,Neurological,3,1,5.1,1.73,14.4,137.0,152,69,37.2,1,Medicaid,1,2,0,6.1,1
74,1,1,Urgent,5,Infection,2,2,4.1,2.36,12.5,134.5,126,84,35.9,2,Private,0,1,0,6.3,1
50,1,1,Urgent,1,Respiratory,4,0,7.2,1.48,4.1,136.6,116,93,38.2,0,Medicare,0,2,0,3.9,1
78,1,0,Emergency,1,Respiratory,4,4,9.5,0.98,9.8,138.3,123,67,35.8,0,Medicare,1,1,1,6.5,1
73,0,1,Urgent,0,Cardiac,3,1,4.0,0.77,8.5,138.6,127,93,37.3,0,Medicare,0,1,0,4.4,1
68,0,1,Urgent,5,Infection,3,3,4.8,1.21,13.7,138.5,137,78,37.2,0,Medicare,1,3,0,8.1,2
52,0,1,Urgent,0,Cardiac,1,0,6.5,1.51,4.4,138.2,130,96,35.8,2,Private,0,2,0,3.8,1
71,0,2,Elective,0,Cardiac,5,3,7.4,0.51,10.4,136.1,147,86,38.1,3,Self-Pay,1,2,0,5.0,1
41,1,1,Urgent,0,Cardiac,1,2,5.9,2.14,13.5,137.8,122,102,36.7,2,Private,0,1,0,5.7,1
50,1,0,Emergency,4,Neurological,2,1,7.5,0.4,2.4,140.7,101,108,37.6,2,Private,1,2,1,4.5,1
51,1,0,Emergency,5,Infection,1,2,8.7,1.82,7.8,137.0,120,68,37.5,1,Medicaid,0,1,1,4.4,1
23,1,0,Emergency,4,Neurological,1,2,7.0,1.65,5.1,139.2,147,71,36.8,2,Private,0,0,1,4.1,1
66,0,2,Elective,3,GI,5,2,7.2,1.89,11.3,129.7,154,91,36.3,0,Medicare,0,0,0,2.9,0
26,1,0,Emergency,5,Infection,2,1,4.0,0.64,10.0,136.6,147,93,36.0,0,Medicare,1,1,1,7.9,2
68,1,0,Emergency,0,Cardiac,2,1,4.0,1.85,12.0,144.7,168,80,36.9,2,Private,0,1,1,6.1,1
51,0,0,Emergency,5,Infection,6,0,5.4,3.42,6.2,139.5,114,83,38.5,2,Private,0,3,1,8.0,2
50,1,2,Elective,2,Orthopedic,3,3,6.6,1.09,8.2,129.3,157,68,37.5,0,Medicare,0,0,0,3.7,1
40,1,1,Urgent,2,Orthopedic,1,2,6.9,1.31,8.1,137.1,147,71,38.1,2,Private,0,0,0,1.0,0
74,0,2,Elective,0,Cardiac,3,1,6.9,0.61,10.1,139.0,127,80,37.3,0,Medicare,0,3,0,2.9,0
71,1,1,Urgent,0,Cardiac,3,4,5.5,0.82,10.0,141.2,83,106,36.7,2,Private,0,2,0,7.0,1
85,1,2,Elective,1,Respiratory,2,2,7.1,1.02,4.6,143.5,123,71,37.2,1,Medicaid,0,1,0,3.5,1
35,0,0,Emergency,0,Cardiac,1,0,6.4,0.64,9.6,144.8,127,95,37.1,0,Medicare,1,1,1,3.8,1
69,1,0,Emergency,2,Orthopedic,2,1,6.7,0.72,2.5,139.6,103,83,35.8,2,Private,0,0,1,3.3,1
65,1,0,Emergency,0,Cardiac,4,3,6.8,0.96,10.9,137.5,126,111,37.4,2,Private,0,1,1,4.5,1
55,0,1,Urgent,0,Cardiac,3,5,5.5,1.5,3.4,138.3,126,78,36.3,2,Private,1,2,0,8.8,2
51,1,1,Urgent,5,Infection,5,1,5.8,0.61,11.2,138.7,134,88,36.1,2,Private,0,0,0,5.7,1
95,0,0,Emergency,5,Infection,5,1,9.9,1.14,6.4,131.8,108,78,37.2,1,Medicaid,1,2,1,8.5,2
29,1,0,Emergency,5,Infection,2,4,7.9,0.57,10.9,135.0,123,84,37.5,0,Medicare,0,1,1,4.8,1
72,0,1,Urgent,3,GI,4,4,6.1,1.13,12.3,137.6,109,100,37.2,0,Medicare,0,2,0,6.2,1
54,0,0,Emergency,4,Neurological,2,4,6.7,2.19,5.6,139.5,127,51,37.3,0,Medicare,0,3,1,5.4,1
24,1,1,Urgent,4,Neurological,4,0,5.9,1.31,13.3,139.8,102,105,37.2,2,Private,0,2,0,6.9,1
59,0,0,Emergency,3,GI,2,1,6.8,2.01,5.3,137.4,120,77,36.9,2,Private,0,3,1,4.9,1
66,0,1,Urgent,1,Respiratory,3,4,6.8,1.18,9.5,134.3,134,69,36.9,0,Medicare,0,2,0,5.5,1
51,1,1,Urgent,0,Cardiac,2,1,5.4,1.37,6.2,134.0,117,118,37.3,2,Private,0,2,0,5.6,1
27,1,1,Urgent,1,Respiratory,4,3,7.2,0.79,3.1,140.3,125,82,37.6,0,Medicare,0,2,0,3.6,1
50,1,0,Emergency,4,Neurological,1,1,6.8,1.59,9.9,137.5,128,94,36.9,0,Medicare,0,1,1,5.3,1
50,1,0,Emergency,3,GI,1,3,5.5,0.88,12.4,139.5,145,84,35.7,0,Medicare,0,1,1,5.2,1
57,1,2,Elective,2,Orthopedic,1,3,8.0,0.67,7.5,133.6,129,86,37.2,0,Medicare,0,2,0,2.7,0
72,1,1,Urgent,0,Cardiac,2,2,5.4,1.14,11.6,143.6,122,74,37.0,0,Medicare,1,1,0,5.4,1
33,0,1,Urgent,1,Respiratory,2,0,4.8,0.59,5.3,141.2,134,100,37.2,0,Medicare,0,1,0,2.2,0
26,0,1,Urgent,4,Neurological,6,5,8.0,1.55,11.0,134.2,138,117,37.0,2,Private,0,1,0,5.8,1
18,0,0,Emergency,2,Orthopedic,6,5,4.8,2.77,1.5,133.8,111,73,36.7,0,Medicare,1,0,1,5.7,1
24,1,2,Elective,2,Orthopedic,5,0,7.5,1.02,13.3,137.7,112,111,38.3,2,Private,0,1,0,1.4,0
38,1,2,Elective,1,Respiratory,7,1,9.7,1.04,7.0,131.5,130,91,36.5,2,Private,0,4,0,2.8,0
55,1,1,Urgent,3,GI,2,5,8.5,1.46,4.9,146.1,149,67,38.7,0,Medicare,0,0,0,4.4,1
90,1,2,Elective,5,Infection,6,2,5.6,1.52,7.0,134.2,123,61,36.6,0,Medicare,0,1,0,4.9,1
78,0,0,Emergency,5,Infection,1,2,5.3,1.23,15.6,141.5,144,98,36.9,0,Medicare,0,3,1,7.4,2
57,0,1,Urgent,0,Cardiac,4,2,8.2,0.56,10.6,140.4,147,74,37.7,0,Medicare,0,1,0,5.2,1
30,0,2,Elective,2,Orthopedic,6,0,6.9,2.0,8.3,146.6,149,89,38.4,0,Medicare,0,3,0,3.5,1
78,1,0,Emergency,1,Respiratory,7,3,4.0,1.89,18.2,134.6,105,93,37.8,1,Medicaid,0,2,1,6.0,1
20,0,0,Emergency,2,Orthopedic,2,2,7.7,0.67,11.4,140.9,150,105,38.4,3,Self-Pay,0,1,1,2.6,0
82,1,1,Urgent,3,GI,3,2,6.1,0.4,10.2,133.9,148,77,37.8,0,Medicare,0,4,0,3.7,1
64,0,0,Emergency,0,Cardiac,3,4,6.7,3.96,12.9,137.0,138,78,36.7,2,Private,0,1,1,5.9,1
73,1,2,Elective,4,Neurological,3,2,6.8,0.84,13.3,128.7,123,96,38.1,0,Medicare,0,2,0,5.9,1
50,1,0,Emergency,2,Orthopedic,3,0,7.1,0.62,6.8,137.9,126,87,35.6,2,Private,0,1,1,4.7,1
77,1,1,Urgent,5,Infection,1,1,10.3,0.4,5.2,133.7,132,87,37.8,2,Private,0,1,0,4.9,1
70,0,0,Emergency,0,Cardiac,5,1,9.3,0.92,5.6,127.3,138,85,37.7,3,Self-Pay,1,1,1,6.3,1
50,0,0,Emergency,0,Cardiac,4,1,4.0,1.49,9.2,134.7,111,77,38.0,0,Medicare,1,1,1,7.4,2
50,0,2,Elective,3,GI,3,1,7.4,2.75,8.7,137.4,110,96,36.7,1,Medicaid,0,0,0,3.6,1
50,1,1,Urgent,3,GI,3,0,4.0,0.98,6.8,137.9,152,93,36.7,0,Medicare,0,1,0,3.8,1
57,0,0,Emergency,3,GI,1,1,8.9,0.51,5.7,137.2,138,110,36.2,0,Medicare,0,0,1,4.9,1
81,0,0,Emergency,5,Infection,8,2,8.5,1.41,13.3,136.8,127,68,37.1,0,Medicare,0,2,1,5.4,1
37,1,1,Urgent,2,Orthopedic,3,1,5.2,1.32,6.9,144.3,128,96,36.8,2,Private,0,2,0,5.5,1
66,1,2,Elective,2,Orthopedic,3,2,6.3,0.85,5.0,133.0,143,84,36.5,3,Self-Pay,0,0,0,3.0,0
78,1,1,Urgent,5,Infection,1,0,8.1,1.01,7.8,138.8,129,114,35.8,2,Private,0,1,0,5.3,1
86,1,1,Urgent,2,Orthopedic,4,4,6.2,1.25,5.9,136.9,102,83,37.1,3,Self-Pay,0,0,0,2.5,0
67,1,0,Emergency,1,Respiratory,3,2,5.5,1.67,6.2,134.1,147,87,36.9,2,Private,0,5,1,5.7,1
99,1,2,Elective,3,GI,6,2,6.6,1.49,9.0,137.5,166,71,37.5,0,Medicare,0,0,0,2.9,0
80,1,1,Urgent,3,GI,3,4,9.0,1.31,11.0,141.9,133,80,36.4,2,Private,0,3,0,2.8,0
38,0,1,Urgent,1,Respiratory,3,1,4.0,1.19,19.5,139.7,152,105,36.1,0,Medicare,1,2,0,6.3,1
64,1,1,Urgent,1,Respiratory,1,1,5.0,2.78,15.2,141.0,95,79,37.1,0,Medicare,1,2,0,7.0,1
66,1,1,Urgent,1,Respiratory,6,3,5.4,1.48,4.5,137.0,138,85,38.2,2,Private,0,1,0,2.8,0
26,0,2,Elective,0,Cardiac,1,5,9.9,1.91,8.3,137.1,95,86,38.8,1,Medicaid,0,0,0,5.1,1
86,1,1,Urgent,5,Infection,2,3,8.9,1.72,10.7,133.7,123,82,36.9,1,Medicaid,0,1,0,5.2,1
57,0,2,Elective,0,Cardiac,4,4,4.9,1.36,10.4,142.0,137,90,36.8,2,Private,1,1,0,6.6,1
36,0,1,Urgent,0,Cardiac,6,1,6.3,2.27,6.9,136.6,107,97,35.7,0,Medicare,1,1,0,8.6,2
75,1,1,Urgent,3,GI,4,2,8.1,0.83,12.0,137.9,117,99,37.5,0,Medicare,0,3,0,6.3,1
64,1,2,Elective,4,Neurological,5,2,8.0,1.69,5.7,135.6,114,87,36.7,0,Medicare,0,2,0,5.1,1
50,1,0,Emergency,4,Neurological,2,0,6.8,0.64,6.9,146.2,144,77,36.7,2,Private,0,0,1,4.9,1
74,0,0,Emergency,1,Respiratory,4,3,6.6,1.2,7.8,142.0,122,82,37.0,2,Private,0,0,1,6.2,1
34,1,1,Urgent,5,Infection,1,1,10.1,0.49,6.7,138.7,122,109,38.0,1,Medicaid,0,1,0,3.0,0
41,0,2,Elective,2,Orthopedic,2,2,6.3,0.66,14.1,137.7,139,65,37.4,1,Medicaid,0,0,0,1.3,0
34,0,0,Emergency,2,Orthopedic,2,3,4.0,0.96,10.6,137.7,144,94,37.7,2,Private,0,1,1,2.7,0
88,0,0,Emergency,4,Neurological,3,2,6.8,2.64,10.8,141.3,108,77,38.5,0,Medicare,0,4,1,8.9,2
43,0,0,Emergency,1,Respiratory,2,0,7.0,1.08,7.0,136.8,168,64,36.6,2,Private,0,1,1,4.3,1
73,0,0,Emergency,5,Infection,2,2,6.3,1.62,18.1,141.9,154,69,37.8,0,Medicare,1,1,1,10.3,2
60,1,0,Emergency,2,Orthopedic,3,4,4.3,2.29,4.5,135.0,162,83,36.9,2,Private,1,0,1,7.0,1
75,1,1,Urgent,5,Infection,2,2,7.2,1.05,12.1,141.4,123,96,36.4,1,Medicaid,0,2,0,6.9,1
73,1,2,Elective,0,Cardiac,2,1,4.8,2.52,15.8,138.0,141,97,37.3,0,Medicare,0,0,0,5.1,1
73,1,1,Urgent,5,Infection,4,1,6.5,1.14,10.5,131.3,131,113,38.2,2,Private,0,0,0,3.9,1
21,0,0,Emergency,3,GI,6,1,5.6,0.73,9.7,146.5,158,59,37.7,0,Medicare,0,4,1,4.2,1
60,1,2,Elective,3,GI,4,3,8.3,1.91,7.9,135.2,104,93,36.5,2,Private,0,1,0,2.5,0
50,1,1,Urgent,2,Orthopedic,1,1,4.0,1.54,11.2,137.9,166,50,36.3,0,Medicare,0,1,0,2.2,0
33,0,0,Emergency,5,Infection,3,1,4.4,1.02,8.9,136.1,138,88,37.4,0,Medicare,0,2,1,5.9,1
69,1,0,Emergency,2,Orthopedic,3,2,6.6,0.76,14.8,132.0,129,102,37.1,2,Private,1,0,1,7.3,2
62,1,2,Elective,2,Orthopedic,2,2,6.5,1.83,7.0,136.1,116,101,36.2,2,Private,0,2,0,3.2,1
23,0,1,Urgent,4,Neurological,7,2,6.1,0.71,6.5,133.5,144,65,37.8,0,Medicare,1,2,0,8.5,2
64,1,1,Urgent,1,Respiratory,1,1,7.1,0.44,5.7,142.8,134,51,36.7,1,Medicaid,0,2,0,3.6,1
78,1,0,Emergency,1,Respiratory,2,0,6.8,1.96,14.5,132.4,139,62,36.8,0,Medicare,1,2,1,5.9,1
68,1,2,Elective,4,Neurological,5,2,8.1,1.73,10.8,137.9,150,62,38.2,1,Medicaid,0,2,0,4.3,1
72,0,0,Emergency,0,Cardiac,2,1,6.8,1.58,14.0,139.1,136,73,37.2,2,Private,0,2,1,4.4,1
76,1,2,Elective,4,Neurological,2,3,9.6,1.02,7.9,132.9,154,97,37.9,0,Medicare,1,3,0,7.3,2
23,1,1,Urgent,3,GI,1,2,4.5,1.58,4.0,138.2,95,77,37.5,1,Medicaid,0,0,0,2.4,0
50,1,0,Emergency,2,Orthopedic,1,2,9.4,0.83,12.7,132.8,150,81,38.3,0,Medicare,0,0,1,4.7,1
66,0,0,Emergency,1,Respiratory,7,1,6.6,1.26,12.2,134.3,106,93,35.9,2,Private,0,2,1,6.3,1
40,0,0,Emergency,4,Neurological,2,1,4.0,2.59,6.6,134.4,129,81,38.0,2,Private,0,1,1,4.5,1
72,1,0,Emergency,4,Neurological,3,1,4.0,1.15,5.6,142.3,83,96,37.9,0,Medicare,0,0,1,4.9,1
43,0,0,Emergency,2,Orthopedic,3,1,5.5,1.44,6.6,140.8,128,80,37.2,0,Medicare,0,4,1,3.8,1
33,0,1,Urgent,1,Respiratory,8,2,7.7,0.64,8.2,131.2,145,70,37.1,2,Private,1,2,0,6.4,1
19,0,1,Urgent,1,Respiratory,1,1,8.1,0.94,9.4,137.7,112,83,37.2,1,Medicaid,0,2,0,2.2,0
27,1,1,Urgent,4,Neurological,1,1,4.9,1.05,10.7,139.2,159,83,35.7,2,Private,0,1,0,3.9,1
80,1,1,Urgent,3,GI,1,0,5.4,1.91,7.6,140.4,95,92,38.5,1,Medicaid,0,0,0,3.3,1
52,1,2,Elective,0,Cardiac,2,1,8.7,2.94,16.2,142.6,114,84,37.0,0,Medicare,0,1,0,4.4,1
70,1,2,Elective,4,Neurological,3,3,4.0,1.36,16.1,143.8,92,72,37.6,0,Medicare,0,0,0,5.4,1
69,1,0,Emergency,5,Infection,1,1,5.1,0.53,10.0,138.7,124,64,38.4,0,Medicare,0,0,1,6.7,1
52,0,1,Urgent,0,Cardiac,4,2,7.7,0.68,10.2,148.0,98,88,36.8,0,Medicare,0,2,0,3.4,1
58,1,0,Emergency,4,Neurological,1,0,5.1,1.96,6.9,133.7,108,71,37.1,3,Self-Pay,0,2,1,3.3,1
53,0,0,Emergency,4,Neurological,4,1,7.1,0.85,13.2,138.0,163,86,37.4,2,Private,0,1,1,5.8,1
58,1,1,Urgent,5,Infection,5,2,6.0,1.65,9.7,138.7,82,86,37.9,0,Medicare,0,0,0,3.7,1
81,0,1,Urgent,1,Respiratory,4,2,5.4,1.36,4.1,132.8,104,103,37.0,2,Private,0,0,0,6.9,1
57,1,2,Elective,1,Respiratory,6,0,4.8,1.19,6.9,138.9,88,86,35.8,2,Private,1,0,0,5.3,1
56,1,0,Emergency,5,Infection,2,3,5.5,1.32,9.3,132.5,145,82,36.0,0,Medicare,0,1,1,5.4,1
71,0,0,Emergency,0,Cardiac,2,3,10.6,1.26,12.9,144.2,142,75,37.1,2,Private,1,0,1,6.2,1
92,0,2,Elective,2,Orthopedic,4,2,5.4,0.64,1.5,130.0,99,90,36.1,2,Private,0,1,0,4.0,1
61,0,0,Emergency,2,Orthopedic,3,1,6.9,1.02,10.3,131.3,137,79,35.7,0,Medicare,1,2,1,5.0,1
56,1,0,Emergency,3,GI,5,2,7.3,3.04,9.0,137.5,143,68,37.7,0,Medicare,0,3,1,6.5,1
52,0,0,Emergency,1,Respiratory,4,2,11.3,0.71,7.2,131.7,133,64,38.0,0,Medicare,0,0,1,5.4,1
72,0,2,Elective,5,Infection,6,3,9.3,0.7,7.5,129.8,88,70,37.3,2,Private,0,0,0,5.2,1
61,1,0,Emergency,1,Respiratory,2,2,4.0,0.95,12.6,138.5,105,69,37.6,0,Medicare,1,2,1,6.6,1
81,1,1,Urgent,3,GI,6,1,7.6,2.73,9.0,131.7,125,91,36.8,1,Medicaid,0,1,0,4.9,1
54,0,2,Elective,2,Orthopedic,3,3,7.9,0.77,1.5,136.9,109,83,37.8,0,Medicare,0,0,0,3.3,1
28,1,1,Urgent,1,Respiratory,4,5,8.8,0.93,8.8,135.0,95,71,36.1,0,Medicare,1,0,0,6.6,1
45,1,2,Elective,0,Cardiac,2,1,4.0,0.74,10.9,142.4,147,49,38.5,3,Self-Pay,0,2,0,2.4,0
52,1,1,Urgent,5,Infection,3,2,6.4,0.92,6.7,138.1,129,69,36.6,2,Private,0,2,0,5.7,1
76,0,2,Elective,3,GI,4,1,5.8,1.02,2.9,138.3,150,82,36.6,2,Private,0,4,0,5.5,1
46,1,2,Elective,3,GI,3,0,7.3,1.45,13.2,136.0,158,89,36.3,0,Medicare,1,2,0,4.5,1
76,1,0,Emergency,4,Neurological,2,3,5.8,0.56,7.4,138.4,112,66,36.6,2,Private,0,0,1,4.2,1
30,1,0,Emergency,0,Cardiac,4,1,5.9,1.3,9.8,137.8,83,89,36.5,0,Medicare,1,0,1,6.4,1
50,1,2,Elective,3,GI,1,0,4.0,0.75,2.2,132.2,136,85,36.3,0,Medicare,0,0,0,2.8,0
24,1,1,Urgent,0,Cardiac,4,0,7.8,1.42,13.2,132.5,103,80,37.0,0,Medicare,0,3,0,4.1,1
78,1,1,Urgent,4,Neurological,1,4,6.2,0.59,4.6,133.7,129,88,37.0,0,Medicare,0,2,0,3.9,1
50,1,2,Elective,0,Cardiac,5,7,6.0,1.03,13.7,134.7,138,96,36.8,2,Private,0,2,0,5.7,1
50,1,1,Urgent,4,Neurological,3,1,5.9,0.77,6.8,135.6,123,87,37.8,0,Medicare,1,2,0,5.5,1
48,0,0,Emergency,3,GI,3,1,5.8,1.22,10.4,135.2,144,74,38.2,2,Private,0,0,1,3.6,1
58,0,0,Emergency,1,Respiratory,1,1,8.1,2.36,12.0,137.7,139,66,36.8,1,Medicaid,0,0,1,3.5,1
77,0,1,Urgent,1,Respiratory,1,1,7.4,1.52,4.6,136.9,113,99,38.2,0,Medicare,0,1,0,4.3,1
61,1,0,Emergency,0,Cardiac,2,2,4.0,1.54,11.0,138.5,103,85,35.8,2,Private,0,0,1,4.4,1
76,1,0,Emergency,5,Infection,1,1,4.0,1.13,11.4,135.9,122,90,37.3,2,Private,0,3,1,5.8,1
51,1,2,Elective,0,Cardiac,3,0,4.0,1.06,2.6,136.1,134,83,37.8,2,Private,0,0,0,2.8,0
29,1,0,Emergency,2,Orthopedic,1,1,4.0,1.09,7.4,139.6,127,91,37.4,1,Medicaid,0,0,1,1.8,0
53,0,0,Emergency,1,Respiratory,1,2,8.5,1.04,4.0,142.6,126,86,37.5,2,Private,0,3,1,2.0,0
27,0,2,Elective,5,Infection,2,2,7.8,0.88,1.6,137.0,149,96,36.8,0,Medicare,0,0,0,3.4,1
43,1,1,Urgent,3,GI,2,0,9.3,0.84,8.2,134.8,108,58,37.7,2,Private,0,0,0,4.1,1
50,1,0,Emergency,0,Cardiac,1,3,5.9,0.83,7.9,144.3,133,90,37.6,0,Medicare,0,1,1,6.7,1
72,0,2,Elective,3,GI,2,3,8.2,1.02,6.5,136.0,120,59,36.9,0,Medicare,0,2,0,1.6,0
69,0,1,Urgent,5,Infection,4,2,7.4,0.76,5.9,139.0,139,91,37.8,2,Private,0,3,0,6.3,1
78,0,0,Emergency,3,GI,6,0,4.0,1.27,3.3,140.4,145,78,37.9,1,Medicaid,0,1,1,5.3,1
51,0,0,Emergency,2,Orthopedic,6,1,8.5,0.59,9.0,135.2,126,75,36.4,2,Private,0,3,1,7.6,2
57,0,0,Emergency,1,Respiratory,1,0,5.6,1.36,11.1,129.8,181,81,37.4,0,Medicare,0,0,1,3.9,1
34,1,2,Elective,0,Cardiac,5,10,7.3,1.15,10.2,137.1,125,95,37.2,2,Private,0,1,0,4.6,1
58,0,1,Urgent,1,Respiratory,2,6,5.6,2.45,3.2,137.2,113,79,37.2,1,Medicaid,0,2,0,4.2,1
50,0,1,Urgent,3,GI,4,2,4.0,2.08,11.6,135.0,169,75,37.5,0,Medicare,0,0,0,3.3,1
73,1,2,Elective,4,Neurological,3,3,7.1,0.72,12.6,134.9,127,111,37.3,2,Private,0,0,0,4.1,1
77,1,0,Emergency,5,Infection,2,2,9.4,1.15,17.3,136.4,107,59,36.8,2,Private,1,1,1,8.0,2
44,0,0,Emergency,4,Neurological,3,1,4.3,1.35,6.4,133.2,125,80,36.5,3,Self-Pay,0,2,1,4.2,1
50,1,0,Emergency,0,Cardiac,2,2,6.9,0.88,11.2,138.2,107,83,36.4,3,Self-Pay,0,2,1,6.8,1
51,0,0,Emergency,4,Neurological,7,4,8.8,0.77,14.6,139.7,140,80,39.0,2,Private,0,0,1,6.4,1
59,1,1,Urgent,3,GI,5,5,4.0,1.29,11.1,137.9,129,77,37.8,1,Medicaid,0,0,0,3.2,1
57,1,1,Urgent,2,Orthopedic,5,1,4.7,1.56,19.7,129.4,143,60,37.7,2,Private,0,1,0,3.0,0
60,1,0,Emergency,3,GI,1,4,6.5,1.18,8.1,133.1,125,93,36.7,1,Medicaid,0,0,1,5.7,1
82,0,0,Emergency,0,Cardiac,5,0,5.7,1.08,7.4,137.8,123,83,37.3,1,Medicaid,0,2,1,6.2,1
77,1,0,Emergency,0,Cardiac,7,1,5.3,1.07,2.6,140.4,128,57,38.3,0,Medicare,1,0,1,6.0,1
50,1,2,Elective,2,Orthopedic,3,2,4.3,0.7,8.8,136.8,86,52,37.7,2,Private,1,0,0,4.3,1
33,0,1,Urgent,0,Cardiac,1,3,6.6,1.59,9.2,143.5,147,78,36.4,2,Private,0,0,0,5.5,1
61,0,1,Urgent,2,Orthopedic,4,0,4.9,1.27,10.0,139.9,106,68,36.8,3,Self-Pay,1,1,0,6.2,1
80,1,0,Emergency,1,Respiratory,4,3,4.2,1.23,10.9,138.9,163,61,36.8,2,Private,0,1,1,5.1,1
50,1,0,Emergency,5,Infection,2,2,4.3,1.44,8.4,138.9,130,85,36.7,0,Medicare,1,1,1,7.3,2
59,0,0,Emergency,5,Infection,1,3,8.7,3.8,10.1,138.3,114,87,37.4,2,Private,0,2,1,6.8,1
50,1,2,Elective,5,Infection,3,1,5.0,2.71,8.1,137.3,147,74,36.6,0,Medicare,0,1,0,5.9,1
51,0,2,Elective,5,Infection,5,1,7.3,1.42,11.0,138.4,129,80,38.1,1,Medicaid,0,0,0,3.4,1
30,0,1,Urgent,5,Infection,2,1,5.4,0.88,4.3,144.2,116,78,38.1,2,Private,1,1,0,6.7,1
64,1,1,Urgent,3,GI,2,3,4.0,1.71,6.6,140.2,133,80,37.2,3,Self-Pay,1,2,0,7.0,1
27,0,1,Urgent,5,Infection,3,0,5.1,1.05,10.1,132.8,159,96,36.6,0,Medicare,1,0,0,8.0,2
75,0,0,Emergency,3,GI,1,3,5.5,1.23,11.6,137.2,119,76,37.3,0,Medicare,0,2,1,3.1,1
60,0,0,Emergency,4,Neurological,4,2,6.6,1.7,8.5,133.2,133,80,36.2,3,Self-Pay,0,2,1,5.3,1
72,1,1,Urgent,0,Cardiac,3,1,6.7,1.46,7.8,135.4,143,78,36.8,0,Medicare,0,1,0,4.7,1
79,1,0,Emergency,3,GI,2,2,4.3,1.27,8.2,131.8,126,79,37.0,0,Medicare,0,2,1,2.6,0
76,1,0,Emergency,5,Infection,3,1,8.9,1.51,6.0,147.8,124,74,37.2,0,Medicare,1,1,1,7.9,2
72,0,1,Urgent,2,Orthopedic,3,2,9.1,1.9,8.2,136.5,102,87,36.7,2,Private,1,2,0,6.4,1
44,1,2,Elective,0,Cardiac,2,1,6.6,0.64,12.7,139.9,146,46,37.3,1,Medicaid,0,1,0,4.1,1
87,0,2,Elective,2,Orthopedic,6,4,7.1,1.49,8.6,136.6,110,110,37.6,1,Medicaid,0,4,0,5.3,1
76,1,0,Emergency,3,GI,3,1,5.0,0.78,8.0,138.2,140,93,37.1,0,Medicare,0,0,1,5.0,1
72,1,0,Emergency,4,Neurological,6,6,4.0,1.42,8.4,139.1,138,57,37.3,0,Medicare,1,1,1,9.5,2
87,0,1,Urgent,2,Orthopedic,4,4,6.4,0.68,15.3,143.5,123,92,37.1,0,Medicare,0,2,0,5.2,1
54,1,2,Elective,0,Cardiac,2,2,5.8,1.18,12.0,137.6,139,97,37.8,1,Medicaid,0,2,0,3.3,1
70,0,2,Elective,5,Infection,1,2,9.4,1.23,12.0,135.3,150,87,38.6,1,Medicaid,0,0,0,4.4,1
59,0,2,Elective,4,Neurological,5,2,10.9,1.11,10.9,134.6,171,94,36.4,0,Medicare,0,1,0,5.8,1
56,0,1,Urgent,1,Respiratory,4,0,5.0,1.57,11.0,133.7,117,75,37.3,0,Medicare,0,0,0,2.8,0
35,1,0,Emergency,4,Neurological,8,2,6.7,1.01,12.0,135.9,102,107,36.8,0,Medicare,0,2,1,4.1,1
67,1,0,Emergency,1,Respiratory,4,2,8.0,1.04,15.1,149.8,135,93,37.1,1,Medicaid,0,0,1,4.0,1
85,0,0,Emergency,1,Respiratory,2,2,7.3,1.12,9.7,141.0,125,93,36.9,2,Private,0,2,1,7.3,2
73,0,1,Urgent,5,Infection,2,3,7.2,0.86,9.7,136.9,120,90,36.6,1,Medicaid,1,3,0,6.9,1
69,0,0,Emergency,5,Infection,5,0,8.8,0.95,13.9,143.3,113,71,37.3,0,Medicare,1,3,1,8.5,2
71,0,1,Urgent,1,Respiratory,3,2,9.0,1.61,9.5,136.0,130,68,38.1,2,Private,0,1,0,4.0,1
52,1,1,Urgent,0,Cardiac,1,1,7.1,1.64,12.6,143.1,96,70,36.6,2,Private,0,1,0,6.2,1
35,1,0,Emergency,0,Cardiac,1,4,10.5,0.82,7.8,139.4,142,89,36.6,2,Private,0,3,1,6.1,1
50,0,2,Elective,5,Infection,5,5,8.0,1.58,4.2,143.1,127,80,36.0,2,Private,0,2,0,3.8,1
51,0,1,Urgent,5,Infection,1,3,5.2,0.6,4.5,139.9,111,92,36.5,1,Medicaid,0,1,0,4.1,1
25,1,2,Elective,2,Orthopedic,5,1,8.3,1.01,15.0,134.1,152,58,38.2,3,Self-Pay,0,4,0,4.0,1
68,0,2,Elective,1,Respiratory,4,2,5.2,0.7,18.9,138.8,155,83,38.7,2,Private,0,1,0,1.6,0
68,0,0,Emergency,1,Respiratory,1,4,6.8,1.2,9.2,140.7,109,79,38.3,0,Medicare,1,1,1,7.4,2
50,1,0,Emergency,5,Infection,4,3,8.0,1.17,7.1,142.0,102,76,37.5,0,Medicare,0,0,1,2.6,0
57,1,0,Emergency,1,Respiratory,4,3,5.4,2.18,10.2,137.0,125,86,37.3,0,Medicare,0,2,1,7.8,2
53,0,2,Elective,2,Orthopedic,5,2,7.9,2.1,6.7,138.7,131,94,37.9,1,Medicaid,1,1,0,6.1,1
75,1,1,Urgent,4,Neurological,2,0,6.9,0.95,16.0,142.2,124,73,37.1,0,Medicare,0,1,0,4.4,1
77,0,2,Elective,0,Cardiac,4,1,4.4,1.19,6.3,140.9,131,82,37.3,0,Medicare,1,1,0,8.4,2
45,1,0,Emergency,1,Respiratory,2,3,4.0,0.78,4.4,139.9,113,72,35.7,0,Medicare,0,2,1,4.7,1
39,0,1,Urgent,1,Respiratory,2,2,4.0,0.87,9.5,137.5,110,74,38.9,3,Self-Pay,0,2,0,2.3,0
81,1,2,Elective,3,GI,4,0,5.9,0.58,11.4,136.3,148,97,37.5,0,Medicare,0,0,0,2.3,0
74,1,1,Urgent,4,Neurological,2,3,5.4,1.5,8.9,138.7,156,89,38.2,1,Medicaid,0,1,0,3.6,1
54,0,0,Emergency,2,Orthopedic,2,1,9.5,0.84,13.9,136.5,107,51,36.6,0,Medicare,0,0,1,3.2,1
76,1,1,Urgent,0,Cardiac,1,1,6.2,0.83,9.3,133.5,104,93,37.3,2,Private,0,0,0,4.1,1
51,1,0,Emergency,2,Orthopedic,3,1,5.3,0.94,7.7,142.8,130,82,37.1,1,Medicaid,0,1,1,1.2,0
50,0,0,Emergency,0,Cardiac,2,0,6.8,0.93,18.3,134.3,111,75,36.0,0,Medicare,1,2,1,8.3,2
63,1,0,Emergency,0,Cardiac,1,5,6.7,0.78,10.4,142.0,159,85,37.4,2,Private,1,1,1,4.6,1
50,1,0,Emergency,3,GI,6,3,5.5,1.66,6.7,135.1,107,80,37.7,1,Medicaid,0,0,1,3.7,1
58,1,2,Elective,5,Infection,1,2,6.6,1.19,5.3,139.6,127,77,38.1,0,Medicare,1,1,0,7.8,2
62,0,0,Emergency,4,Neurological,2,1,6.0,0.86,5.0,131.1,101,90,37.6,0,Medicare,1,0,1,6.1,1
40,0,1,Urgent,4,Neurological,1,2,5.6,1.13,1.5,140.3,116,104,37.5,1,Medicaid,0,1,0,2.3,0
50,0,0,Emergency,4,Neurological,3,2,5.6,1.07,13.4,138.7,125,75,36.7,1,Medicaid,1,1,1,7.3,2
57,0,0,Emergency,5,Infection,4,3,7.5,1.07,8.5,140.6,85,113,36.7,0,Medicare,0,1,1,5.5,1
64,1,0,Emergency,4,Neurological,2,4,5.4,1.51,11.6,134.0,114,73,37.9,3,Self-Pay,1,2,1,7.6,2
58,0,0,Emergency,3,GI,4,2,4.0,1.37,9.7,147.5,124,79,38.2,1,Medicaid,0,2,1,5.4,1
67,0,0,Emergency,1,Respiratory,1,3,6.3,2.75,1.5,130.3,115,94,37.8,1,Medicaid,0,1,1,3.5,1
47,0,1,Urgent,0,Cardiac,3,5,6.3,0.75,8.2,138.5,129,90,36.5,1,Medicaid,0,3,0,5.2,1
50,1,2,Elective,2,Orthopedic,1,3,5.2,2.48,8.5,134.8,125,101,37.5,2,Private,0,1,0,3.6,1
42,1,0,Emergency,5,Infection,1,2,10.9,1.36,14.0,142.0,177,50,36.1,0,Medicare,0,0,1,6.1,1
24,1,0,Emergency,3,GI,2,0,7.9,1.12,12.3,135.1,135,77,38.3,2,Private,0,1,1,2.0,0
85,0,0,Emergency,0,Cardiac,3,3,6.1,0.77,8.4,136.6,112,79,36.2,0,Medicare,0,3,1,5.3,1
46,0,2,Elective,3,GI,2,7,5.2,0.89,8.9,137.6,107,109,36.6,3,Self-Pay,0,0,0,2.8,0
77,0,1,Urgent,2,Orthopedic,2,2,4.2,1.23,6.4,137.3,147,90,38.4,2,Private,0,1,0,5.1,1
67,0,2,Elective,5,Infection,3,2,4.4,0.72,5.8,136.4,105,58,37.6,2,Private,0,2,0,6.4,1
60,0,0,Emergency,0,Cardiac,1,1,6.0,1.11,6.4,142.8,142,90,36.6,2,Private,0,0,1,2.6,0
50,1,0,Emergency,3,GI,4,1,8.0,2.7,8.3,133.5,158,100,37.2,1,Medicaid,0,0,1,4.4,1
63,0,0,Emergency,3,GI,4,4,8.0,1.31,9.4,142.0,143,78,38.9,2,Private,0,0,1,2.9,0
57,1,2,Elective,5,Infection,4,3,7.1,1.42,8.0,134.9,147,70,37.1,3,Self-Pay,0,3,0,5.0,1
61,1,0,Emergency,3,GI,3,3,7.7,0.73,10.2,130.7,136,85,37.0,2,Private,0,4,1,2.6,0
80,0,1,Urgent,5,Infection,1,2,7.0,1.45,7.5,140.0,138,74,36.3,1,Medicaid,0,2,0,9.6,2
62,1,1,Urgent,0,Cardiac,3,2,7.5,0.58,11.4,134.7,103,87,37.1,2,Private,0,0,0,4.4,1
74,1,1,Urgent,0,Cardiac,1,1,6.4,0.42,15.9,133.4,164,86,37.2,0,Medicare,0,3,0,5.2,1
77,1,0,Emergency,1,Respiratory,5,1,5.2,1.43,13.4,141.2,167,94,38.0,2,Private,1,0,1,8.4,2
29,1,1,Urgent,3,GI,4,4,6.4,1.23,5.4,131.3,108,80,37.3,0,Medicare,0,1,0,3.5,1
72,0,0,Emergency,2,Orthopedic,11,1,5.4,2.16,7.0,135.3,132,52,37.5,0,Medicare,0,0,1,4.5,1
50,1,2,Elective,0,Cardiac,3,1,7.1,0.52,13.4,140.8,146,86,37.7,0,Medicare,1,0,0,6.6,1
35,0,0,Emergency,3,GI,1,2,4.6,1.68,3.3,133.6,142,81,37.8,3,Self-Pay,0,0,1,5.0,1
33,1,0,Emergency,3,GI,3,1,6.5,1.05,8.0,132.7,162,84,37.1,0,Medicare,0,0,1,4.3,1
78,0,0,Emergency,2,Orthopedic,4,6,9.4,1.59,9.2,138.2,144,78,37.0,2,Private,0,4,1,6.4,1
50,0,2,Elective,0,Cardiac,3,1,10.1,0.61,8.0,135.6,137,81,37.6,2,Private,1,1,0,4.5,1
84,1,0,Emergency,5,Infection,2,2,8.2,1.43,8.2,138.6,129,69,37.9,2,Private,0,3,1,5.1,1
69,0,1,Urgent,3,GI,2,4,8.7,0.58,10.1,136.2,132,76,38.0,0,Medicare,0,2,0,4.9,1
95,0,0,Emergency,1,Respiratory,3,2,4.9,2.16,9.2,133.8,148,87,36.8,3,Self-Pay,0,2,1,5.9,1
62,0,0,Emergency,3,GI,3,4,5.5,0.9,6.2,140.0,143,70,36.7,0,Medicare,1,1,1,6.7,1
61,1,1,Urgent,1,Respiratory,5,2,7.2,1.06,15.1,141.4,124,113,38.5,2,Private,0,1,0,4.8,1
50,1,0,Emergency,2,Orthopedic,8,2,10.1,1.36,9.0,135.2,131,58,37.7,0,Medicare,0,1,1,5.3,1
81,1,1,Urgent,1,Respiratory,4,4,9.2,0.77,10.3,145.1,127,71,36.7,2,Private,1,0,0,4.8,1
45,1,2,Elective,5,Infection,4,2,4.7,1.62,7.9,144.3,121,75,38.2,0,Medicare,0,1,0,3.9,1
77,1,2,Elective,5,Infection,6,3,6.9,1.96,9.1,147.9,95,43,35.0,2,Private,0,2,0,5.8,1
75,0,0,Emergency,0,Cardiac,1,0,8.1,0.57,6.4,137.0,118,93,37.2,1,Medicaid,1,1,1,6.6,1
50,0,1,Urgent,0,Cardiac,2,3,9.1,0.94,4.6,137.6,140,86,36.7,0,Medicare,0,4,0,4.5,1
37,1,2,Elective,0,Cardiac,2,1,6.1,0.89,11.4,136.4,133,102,36.5,1,Medicaid,0,2,0,1.9,0
67,0,2,Elective,3,GI,1,1,6.3,0.73,5.8,139.8,147,49,38.2,0,Medicare,0,0,0,1.0,0
34,0,0,Emergency,0,Cardiac,4,2,7.0,1.13,8.0,133.3,140,70,37.6,0,Medicare,1,2,1,8.9,2
76,0,1,Urgent,4,Neurological,2,2,4.5,1.39,15.2,137.0,166,62,36.7,0,Medicare,0,1,0,4.1,1
69,1,2,Elective,2,Orthopedic,2,1,6.3,0.79,13.5,141.2,117,98,39.1,1,Medicaid,0,2,0,4.6,1
57,0,0,Emergency,3,GI,2,4,7.7,2.41,6.3,134.8,125,86,36.9,0,Medicare,0,0,1,6.4,1
77,1,2,Elective,2,Orthopedic,3,1,5.9,1.16,10.5,137.0,83,72,37.4,1,Medicaid,0,1,0,3.4,1
36,1,1,Urgent,5,Infection,3,0,9.7,1.24,4.0,140.1,116,79,36.6,0,Medicare,1,0,0,5.4,1
57,1,0,Emergency,0,Cardiac,5,2,7.4,1.27,13.5,137.2,134,95,39.4,2,Private,0,2,1,5.4,1
21,1,0,Emergency,4,Neurological,3,2,4.0,0.62,9.3,135.7,141,71,36.7,0,Medicare,1,0,1,6.3,1
74,0,0,Emergency,3,GI,4,1,5.5,0.57,13.1,140.7,125,54,36.4,2,Private,1,3,1,7.5,2
38,1,0,Emergency,3,GI,5,2,4.0,2.0,10.0,137.9,112,68,37.2,2,Private,0,1,1,6.5,1
80,1,2,Elective,2,Orthopedic,1,2,6.2,2.09,7.5,138.8,167,73,38.6,0,Medicare,0,1,0,4.9,1
79,1,1,Urgent,0,Cardiac,1,3,4.8,1.79,8.0,135.3,115,62,36.1,2,Private,0,2,0,5.9,1
69,1,1,Urgent,3,GI,2,1,6.6,0.95,7.6,135.6,89,88,36.4,2,Private,1,2,0,5.5,1
18,0,1,Urgent,4,Neurological,4,1,6.1,0.83,10.6,140.9,93,122,37.7,2,Private,0,3,0,5.4,1
50,1,0,Emergency,0,Cardiac,5,0,7.2,0.91,6.3,143.8,155,88,36.1,3,Self-Pay,0,1,1,3.9,1
50,0,0,Emergency,2,Orthopedic,2,3,9.1,0.46,9.0,136.0,142,94,38.3,0,Medicare,0,2,1,3.2,1
62,1,2,Elective,0,Cardiac,6,3,8.8,1.01,9.4,140.9,139,80,37.1,0,Medicare,0,0,0,4.3,1
83,1,1,Urgent,3,GI,1,6,9.4,1.11,3.5,140.3,116,75,37.2,0,Medicare,0,1,0,4.6,1
69,1,1,Urgent,4,Neurological,5,2,6.3,1.08,5.1,141.2,86,96,36.7,0,Medicare,0,0,0,6.0,1
56,1,2,Elective,3,GI,3,2,6.0,0.85,3.1,137.7,101,87,36.7,0,Medicare,1,4,0,7.1,2
62,0,0,Emergency,1,Respiratory,1,1,5.1,1.28,8.0,141.8,86,65,36.7,1,Medicaid,0,0,1,4.6,1
83,0,2,Elective,0,Cardiac,5,0,5.4,1.84,8.7,140.2,127,93,37.8,0,Medicare,0,0,0,4.4,1
94,1,2,Elective,4,Neurological,3,3,7.3,0.74,11.6,136.3,153,86,38.1,0,Medicare,0,2,0,6.9,1
57,0,0,Emergency,1,Respiratory,1,2,4.2,0.91,5.9,136.4,107,102,38.4,2,Private,0,1,1,3.0,0
50,0,0,Emergency,0,Cardiac,6,1,5.8,0.4,4.3,147.6,130,85,37.3,1,Medicaid,0,1,1,5.2,1
50,1,2,Elective,3,GI,3,5,4.2,2.04,7.1,141.2,145,74,36.9,1,Medicaid,0,2,0,6.9,1
44,0,0,Emergency,1,Respiratory,1,1,6.6,0.9,10.3,139.0,98,79,36.7,0,Medicare,1,0,1,3.1,1
77,1,0,Emergency,4,Neurological,1,0,4.7,1.21,15.0,136.9,139,83,36.0,3,Self-Pay,0,0,1,4.0,1
58,1,1,Urgent,0,Cardiac,2,0,4.0,0.92,9.4,136.6,133,72,35.8,0,Medicare,0,0,0,3.6,1
67,1,1,Urgent,2,Orthopedic,2,2,6.3,1.21,5.4,138.9,118,64,37.1,1,Medicaid,0,1,0,3.3,1
64,1,2,Elective,1,Respiratory,2,2,4.0,1.48,10.4,134.1,158,63,37.2,3,Self-Pay,0,0,0,1.8,0
66,0,2,Elective,3,GI,5,2,7.0,0.86,9.4,132.0,142,64,36.9,2,Private,0,2,0,5.3,1
62,0,2,Elective,2,Orthopedic,2,3,5.6,1.42,9.1,140.7,143,84,37.3,0,Medicare,0,0,0,2.7,0
28,0,2,Elective,4,Neurological,3,2,6.7,0.52,4.3,144.1,124,86,39.1,2,Private,1,0,0,5.0,1
76,1,0,Emergency,2,Orthopedic,6,3,4.0,1.6,10.4,144.2,151,88,37.2,1,Medicaid,1,0,1,6.0,1
67,0,1,Urgent,0,Cardiac,3,0,8.9,0.79,7.4,140.6,90,81,37.9,0,Medicare,0,1,0,4.8,1
50,0,0,Emergency,0,Cardiac,3,1,4.4,1.5,7.3,136.4,122,87,37.4,1,Medicaid,0,0,1,4.6,1
50,1,0,Emergency,5,Infection,4,3,9.7,1.44,12.2,143.7,120,85,36.7,2,Private,0,3,1,8.3,2
56,0,2,Elective,2,Orthopedic,2,4,5.7,3.89,11.0,144.3,117,96,36.7,1,Medicaid,1,1,0,6.3,1
61,1,0,Emergency,3,GI,3,1,8.8,1.73,5.0,139.2,114,82,36.9,3,Self-Pay,0,2,1,4.7,1
90,1,2,Elective,5,Infection,4,4,8.2,2.0,14.3,143.0,145,89,38.8,1,Medicaid,0,0,0,6.5,1
50,1,0,Emergency,0,Cardiac,5,4,5.7,1.32,12.7,130.1,117,110,37.0,0,Medicare,0,1,1,6.6,1
32,1,2,Elective,3,GI,4,5,7.7,1.25,6.1,139.6,127,81,38.5,0,Medicare,0,0,0,1.8,0
87,0,0,Emergency,1,Respiratory,3,3,5.9,0.49,1.5,139.6,181,107,36.9,2,Private,0,0,1,5.7,1
64,1,0,Emergency,1,Respiratory,2,0,6.1,2.17,10.2,135.9,129,95,37.3,0,Medicare,0,1,1,3.1,1
35,1,1,Urgent,1,Respiratory,2,3,7.8,2.8,9.9,136.6,119,101,37.0,1,Medicaid,0,0,0,3.9,1
50,0,0,Emergency,4,Neurological,2,1,4.0,1.16,5.7,142.2,115,94,37.0,1,Medicaid,0,2,1,6.9,1
75,0,1,Urgent,1,Respiratory,5,4,5.4,0.85,15.4,139.5,124,60,37.1,2,Private,0,0,0,3.5,1
66,1,2,Elective,0,Cardiac,3,2,7.3,0.89,8.6,140.6,123,76,37.1,1,Medicaid,0,2,0,2.6,0
57,0,1,Urgent,0,Cardiac,3,4,8.1,1.07,8.9,142.3,166,69,37.8,2,Private,1,0,0,8.3,2
22,1,0,Emergency,0,Cardiac,6,2,6.8,0.81,10.2,140.0,131,81,35.8,2,Private,0,1,1,4.8,1
57,0,0,Emergency,5,Infection,1,2,5.3,1.3,13.3,139.5,119,60,39.1,0,Medicare,0,1,1,6.3,1
50,0,0,Emergency,2,Orthopedic,2,3,7.4,1.78,10.0,140.2,174,112,37.9,0,Medicare,0,1,1,2.9,0
28,1,1,Urgent,5,Infection,2,2,5.9,1.09,9.3,132.3,116,100,35.8,3,Self-Pay,0,0,0,5.5,1
21,0,1,Urgent,4,Neurological,3,2,10.5,1.43,3.9,141.9,98,48,36.9,1,Medicaid,1,0,0,5.6,1
88,1,0,Emergency,4,Neurological,4,2,6.8,1.8,8.9,139.8,118,83,37.4,2,Private,0,2,1,6.9,1
70,0,2,Elective,1,Respiratory,5,2,4.0,0.98,13.7,140.8,93,101,36.4,0,Medicare,0,1,0,3.4,1
71,0,0,Emergency,1,Respiratory,6,1,5.6,2.42,6.7,137.9,135,112,35.5,1,Medicaid,0,0,1,5.4,1
43,1,1,Urgent,3,GI,3,1,4.9,2.77,9.5,138.9,127,69,37.3,0,Medicare,0,0,0,2.6,0
58,1,1,Urgent,2,Orthopedic,4,0,4.0,2.11,1.5,142.3,135,77,37.8,0,Medicare,1,1,0,6.8,1
88,1,0,Emergency,2,Orthopedic,3,3,4.4,1.3,14.0,131.6,118,95,37.1,2,Private,0,1,1,5.2,1
64,1,2,Elective,0,Cardiac,4,2,6.2,0.74,8.6,128.6,132,83,38.3,1,Medicaid,0,1,0,3.3,1
66,1,1,Urgent,5,Infection,4,3,5.0,1.5,8.4,142.3,160,77,37.6,1,Medicaid,0,0,0,7.2,2
33,1,1,Urgent,0,Cardiac,4,2,7.0,1.38,10.8,137.8,144,84,36.1,2,Private,1,2,0,7.3,2
85,0,1,Urgent,0,Cardiac,2,4,7.0,2.65,10.0,130.0,147,74,36.0,1,Medicaid,1,3,0,7.6,2
45,1,2,Elective,3,GI,5,3,6.1,0.99,10.5,135.6,141,57,36.7,0,Medicare,1,3,0,5.1,1
27,0,1,Urgent,0,Cardiac,3,3,6.4,0.83,4.9,139.6,159,93,38.3,2,Private,0,0,0,5.4,1
31,0,0,Emergency,0,Cardiac,2,0,9.8,2.64,13.6,137.9,132,80,36.7,1,Medicaid,1,2,1,7.2,2
26,0,0,Emergency,0,Cardiac,5,0,9.2,1.05,13.1,138.1,129,74,35.4,1,Medicaid,0,3,1,8.4,2
83,0,0,Emergency,0,Cardiac,3,7,6.8,1.17,10.2,139.8,128,80,36.8,2,Private,0,1,1,6.3,1
51,1,0,Emergency,1,Respiratory,2,3,6.8,0.87,14.4,134.9,113,71,37.3,1,Medicaid,1,0,1,7.3,2
62,0,2,Elective,1,Respiratory,3,2,7.4,1.27,9.1,132.5,124,69,37.3,2,Private,1,1,0,5.1,1
30,0,0,Emergency,2,Orthopedic,4,3,7.2,1.16,7.4,141.3,156,49,39.7,2,Private,0,2,1,2.7,0
50,1,2,Elective,2,Orthopedic,4,3,7.3,1.16,10.0,143.5,115,79,37.1,1,Medicaid,1,2,0,4.2,1
62,0,0,Emergency,2,Orthopedic,3,0,4.0,1.24,13.2,138.3,127,71,36.7,0,Medicare,0,1,1,4.5,1
74,1,0,Emergency,3,GI,7,3,6.6,1.18,7.6,128.8,147,70,36.6,0,Medicare,0,0,1,5.9,1
34,0,2,Elective,1,Respiratory,4,0,7.8,0.66,7.3,137.2,127,99,38.4,3,Self-Pay,0,1,0,2.5,0
34,0,0,Emergency,0,Cardiac,3,2,6.1,1.95,5.3,133.3,125,58,37.2,0,Medicare,0,1,1,4.2,1
67,0,1,Urgent,5,Infection,1,0,4.9,1.71,9.0,136.4,137,83,37.3,1,Medicaid,0,1,0,5.2,1
36,0,2,Elective,3,GI,1,0,6.3,1.5,9.7,137.5,144,82,36.0,2,Private,1,1,0,2.5,0
30,1,2,Elective,0,Cardiac,2,2,6.6,0.84,5.4,144.2,99,84,37.0,2,Private,0,1,0,4.0,1
55,1,2,Elective,5,Infection,6,2,4.0,1.92,2.0,140.8,147,123,36.9,2,Private,0,1,0,5.9,1
60,0,2,Elective,3,GI,2,2,5.5,1.13,7.7,128.3,132,52,37.5,2,Private,0,0,0,1.4,0
73,0,1,Urgent,0,Cardiac,1,3,7.8,0.97,9.9,132.5,98,87,35.3,3,Self-Pay,0,1,0,5.1,1
70,0,0,Emergency,5,Infection,3,1,7.2,1.07,15.0,142.4,139,84,37.6,0,Medicare,1,3,1,8.7,2
71,1,1,Urgent,1,Respiratory,2,1,7.0,1.09,11.7,135.1,149,91,38.4,0,Medicare,0,4,0,3.7,1
67,0,2,Elective,5,Infection,4,1,9.3,0.69,17.4,139.5,127,72,36.8,2,Private,0,2,0,6.2,1
67,1,1,Urgent,0,Cardiac,2,3,6.8,1.65,7.3,135.5,137,97,36.3,0,Medicare,1,0,0,6.5,1
56,1,0,Emergency,0,Cardiac,2,2,6.8,1.25,10.6,141.5,135,79,38.0,2,Private,1,0,1,5.6,1
56,0,1,Urgent,3,GI,1,3,8.6,1.72,8.6,139.4,152,89,36.1,2,Private,0,1,0,3.5,1
41,1,1,Urgent,0,Cardiac,1,4,6.5,0.9,17.8,141.4,143,99,38.0,1,Medicaid,1,0,0,8.4,2
94,1,0,Emergency,0,Cardiac,3,1,7.4,1.39,11.1,130.6,122,72,38.4,0,Medicare,0,0,1,3.5,1
66,1,1,Urgent,4,Neurological,3,6,4.0,1.12,1.5,140.0,100,90,37.3,0,Medicare,0,3,0,6.4,1
65,0,1,Urgent,0,Cardiac,4,0,7.4,0.96,6.8,132.4,111,80,37.5,2,Private,0,2,0,4.5,1
55,1,1,Urgent,5,Infection,2,0,5.9,1.36,3.7,141.4,144,91,37.3,2,Private,0,1,0,5.8,1
57,0,0,Emergency,2,Orthopedic,5,4,6.4,1.58,13.6,146.4,143,76,36.9,0,Medicare,0,0,1,4.7,1
18,0,0,Emergency,5,Infection,3,2,9.2,0.89,6.2,131.5,105,82,37.8,0,Medicare,0,1,1,4.9,1
84,1,1,Urgent,2,Orthopedic,1,2,7.2,2.36,10.5,140.3,113,94,37.2,0,Medicare,0,2,0,5.5,1
42,1,1,Urgent,2,Orthopedic,5,1,7.2,1.04,8.5,132.5,121,53,37.1,0,Medicare,1,2,0,6.1,1
56,0,0,Emergency,1,Respiratory,3,2,5.6,3.11,7.6,135.6,156,112,37.1,2,Private,0,1,1,4.7,1
68,1,0,Emergency,3,GI,2,2,6.2,0.83,5.6,136.2,117,77,37.0,0,Medicare,0,1,1,4.5,1
59,1,0,Emergency,1,Respiratory,4,1,8.9,1.0,7.3,140.5,105,99,36.4,0,Medicare,1,2,1,6.0,1
71,0,1,Urgent,1,Respiratory,3,4,7.3,0.45,9.2,141.9,157,96,37.3,2,Private,1,2,0,4.7,1
73,0,2,Elective,0,Cardiac,3,1,9.5,1.16,7.9,141.9,126,83,37.2,2,Private,1,2,0,6.5,1
88,0,2,Elective,0,Cardiac,4,4,4.9,2.0,10.8,134.3,124,70,36.9,0,Medicare,0,1,0,6.0,1
39,1,2,Elective,1,Respiratory,4,6,4.0,0.74,2.9,140.4,118,85,36.6,1,Medicaid,0,1,0,1.4,0
79,1,1,Urgent,4,Neurological,2,2,6.1,1.55,3.9,134.8,113,114,37.8,0,Medicare,0,2,0,5.7,1
79,0,1,Urgent,0,Cardiac,5,2,8.2,0.86,11.6,137.6,135,48,37.5,2,Private,0,1,0,3.0,0
90,1,0,Emergency,1,Respiratory,2,4,6.9,1.34,5.4,134.8,123,98,36.1,2,Private,1,1,1,5.9,1
81,1,1,Urgent,5,Infection,5,2,4.2,1.72,3.5,140.2,110,74,36.6,0,Medicare,0,0,0,6.1,1
73,1,0,Emergency,3,GI,5,0,5.6,3.17,10.0,135.2,112,40,38.9,0,Medicare,1,0,1,8.9,2
77,0,1,Urgent,5,Infection,1,2,7.6,2.01,8.4,137.8,146,54,36.2,2,Private,0,0,0,5.0,1
83,1,0,Emergency,5,Infection,3,3,8.3,1.01,12.0,140.2,148,67,36.5,0,Medicare,1,0,1,8.3,2
78,1,0,Emergency,0,Cardiac,4,2,5.2,0.58,1.5,131.2,121,64,36.8,2,Private,0,1,1,3.0,0
66,0,0,Emergency,5,Infection,7,0,8.9,1.46,2.9,142.0,129,79,38.2,0,Medicare,0,1,1,6.3,1
26,0,2,Elective,0,Cardiac,4,2,7.8,2.22,10.8,145.3,137,84,38.4,0,Medicare,1,0,0,4.1,1
59,1,0,Emergency,5,Infection,2,1,5.3,1.19,10.9,133.2,127,93,36.1,1,Medicaid,0,1,1,3.7,1
50,0,0,Emergency,2,Orthopedic,1,3,9.8,0.96,11.7,130.4,122,96,36.0,0,Medicare,0,1,1,3.5,1
52,1,2,Elective,2,Orthopedic,3,3,5.5,1.67,11.1,139.5,128,74,36.8,0,Medicare,1,1,0,3.3,1
50,0,1,Urgent,3,GI,6,3,5.9,1.08,9.2,140.6,148,106,37.2,0,Medicare,0,1,0,5.0,1
70,0,0,Emergency,5,Infection,2,1,8.0,1.03,6.9,132.4,118,94,38.6,2,Private,0,0,1,6.2,1
62,0,0,Emergency,3,GI,4,1,6.0,1.34,2.4,135.8,123,108,36.3,1,Medicaid,0,0,1,3.6,1
64,0,0,Emergency,2,Orthopedic,2,1,9.3,1.63,15.8,138.9,156,91,38.2,0,Medicare,0,2,1,4.2,1
79,0,1,Urgent,0,Cardiac,2,3,8.5,0.72,5.6,137.0,138,72,37.6,1,Medicaid,0,1,0,4.8,1
57,1,2,Elective,4,Neurological,6,3,7.2,0.53,13.1,141.4,151,72,37.7,0,Medicare,0,0,0,5.1,1
63,0,0,Emergency,0,Cardiac,3,2,8.0,0.68,6.9,139.8,131,63,37.6,0,Medicare,0,1,1,3.4,1
37,1,2,Elective,4,Neurological,2,1,5.6,0.81,8.2,134.4,147,69,37.8,2,Private,0,1,0,5.8,1
64,1,0,Emergency,2,Orthopedic,2,2,5.9,2.8,6.1,141.4,178,81,38.0,2,Private,0,1,1,4.7,1
83,0,0,Emergency,1,Respiratory,4,1,4.0,0.94,9.2,137.4,138,72,37.1,2,Private,1,2,1,8.5,2
85,0,2,Elective,3,GI,3,3,7.2,1.47,10.7,133.9,105,78,36.4,0,Medicare,0,1,0,5.0,1
80,1,0,Emergency,4,Neurological,5,3,10.4,0.9,3.0,136.0,111,90,38.1,1,Medicaid,1,0,1,8.1,2
40,0,2,Elective,5,Infection,3,0,5.5,0.86,10.8,140.4,131,77,36.4,2,Private,0,1,0,2.7,0
88,0,1,Urgent,1,Respiratory,3,0,4.0,1.9,14.8,132.5,127,130,37.0,2,Private,0,0,0,4.1,1
85,1,0,Emergency,5,Infection,5,3,7.8,0.52,10.8,133.4,144,77,37.1,0,Medicare,0,2,1,4.7,1
61,0,1,Urgent,5,Infection,1,1,7.1,2.09,11.8,144.8,97,118,37.5,1,Medicaid,0,1,0,5.4,1
72,0,1,Urgent,4,Neurological,3,4,7.5,1.16,8.4,134.1,107,71,37.6,3,Self-Pay,0,3,0,5.5,1
78,1,2,Elective,5,Infection,3,1,5.9,1.22,7.2,143.1,128,71,36.6,0,Medicare,0,3,0,4.6,1
36,1,0,Emergency,3,GI,3,1,4.0,1.89,9.9,132.3,127,111,38.6,0,Medicare,1,0,1,5.3,1
99,0,0,Emergency,0,Cardiac,2,0,4.8,2.2,5.2,139.2,105,97,38.4,0,Medicare,0,0,1,4.0,1
64,1,0,Emergency,3,GI,1,1,4.0,0.78,8.0,141.9,166,80,37.4,2,Private,0,1,1,1.5,0
86,1,1,Urgent,4,Neurological,3,1,8.2,0.58,3.1,133.5,138,69,37.2,2,Private,0,1,0,6.5,1
55,1,0,Emergency,5,Infection,6,1,7.5,0.55,5.0,134.7,122,97,36.6,1,Medicaid,1,0,1,7.3,2
70,0,0,Emergency,3,GI,2,5,6.0,1.17,13.1,142.6,145,84,37.2,0,Medicare,1,0,1,6.9,1
53,1,2,Elective,4,Neurological,5,1,4.5,0.77,1.5,145.8,115,104,37.2,1,Medicaid,1,0,0,5.3,1
50,0,0,Emergency,3,GI,4,2,6.0,0.65,11.6,140.9,172,67,35.8,2,Private,1,1,1,6.8,1
77,1,0,Emergency,1,Respiratory,2,3,4.0,1.47,16.0,137.5,114,78,37.9,0,Medicare,1,0,1,9.1,2
34,0,1,Urgent,0,Cardiac,3,1,5.5,1.51,9.9,138.0,122,92,39.0,0,Medicare,0,0,0,2.2,0
73,1,2,Elective,4,Neurological,2,0,10.5,1.03,5.6,133.5,164,89,36.8,1,Medicaid,1,0,0,5.2,1
50,0,0,Emergency,1,Respiratory,2,0,6.8,1.03,11.2,129.9,114,70,37.2,1,Medicaid,1,0,1,6.1,1
75,0,0,Emergency,1,Respiratory,3,1,10.8,1.3,4.0,140.9,125,87,38.1,3,Self-Pay,0,3,1,4.2,1
87,1,0,Emergency,3,GI,4,2,4.0,0.67,6.2,130.7,124,83,36.4,1,Medicaid,0,0,1,5.0,1
65,0,0,Emergency,4,Neurological,2,1,6.2,1.49,4.3,135.9,99,65,35.6,1,Medicaid,1,1,1,6.8,1
74,0,1,Urgent,3,GI,4,3,4.5,1.64,4.4,137.5,136,103,37.1,1,Medicaid,0,1,0,1.0,0
55,1,1,Urgent,5,Infection,2,2,5.4,2.11,12.1,134.7,145,50,37.9,2,Private,0,0,0,6.9,1
50,1,1,Urgent,0,Cardiac,5,3,6.5,0.51,8.4,140.8,141,74,36.7,0,Medicare,1,0,0,8.0,2
88,0,1,Urgent,1,Respiratory,7,2,5.7,1.46,11.2,137.9,129,95,36.8,0,Medicare,0,1,0,6.1,1
71,0,2,Elective,3,GI,5,1,4.5,1.51,9.8,136.2,84,93,36.1,1,Medicaid,1,1,0,5.8,1
50,1,1,Urgent,4,Neurological,3,4,5.5,2.39,3.6,140.2,138,79,35.6,3,Self-Pay,1,3,0,8.9,2
59,1,2,Elective,2,Orthopedic,2,0,4.8,1.06,8.0,139.3,114,60,37.9,1,Medicaid,0,0,0,1.0,0
67,0,1,Urgent,0,Cardiac,3,2,7.0,1.07,5.7,141.3,107,67,39.0,1,Medicaid,0,2,0,6.4,1
75,1,2,Elective,3,GI,5,1,8.1,1.05,7.3,136.3,132,66,38.3,2,Private,1,0,0,7.0,1
37,1,0,Emergency,4,Neurological,1,2,8.6,0.97,8.7,141.3,118,54,37.5,2,Private,0,1,1,4.9,1
69,0,0,Emergency,1,Respiratory,3,1,6.8,0.78,7.9,139.2,113,106,36.7,0,Medicare,0,0,1,5.5,1
68,0,2,Elective,0,Cardiac,4,2,6.4,0.73,9.7,140.8,153,113,38.2,2,Private,0,2,0,1.0,0
72,0,0,Emergency,2,Orthopedic,3,1,4.0,0.85,9.4,141.8,124,71,37.6,2,Private,1,2,1,5.3,1
71,1,1,Urgent,0,Cardiac,4,3,6.4,1.42,5.5,141.0,120,53,36.3,0,Medicare,1,2,0,8.3,2
29,0,1,Urgent,2,Orthopedic,2,3,6.9,0.78,9.4,138.0,143,84,36.0,2,Private,0,1,0,2.2,0
34,0,2,Elective,0,Cardiac,1,1,5.9,1.54,15.1,139.3,126,83,36.2,0,Medicare,0,0,0,2.6,0
63,1,1,Urgent,1,Respiratory,3,2,4.4,1.14,7.1,141.8,139,96,37.0,0,Medicare,0,2,0,4.0,1
50,0,0,Emergency,1,Respiratory,3,1,7.9,1.48,3.9,134.1,88,86,37.6,3,Self-Pay,0,2,1,3.8,1
20,1,0,Emergency,0,Cardiac,2,2,5.0,1.59,8.1,138.9,86,84,37.7,1,Medicaid,0,0,1,4.3,1
58,0,2,Elective,0,Cardiac,3,2,8.1,1.03,11.8,129.7,109,66,36.7,2,Private,0,0,0,4.2,1
64,1,0,Emergency,4,Neurological,2,2,8.0,1.97,11.3,137.3,124,79,37.2,0,Medicare,0,2,1,4.3,1
68,0,2,Elective,0,Cardiac,2,3,4.0,1.95,10.3,128.5,151,98,37.9,2,Private,1,3,0,4.7,1
88,0,0,Emergency,3,GI,2,2,8.0,0.68,14.5,135.1,98,108,37.4,0,Medicare,1,2,1,6.5,1
22,1,0,Emergency,4,Neurological,2,1,6.1,0.85,14.1,130.8,101,84,36.6,2,Private,1,1,1,7.3,2
79,1,0,Emergency,0,Cardiac,2,0,4.0,1.0,13.0,142.2,149,88,36.4,0,Medicare,0,2,1,4.5,1
57,1,1,Urgent,0,Cardiac,2,1,5.4,1.84,8.1,135.5,109,79,35.7,2,Private,0,2,0,5.8,1
87,1,0,Emergency,3,GI,4,3,8.3,2.08,18.8,133.9,106,90,36.4,0,Medicare,0,1,1,6.8,1
70,1,0,Emergency,1,Respiratory,3,1,6.5,1.33,6.7,138.9,147,58,37.3,0,Medicare,1,0,1,5.2,1
62,1,0,Emergency,2,Orthopedic,4,2,5.3,2.2,12.1,135.0,80,95,37.5,0,Medicare,0,0,1,4.7,1
61,1,0,Emergency,4,Neurological,3,4,6.7,0.99,6.7,132.9,136,110,38.7,1,Medicaid,1,3,1,9.1,2
72,1,0,Emergency,0,Cardiac,3,1,6.2,2.28,11.7,136.9,150,80,37.8,0,Medicare,1,4,1,9.6,2
72,1,0,Emergency,3,GI,4,3,4.3,1.78,11.0,131.8,126,87,37.7,0,Medicare,0,2,1,4.1,1
79,1,2,Elective,5,Infection,1,1,4.3,1.26,7.9,145.8,123,66,37.5,0,Medicare,0,1,0,6.0,1
38,0,0,Emergency,0,Cardiac,1,4,6.9,1.56,1.7,138.5,144,102,36.0,2,Private,0,1,1,3.4,1
62,0,0,Emergency,0,Cardiac,2,1,7.6,1.99,16.6,140.6,134,77,35.7,2,Private,1,0,1,7.8,2
63,0,2,Elective,3,GI,8,5,5.8,0.95,14.6,143.1,84,69,38.4,3,Self-Pay,0,2,0,4.0,1
35,1,0,Emergency,5,Infection,4,3,6.9,0.88,14.2,143.3,88,85,36.4,1,Medicaid,0,0,1,5.1,1
52,1,2,Elective,1,Respiratory,3,2,5.1,1.49,3.9,140.8,138,74,38.4,1,Medicaid,0,1,0,3.3,1
24,1,0,Emergency,1,Respiratory,4,1,9.9,1.07,12.5,136.6,106,71,36.4,1,Medicaid,0,0,1,5.1,1
64,0,0,Emergency,0,Cardiac,5,3,6.5,1.16,8.5,139.0,133,69,38.1,1,Medicaid,0,2,1,7.6,2
70,0,0,Emergency,1,Respiratory,4,0,4.0,2.33,7.5,138.3,138,54,37.5,1,Medicaid,0,2,1,4.5,1
64,1,1,Urgent,0,Cardiac,2,2,4.6,0.81,6.1,138.4,132,65,38.4,2,Private,1,1,0,6.8,1
73,1,1,Urgent,1,Respiratory,2,4,5.9,1.72,14.1,140.0,107,103,35.6,0,Medicare,1,0,0,5.8,1
52,0,0,Emergency,3,GI,3,3,8.4,1.31,10.1,138.8,126,96,38.0,2,Private,0,1,1,5.5,1
60,1,2,Elective,5,Infection,2,2,7.7,0.71,9.1,136.4,108,81,35.7,3,Self-Pay,1,0,0,4.7,1
76,0,1,Urgent,4,Neurological,1,1,5.3,0.65,10.3,148.6,125,81,37.5,2,Private,0,1,0,5.1,1
78,0,0,Emergency,4,Neurological,1,4,4.0,0.41,9.7,132.7,122,61,36.9,0,Medicare,0,0,1,6.5,1
68,1,1,Urgent,1,Respiratory,3,4,6.1,0.95,12.5,139.3,115,97,38.0,2,Private,0,3,0,5.5,1
51,1,2,Elective,0,Cardiac,1,3,5.3,0.72,1.7,140.6,141,73,37.0,2,Private,0,1,0,5.5,1
66,1,0,Emergency,3,GI,1,3,6.1,1.18,7.6,143.0,161,93,36.6,2,Private,0,3,1,5.2,1
73,0,0,Emergency,2,Orthopedic,3,1,6.4,1.26,4.1,137.5,132,76,37.2,1,Medicaid,1,0,1,5.0,1
36,0,2,Elective,2,Orthopedic,5,3,7.0,0.54,9.9,140.7,109,71,36.7,0,Medicare,0,3,0,5.1,1
72,0,2,Elective,0,Cardiac,1,1,6.2,0.45,3.5,136.7,111,107,37.0,0,Medicare,0,1,0,1.9,0
41,0,0,Emergency,2,Orthopedic,6,1,4.0,1.49,4.7,142.0,111,81,36.9,1,Medicaid,0,1,1,5.5,1
77,1,2,Elective,0,Cardiac,2,3,7.0,0.97,10.1,139.3,130,95,36.3,3,Self-Pay,0,0,0,3.4,1
69,0,0,Emergency,2,Orthopedic,1,1,7.3,0.79,8.0,141.2,111,88,37.9,2,Private,0,0,1,1.8,0
59,0,2,Elective,0,Cardiac,3,3,5.4,1.03,10.2,139.4,137,71,36.8,1,Medicaid,0,3,0,5.3,1
50,0,1,Urgent,4,Neurological,4,1,4.0,1.42,4.8,136.9,126,99,37.4,1,Medicaid,0,4,0,3.8,1
62,1,2,Elective,0,Cardiac,5,2,7.5,1.8,8.2,132.8,117,66,37.8,0,Medicare,0,4,0,4.9,1
88,1,2,Elective,5,Infection,3,2,6.0,1.15,8.8,133.4,149,73,36.6,3,Self-Pay,0,0,0,5.5,1
20,1,0,Emergency,5,Infection,4,0,5.0,1.3,4.2,135.5,116,66,37.7,2,Private,0,1,1,5.8,1
80,0,0,Emergency,4,Neurological,1,2,6.7,1.76,6.6,137.3,111,80,37.0,0,Medicare,0,1,1,5.6,1
53,0,1,Urgent,5,Infection,2,1,8.4,1.74,9.6,140.5,101,83,36.9,0,Medicare,0,1,0,4.5,1
73,0,0,Emergency,0,Cardiac,1,2,5.6,1.94,7.7,138.0,186,64,37.8,0,Medicare,0,1,1,4.1,1
52,0,1,Urgent,3,GI,2,2,6.0,0.65,6.0,140.5,139,70,37.3,3,Self-Pay,0,0,0,3.4,1
28,0,2,Elective,4,Neurological,3,0,5.9,0.4,9.8,143.3,153,80,37.3,0,Medicare,0,0,0,2.4,0
21,0,0,Emergency,0,Cardiac,4,0,4.3,0.81,7.2,135.9,125,98,37.9,2,Private,1,2,1,6.4,1
65,1,1,Urgent,3,GI,5,3,6.3,1.77,10.0,143.9,120,68,37.1,3,Self-Pay,0,1,0,2.3,0
75,1,0,Emergency,1,Respiratory,3,5,9.4,1.13,10.9,126.9,121,94,37.7,2,Private,0,0,1,3.1,1
63,0,1,Urgent,2,Orthopedic,2,2,4.0,2.05,11.1,139.3,118,70,36.7,2,Private,1,4,0,7.6,2
82,1,0,Emergency,5,Infection,1,0,6.1,0.66,9.4,139.8,125,89,37.6,1,Medicaid,0,3,1,5.3,1
62,0,0,Emergency,2,Orthopedic,1,1,7.9,0.82,8.4,140.3,126,100,37.2,0,Medicare,0,1,1,4.2,1
70,1,2,Elective,0,Cardiac,1,0,4.4,1.41,8.9,142.8,157,99,37.7,2,Private,0,2,0,3.9,1
48,1,2,Elective,5,Infection,7,0,6.8,1.27,13.6,141.4,137,82,35.8,2,Private,0,1,0,6.9,1
71,1,2,Elective,0,Cardiac,1,3,8.1,1.28,6.6,141.5,142,83,37.6,2,Private,0,0,0,3.0,0
90,0,2,Elective,5,Infection,3,0,4.0,1.08,13.8,129.5,157,57,37.6,0,Medicare,0,2,0,4.4,1
77,0,1,Urgent,5,Infection,3,3,9.3,1.1,7.2,135.3,96,100,37.6,2,Private,0,0,0,3.6,1
73,0,1,Urgent,5,Infection,3,4,6.3,2.46,10.7,136.9,120,70,37.8,0,Medicare,0,1,0,7.1,2
55,0,0,Emergency,3,GI,3,1,5.7,1.11,9.7,141.0,149,74,36.8,0,Medicare,0,3,1,3.0,0
84,1,0,Emergency,4,Neurological,5,3,4.0,1.89,11.4,141.5,111,90,36.8,0,Medicare,0,0,1,6.3,1
18,1,0,Emergency,3,GI,10,3,5.3,1.14,1.5,134.5,98,61,36.5,0,Medicare,0,1,1,6.7,1
27,1,0,Emergency,2,Orthopedic,3,2,4.0,1.9,11.0,139.7,104,84,36.3,3,Self-Pay,0,2,1,3.0,0
50,1,0,Emergency,1,Respiratory,1,2,4.0,1.11,8.4,134.0,147,108,38.1,1,Medicaid,1,4,1,5.3,1
60,1,0,Emergency,1,Respiratory,5,3,6.8,1.06,11.2,140.5,155,99,37.2,3,Self-Pay,0,1,1,6.1,1
66,0,1,Urgent,4,Neurological,3,3,6.7,1.11,10.0,141.7,125,76,38.4,0,Medicare,0,0,0,4.0,1
82,0,0,Emergency,3,GI,5,0,4.0,1.68,12.2,142.9,136,102,36.8,1,Medicaid,0,3,1,4.7,1
78,1,1,Urgent,3,GI,5,2,6.8,0.59,5.6,133.1,127,87,36.5,2,Private,0,0,0,3.0,0
60,0,1,Urgent,3,GI,8,4,4.1,0.96,2.6,134.8,132,104,36.4,1,Medicaid,1,0,0,7.0,1
75,0,2,Elective,4,Neurological,1,3,6.8,1.57,3.3,127.3,111,62,38.9,2,Private,0,0,0,2.9,0
69,0,0,Emergency,4,Neurological,6,1,7.4,1.1,7.2,141.4,83,100,35.7,0,Medicare,0,2,1,7.2,2
81,1,1,Urgent,0,Cardiac,1,2,4.0,0.82,6.2,143.4,117,95,37.5,0,Medicare,0,0,0,2.4,0
61,1,1,Urgent,1,Respiratory,1,0,6.4,1.1,10.8,134.0,148,84,36.8,1,Medicaid,0,3,0,3.0,0
61,0,2,Elective,1,Respiratory,3,4,7.6,1.62,13.3,134.7,154,77,35.1,0,Medicare,0,4,0,5.5,1
79,1,0,Emergency,2,Orthopedic,2,2,4.4,1.97,11.5,142.1,113,57,36.5,2,Private,0,1,1,4.7,1
77,1,0,Emergency,0,Cardiac,1,1,5.9,0.71,6.9,136.9,117,90,36.5,1,Medicaid,1,3,1,8.2,2
62,1,0,Emergency,4,Neurological,2,2,7.9,2.49,8.7,142.8,137,99,36.9,2,Private,0,4,1,5.4,1
75,1,0,Emergency,0,Cardiac,1,4,5.8,0.85,11.1,137.9,168,60,37.2,0,Medicare,0,2,1,4.0,1
19,1,1,Urgent,1,Respiratory,2,1,8.3,1.1,13.8,140.2,149,95,36.1,0,Medicare,0,0,0,1.7,0
35,1,2,Elective,4,Neurological,5,3,9.1,0.73,12.7,135.3,152,82,36.8,0,Medicare,0,3,0,4.1,1
67,0,0,Emergency,0,Cardiac,3,3,9.0,1.29,12.7,138.1,101,83,36.4,1,Medicaid,0,1,1,5.2,1
73,0,0,Emergency,3,GI,1,0,5.5,0.93,10.4,127.5,161,88,37.4,2,Private,0,1,1,2.3,0
82,1,0,Emergency,5,Infection,3,2,4.6,0.9,12.9,145.6,117,111,37.6,1,Medicaid,0,2,1,4.9,1
37,0,0,Emergency,3,GI,4,4,7.6,1.4,11.8,140.3,116,82,37.0,1,Medicaid,1,2,1,7.0,1
30,0,2,Elective,3,GI,4,2,6.2,1.09,3.6,136.9,146,85,38.0,1,Medicaid,0,1,0,3.5,1
76,1,2,Elective,4,Neurological,2,2,6.3,0.86,10.1,136.2,143,80,36.7,0,Medicare,0,2,0,4.2,1
43,0,0,Emergency,1,Respiratory,3,2,10.0,0.93,6.0,132.0,140,67,36.4,2,Private,1,1,1,6.6,1
18,0,0,Emergency,3,GI,2,2,6.2,1.52,6.0,133.7,145,72,38.0,3,Self-Pay,0,0,1,3.3,1
24,0,2,Elective,1,Respiratory,4,3,5.2,0.65,9.5,139.5,125,80,36.9,2,Private,0,0,0,2.6,0
55,1,0,Emergency,1,Respiratory,4,4,4.0,1.34,9.0,138.0,150,87,36.1,2,Private,0,1,1,4.9,1
66,1,1,Urgent,0,Cardiac,2,1,4.5,0.71,8.2,141.0,151,117,36.9,2,Private,1,1,0,6.0,1
45,1,2,Elective,3,GI,3,1,5.9,1.49,4.5,133.7,158,71,37.1,0,Medicare,1,4,0,5.3,1
84,1,1,Urgent,4,Neurological,1,1,8.1,2.14,8.4,143.3,148,94,36.5,0,Medicare,0,2,0,4.2,1
72,0,0,Emergency,5,Infection,1,0,9.0,0.79,4.8,135.2,97,99,37.4,2,Private,0,3,1,6.7,1
49,0,0,Emergency,2,Orthopedic,1,1,6.7,0.78,10.1,133.8,122,91,38.3,2,Private,1,2,1,6.1,1
67,0,2,Elective,1,Respiratory,5,0,5.8,2.81,8.9,135.9,124,102,36.1,0,Medicare,0,0,0,3.4,1
41,1,0,Emergency,3,GI,3,0,5.5,1.66,11.2,144.1,132,85,37.6,0,Medicare,1,1,1,7.4,2
65,0,0,Emergency,4,Neurological,2,1,7.1,1.02,5.5,141.2,138,82,38.7,0,Medicare,0,0,1,5.0,1
74,1,2,Elective,1,Respiratory,4,2,5.1,1.12,13.1,134.0,126,103,37.5,2,Private,0,0,0,4.8,1
25,1,2,Elective,1,Respiratory,3,4,8.0,0.68,9.7,134.9,140,70,36.8,2,Private,0,0,0,2.5,0
35,0,1,Urgent,2,Orthopedic,2,2,8.6,0.45,20.8,128.6,131,99,37.7,0,Medicare,0,2,0,3.1,1
70,1,0,Emergency,2,Orthopedic,3,3,8.7,1.14,6.0,139.9,106,91,36.4,0,Medicare,0,1,1,4.8,1
50,0,1,Urgent,3,GI,4,1,4.0,0.93,14.7,137.0,95,107,36.7,2,Private,0,3,0,6.0,1
95,0,0,Emergency,2,Orthopedic,4,4,7.1,1.55,6.3,134.9,106,72,38.0,1,Medicaid,1,1,1,4.4,1
55,1,0,Emergency,0,Cardiac,6,1,6.1,1.17,12.6,143.8,101,74,38.1,1,Medicaid,0,1,1,6.6,1
61,1,2,Elective,0,Cardiac,2,0,4.0,0.99,10.8,147.3,90,86,36.8,2,Private,0,3,0,5.2,1
50,1,0,Emergency,5,Infection,1,2,6.4,0.97,3.8,139.5,144,71,37.8,2,Private,0,2,1,5.8,1
74,1,0,Emergency,1,Respiratory,5,3,5.8,0.54,8.0,139.2,159,70,38.6,1,Medicaid,1,1,1,8.2,2
27,0,0,Emergency,0,Cardiac,1,5,5.7,0.7,12.3,138.9,117,107,37.6,2,Private,1,0,1,6.4,1
88,0,1,Urgent,4,Neurological,4,2,9.4,0.71,8.3,138.0,138,89,35.7,2,Private,0,3,0,6.4,1
80,0,1,Urgent,3,GI,1,3,4.0,1.63,12.5,132.2,161,90,37.0,0,Medicare,1,1,0,5.0,1
77,0,2,Elective,3,GI,4,2,6.4,1.51,11.0,135.0,140,63,37.3,3,Self-Pay,0,3,0,4.9,1
62,0,1,Urgent,2,Orthopedic,3,2,6.8,1.29,12.8,137.9,109,80,36.2,1,Medicaid,0,0,0,4.9,1
74,1,1,Urgent,5,Infection,3,2,4.0,2.53,10.8,141.6,126,100,37.2,3,Self-Pay,0,1,0,7.4,2
50,1,1,Urgent,0,Cardiac,2,5,6.6,1.3,5.7,136.6,103,97,37.2,3,Self-Pay,1,1,0,5.6,1
80,1,0,Emergency,2,Orthopedic,2,1,6.9,1.2,9.2,144.3,110,95,37.3,2,Private,0,0,1,6.4,1
57,1,0,Emergency,3,GI,5,1,8.0,0.92,9.7,142.4,113,114,36.8,1,Medicaid,0,0,1,1.6,0
50,0,1,Urgent,0,Cardiac,5,5,4.0,1.03,9.0,137.9,82,58,36.3,2,Private,1,1,0,6.9,1
77,1,0,Emergency,2,Orthopedic,6,2,6.4,0.79,6.4,137.2,128,94,37.3,1,Medicaid,0,0,1,4.5,1
80,1,0,Emergency,4,Neurological,1,1,5.6,1.99,8.2,139.2,93,86,36.6,0,Medicare,0,0,1,5.6,1
24,0,0,Emergency,2,Orthopedic,1,1,7.1,1.44,11.1,140.3,126,68,37.9,0,Medicare,0,1,1,2.2,0
63,1,1,Urgent,5,Infection,4,2,7.1,1.08,9.2,138.3,135,77,38.0,1,Medicaid,0,1,0,4.4,1
91,0,1,Urgent,3,GI,3,3,7.0,1.06,1.5,138.9,138,88,37.3,0,Medicare,0,2,0,2.3,0
60,1,1,Urgent,4,Neurological,2,0,6.7,2.06,13.5,141.9,132,71,38.0,0,Medicare,0,1,0,6.5,1
78,1,1,Urgent,4,Neurological,3,3,6.4,1.59,7.4,137.9,137,101,37.9,1,Medicaid,0,0,0,5.8,1
64,1,2,Elective,3,GI,4,3,6.7,0.82,3.3,141.8,157,87,37.9,2,Private,1,2,0,4.4,1
39,1,0,Emergency,4,Neurological,1,3,4.0,0.6,9.0,136.7,154,88,37.4,2,Private,0,1,1,5.1,1
59,1,1,Urgent,3,GI,1,2,12.0,1.05,6.8,134.9,122,58,36.3,2,Private,1,2,0,6.0,1
43,0,0,Emergency,3,GI,5,2,7.7,1.31,5.9,135.9,113,87,37.7,1,Medicaid,0,2,1,2.2,0
28,0,0,Emergency,3,GI,6,4,9.5,0.54,9.6,136.7,167,73,37.8,2,Private,0,0,1,5.2,1
77,0,2,Elective,0,Cardiac,2,3,6.5,0.53,13.9,133.4,125,70,36.7,2,Private,0,0,0,3.7,1
60,0,0,Emergency,4,Neurological,1,1,7.5,0.97,10.6,140.1,119,83,37.1,2,Private,0,0,1,4.8,1
69,1,0,Emergency,1,Respiratory,4,1,4.0,1.63,4.2,135.7,150,88,38.9,0,Medicare,0,0,1,3.3,1
66,0,1,Urgent,2,Orthopedic,3,2,9.5,1.28,8.1,134.3,140,104,38.1,3,Self-Pay,0,2,0,2.8,0
59,1,0,Emergency,1,Respiratory,1,3,8.9,1.21,7.5,139.2,152,87,37.9,2,Private,0,2,1,2.3,0
40,1,1,Urgent,3,GI,2,6,4.8,1.0,10.8,131.7,133,103,37.5,0,Medicare,0,1,0,4.7,1
50,0,0,Emergency,5,Infection,3,2,5.4,1.76,2.3,137.9,154,64,35.8,3,Self-Pay,0,0,1,4.7,1
50,1,0,Emergency,4,Neurological,2,1,6.2,1.6,11.1,136.8,118,87,37.6,3,Self-Pay,0,2,1,5.8,1
79,0,2,Elective,3,GI,1,4,7.2,2.68,5.8,133.7,114,90,36.4,0,Medicare,0,1,0,2.6,0
65,1,1,Urgent,3,GI,1,1,6.1,1.09,7.0,140.2,106,76,37.0,2,Private,0,0,0,3.7,1
75,1,0,Emergency,2,Orthopedic,5,3,7.7,1.98,12.2,135.7,169,62,37.9,1,Medicaid,0,1,1,3.7,1
84,0,1,Urgent,0,Cardiac,2,3,6.9,0.98,10.2,141.0,108,93,38.5,0,Medicare,1,3,0,9.4,2
26,1,2,Elective,1,Respiratory,4,1,7.0,1.0,10.9,139.3,118,97,35.3,2,Private,0,0,0,3.8,1
50,1,1,Urgent,2,Orthopedic,1,1,6.6,1.35,12.4,136.1,135,88,38.1,2,Private,0,2,0,2.7,0
55,1,0,Emergency,5,Infection,4,3,9.0,1.06,8.0,145.0,140,81,36.3,2,Private,0,2,1,7.8,2
56,1,0,Emergency,2,Orthopedic,4,1,8.0,0.94,5.5,138.7,157,73,35.7,1,Medicaid,0,1,1,1.1,0
37,0,0,Emergency,3,GI,4,3,5.8,1.49,9.9,136.7,112,85,36.3,2,Private,0,3,1,3.8,1
57,0,0,Emergency,5,Infection,1,3,8.2,0.9,11.9,145.2,84,101,37.6,2,Private,0,0,1,4.3,1
69,1,0,Emergency,2,Orthopedic,2,2,4.9,2.95,9.2,136.6,138,82,37.1,0,Medicare,0,2,1,4.4,1
70,1,0,Emergency,1,Respiratory,3,1,5.5,1.41,13.6,148.3,175,82,37.0,2,Private,1,1,1,5.6,1
66,0,2,Elective,1,Respiratory,1,2,8.1,1.49,7.9,140.4,132,87,37.5,1,Medicaid,1,2,0,6.1,1
50,0,1,Urgent,1,Respiratory,4,2,7.5,1.38,8.3,145.2,123,56,36.4,0,Medicare,0,2,0,5.2,1
28,0,0,Emergency,3,GI,2,2,7.0,2.71,5.0,142.6,162,81,37.3,2,Private,0,0,1,6.4,1
82,0,1,Urgent,1,Respiratory,3,2,7.3,2.21,5.7,135.7,135,89,37.2,0,Medicare,0,2,0,6.7,1
50,0,1,Urgent,4,Neurological,3,0,9.5,1.88,9.7,140.2,110,77,38.2,0,Medicare,0,1,0,4.7,1
55,0,0,Emergency,5,Infection,1,2,6.4,2.28,4.5,144.2,96,97,37.8,1,Medicaid,0,0,1,5.6,1
42,1,1,Urgent,1,Respiratory,3,2,6.5,1.15,8.8,146.8,81,75,36.9,3,Self-Pay,1,0,0,6.6,1
77,0,0,Emergency,0,Cardiac,1,3,9.0,1.91,8.9,139.0,109,70,37.8,0,Medicare,1,2,1,8.1,2
62,0,1,Urgent,3,GI,5,2,4.6,1.34,11.0,132.9,136,87,38.0,3,Self-Pay,0,1,0,3.9,1
51,0,0,Emergency,1,Respiratory,1,2,5.7,2.0,12.4,139.9,133,118,37.0,1,Medicaid,1,0,1,7.9,2
50,1,0,Emergency,2,Orthopedic,4,2,7.7,1.23,10.7,136.0,94,77,38.6,1,Medicaid,0,2,1,5.3,1
83,1,0,Emergency,3,GI,4,1,5.4,1.28,16.6,135.3,134,74,38.6,2,Private,0,5,1,2.6,0
67,1,1,Urgent,2,Orthopedic,2,1,6.6,0.73,9.4,141.8,122,72,36.7,0,Medicare,1,3,0,6.9,1
54,1,1,Urgent,5,Infection,2,2,4.4,0.62,15.1,136.5,178,63,37.1,0,Medicare,0,2,0,6.7,1
41,0,0,Emergency,1,Respiratory,1,3,7.0,1.83,1.5,139.3,117,65,38.0,3,Self-Pay,0,1,1,2.6,0
51,0,0,Emergency,1,Respiratory,3,2,4.0,1.28,10.2,135.0,86,80,37.7,0,Medicare,0,1,1,3.4,1
79,1,1,Urgent,5,Infection,5,4,4.1,1.42,7.7,136.9,157,57,37.8,0,Medicare,0,1,0,7.3,2
27,1,2,Elective,0,Cardiac,3,0,7.0,1.33,10.2,134.5,141,94,37.7,2,Private,0,0,0,4.6,1
27,1,2,Elective,0,Cardiac,3,8,8.1,0.82,10.1,144.2,157,109,37.7,1,Medicaid,0,0,0,3.3,1
65,1,2,Elective,5,Infection,2,1,6.6,0.69,11.9,135.1,120,105,37.0,1,Medicaid,0,0,0,5.0,1
51,1,0,Emergency,0,Cardiac,5,1,9.0,1.89,11.6,139.2,172,78,37.7,1,Medicaid,0,1,1,2.4,0
50,0,0,Emergency,0,Cardiac,5,2,7.2,1.45,9.6,141.3,135,89,37.7,1,Medicaid,0,1,1,3.7,1
50,1,1,Urgent,2,Orthopedic,6,2,5.5,2.07,4.9,137.0,114,75,37.0,2,Private,1,0,0,6.2,1
50,1,0,Emergency,0,Cardiac,2,2,8.9,0.72,11.1,141.2,138,42,36.0,1,Medicaid,1,0,1,7.7,2
46,0,0,Emergency,3,GI,5,1,7.5,1.2,4.8,139.8,108,90,37.1,0,Medicare,0,2,1,2.4,0
74,1,0,Emergency,2,Orthopedic,1,3,7.4,1.66,6.0,144.1,115,72,36.4,0,Medicare,0,1,1,3.2,1
69,1,0,Emergency,3,GI,2,3,9.0,2.61,10.7,141.0,100,118,36.7,0,Medicare,0,1,1,4.8,1
32,0,0,Emergency,1,Respiratory,3,3,5.8,1.43,9.7,142.4,119,72,37.2,3,Self-Pay,1,0,1,6.0,1
84,0,2,Elective,5,Infection,7,1,7.7,1.39,5.6,140.6,145,90,36.7,2,Private,0,1,0,7.1,2
65,0,0,Emergency,1,Respiratory,5,3,5.6,0.85,4.4,129.8,121,95,37.4,2,Private,0,1,1,4.6,1
96,0,0,Emergency,3,GI,3,4,6.5,1.07,9.4,133.8,139,91,36.0,1,Medicaid,0,3,1,4.8,1
58,0,0,Emergency,5,Infection,3,0,4.6,0.64,8.2,140.9,140,78,38.5,3,Self-Pay,0,1,1,4.4,1
72,0,2,Elective,2,Orthopedic,1,3,7.0,0.87,7.1,131.4,136,94,35.3,0,Medicare,0,2,0,1.2,0
72,0,1,Urgent,0,Cardiac,4,2,7.9,1.85,11.3,139.6,116,91,36.1,1,Medicaid,1,3,0,4.7,1
45,0,0,Emergency,0,Cardiac,6,1,6.4,0.82,8.9,141.3,111,82,36.9,1,Medicaid,1,0,1,7.6,2
65,1,0,Emergency,5,Infection,1,4,7.1,1.18,12.6,141.6,123,61,35.6,1,Medicaid,1,0,1,9.9,2
34,0,1,Urgent,4,Neurological,3,1,4.0,0.93,11.1,134.2,158,90,36.1,0,Medicare,1,1,0,6.4,1
74,0,0,Emergency,5,Infection,2,2,7.3,1.33,3.6,140.2,153,102,38.6,2,Private,0,3,1,5.3,1
31,0,2,Elective,3,GI,5,3,4.1,0.89,2.6,140.0,142,97,37.3,1,Medicaid,1,1,0,3.5,1
78,1,1,Urgent,1,Respiratory,4,2,8.4,1.37,11.9,139.3,109,98,36.2,1,Medicaid,1,3,0,4.4,1
45,0,0,Emergency,0,Cardiac,3,1,8.2,1.39,12.9,138.6,127,69,36.8,0,Medicare,0,2,1,3.8,1
78,0,2,Elective,5,Infection,1,3,4.9,0.87,11.1,136.9,154,98,37.4,1,Medicaid,0,0,0,3.5,1
41,0,0,Emergency,2,Orthopedic,4,1,5.5,0.68,6.1,131.4,128,45,35.7,1,Medicaid,1,0,1,5.8,1
50,1,0,Emergency,1,Respiratory,1,0,9.0,0.74,14.0,145.0,148,84,35.3,0,Medicare,0,2,1,4.6,1
70,1,0,Emergency,3,GI,1,1,8.9,1.58,10.9,140.9,109,93,37.6,2,Private,0,0,1,2.4,0
64,0,2,Elective,0,Cardiac,2,3,7.3,0.56,12.6,139.9,107,82,36.9,1,Medicaid,0,1,0,4.8,1
77,0,0,Emergency,1,Respiratory,1,0,5.6,0.8,11.4,140.1,109,52,37.1,3,Self-Pay,1,0,1,5.6,1
50,0,0,Emergency,3,GI,1,0,4.0,1.17,7.6,143.5,95,78,37.0,1,Medicaid,0,1,1,4.0,1
60,0,0,Emergency,0,Cardiac,4,1,7.8,2.04,9.2,133.1,111,94,37.5,2,Private,0,3,1,8.4,2
70,1,2,Elective,0,Cardiac,2,1,5.4,1.62,8.3,132.8,126,97,37.0,2,Private,1,3,0,6.9,1
86,1,0,Emergency,2,Orthopedic,2,0,7.7,0.94,16.0,130.4,128,102,37.2,2,Private,0,1,1,2.2,0
63,1,0,Emergency,3,GI,2,1,8.0,0.89,10.3,136.4,112,76,36.8,2,Private,1,0,1,5.6,1
35,0,1,Urgent,0,Cardiac,3,3,6.1,1.09,11.0,138.5,120,99,37.6,0,Medicare,0,1,0,3.9,1
85,1,1,Urgent,0,Cardiac,2,2,6.9,2.22,9.1,137.9,95,102,37.0,1,Medicaid,0,0,0,4.1,1
32,0,2,Elective,5,Infection,4,2,8.9,0.68,4.6,131.4,150,70,37.3,3,Self-Pay,0,3,0,6.4,1
58,0,0,Emergency,0,Cardiac,4,0,6.1,0.68,5.8,133.4,121,94,38.3,3,Self-Pay,0,1,1,3.8,1
83,1,2,Elective,0,Cardiac,5,4,5.5,1.12,8.8,145.3,126,85,38.2,2,Private,0,1,0,4.1,1
36,0,1,Urgent,1,Respiratory,4,1,7.2,1.41,2.7,137.0,93,79,36.5,2,Private,0,1,0,3.8,1
77,1,0,Emergency,1,Respiratory,4,1,6.1,0.77,6.9,136.7,142,84,37.0,0,Medicare,0,2,1,4.0,1
46,1,2,Elective,3,GI,2,2,6.7,1.66,9.8,141.7,133,94,37.8,1,Medicaid,0,2,0,2.3,0
50,0,1,Urgent,5,Infection,5,2,8.4,1.67,8.2,142.5,123,103,38.3,0,Medicare,0,0,0,4.3,1
85,1,1,Urgent,2,Orthopedic,4,0,4.4,1.14,10.3,139.2,111,80,36.4,1,Medicaid,0,3,0,3.0,0
50,0,2,Elective,4,Neurological,4,0,7.5,0.95,11.6,139.5,137,66,38.4,1,Medicaid,0,1,0,5.3,1
30,0,1,Urgent,5,Infection,3,1,5.4,1.25,4.9,133.2,108,103,37.9,1,Medicaid,0,1,0,5.8,1
50,1,0,Emergency,0,Cardiac,3,3,5.9,0.45,9.4,139.6,151,80,36.5,1,Medicaid,0,2,1,4.0,1
61,1,2,Elective,2,Orthopedic,1,2,6.6,0.5,7.6,140.5,156,74,37.5,2,Private,0,2,0,2.5,0
50,0,0,Emergency,3,GI,7,1,6.3,1.4,6.1,141.9,109,95,37.4,2,Private,0,1,1,6.3,1
47,1,1,Urgent,1,Respiratory,3,2,4.0,0.6,6.8,135.8,136,90,36.6,0,Medicare,0,0,0,3.6,1
50,1,0,Emergency,4,Neurological,2,1,9.0,0.83,10.7,142.1,109,84,37.7,0,Medicare,1,0,1,5.7,1
50,0,0,Emergency,3,GI,4,4,8.5,1.28,3.8,141.8,93,73,37.0,0,Medicare,0,2,1,4.6,1
65,1,1,Urgent,2,Orthopedic,3,0,6.2,1.73,6.1,136.3,116,78,36.5,2,Private,1,1,0,4.4,1
33,1,0,Emergency,0,Cardiac,2,2,8.2,1.38,7.6,141.4,122,89,38.1,0,Medicare,0,0,1,4.8,1
55,1,1,Urgent,0,Cardiac,2,2,5.8,1.12,11.0,134.7,104,77,36.4,2,Private,0,1,0,4.5,1
57,0,2,Elective,1,Respiratory,5,2,4.7,1.15,7.1,132.2,133,78,36.7,2,Private,1,0,0,7.7,2
22,1,0,Emergency,0,Cardiac,7,3,6.6,0.96,6.2,136.1,134,70,38.7,0,Medicare,0,0,1,4.9,1
68,0,1,Urgent,4,Neurological,2,1,4.4,1.17,7.6,138.9,159,94,36.7,2,Private,1,2,0,6.6,1
83,1,2,Elective,1,Respiratory,6,1,7.6,1.1,13.9,136.2,140,74,38.7,1,Medicaid,0,1,0,6.8,1
90,1,1,Urgent,3,GI,8,2,5.2,1.72,15.7,131.8,153,89,37.9,3,Self-Pay,0,0,0,4.5,1
59,0,1,Urgent,1,Respiratory,5,0,4.0,1.15,9.7,139.8,123,82,36.7,1,Medicaid,1,1,0,7.0,1
78,0,0,Emergency,4,Neurological,5,3,4.0,0.98,1.5,137.4,138,74,37.8,2,Private,0,2,1,5.0,1
50,1,0,Emergency,5,Infection,3,3,6.3,1.71,12.0,133.7,136,110,38.3,1,Medicaid,0,3,1,5.6,1
76,1,0,Emergency,4,Neurological,3,4,7.1,1.25,5.3,137.2,111,84,38.5,2,Private,1,0,1,6.1,1
39,0,0,Emergency,2,Orthopedic,2,2,8.9,1.38,10.5,135.4,132,64,37.7,2,Private,0,0,1,4.5,1
67,0,1,Urgent,0,Cardiac,1,1,4.0,0.6,4.1,138.1,141,112,37.4,0,Medicare,0,1,0,4.1,1
69,1,0,Emergency,1,Respiratory,3,2,8.3,0.75,5.0,137.1,131,99,37.2,1,Medicaid,0,3,1,4.3,1
74,0,2,Elective,2,Orthopedic,3,1,5.6,1.21,8.8,139.8,130,75,37.2,1,Medicaid,1,0,0,7.1,2
58,0,2,Elective,5,Infection,4,1,6.4,1.74,10.4,137.1,111,83,38.7,0,Medicare,0,1,0,3.5,1
59,1,0,Emergency,3,GI,5,1,6.5,1.59,1.5,129.9,168,95,36.3,2,Private,0,0,1,5.3,1
29,0,0,Emergency,3,GI,5,0,6.5,0.84,5.7,134.6,115,90,38.0,0,Medicare,0,0,1,5.4,1
50,0,1,Urgent,4,Neurological,2,2,4.0,1.36,12.0,134.5,121,96,36.3,2,Private,0,2,0,4.0,1
64,0,1,Urgent,3,GI,1,0,7.8,1.92,6.2,138.8,156,84,38.1,2,Private,0,1,0,3.3,1
67,1,2,Elective,3,GI,8,2,8.0,0.96,5.1,138.0,158,76,37.2,0,Medicare,0,0,0,3.1,1
78,0,0,Emergency,1,Respiratory,5,3,8.2,0.91,7.6,142.1,123,84,37.1,0,Medicare,0,4,1,5.5,1
76,1,0,Emergency,0,Cardiac,1,1,7.4,1.59,14.6,137.5,127,66,37.5,2,Private,0,3,1,2.6,0
57,1,2,Elective,4,Neurological,5,0,6.1,2.1,12.0,133.8,149,78,38.3,3,Self-Pay,1,1,0,4.9,1
50,0,0,Emergency,4,Neurological,2,0,4.0,1.25,10.2,138.7,149,83,38.0,2,Private,0,0,1,6.2,1
67,1,1,Urgent,2,Orthopedic,5,3,7.3,0.65,8.5,140.5,135,88,37.5,0,Medicare,0,0,0,4.9,1
67,0,0,Emergency,2,Orthopedic,2,2,6.6,1.46,11.5,136.9,141,108,36.8,0,Medicare,0,0,1,4.7,1
85,1,2,Elective,1,Respiratory,4,1,6.5,1.46,11.6,141.1,133,67,36.7,0,Medicare,0,2,0,3.7,1
66,0,0,Emergency,2,Orthopedic,4,3,7.3,1.42,6.8,136.5,82,106,37.4,0,Medicare,1,0,1,7.5,2
50,1,1,Urgent,0,Cardiac,1,5,6.4,0.9,6.2,137.9,145,89,36.6,2,Private,1,1,0,8.4,2
50,0,1,Urgent,4,Neurological,5,3,5.7,3.12,8.1,138.1,102,46,37.0,1,Medicaid,0,1,0,8.6,2
84,0,2,Elective,2,Orthopedic,2,2,4.4,2.4,12.3,134.6,107,101,36.0,1,Medicaid,1,2,0,9.4,2
82,1,0,Emergency,2,Orthopedic,2,3,6.5,1.09,12.1,136.1,123,81,37.4,1,Medicaid,0,4,1,4.1,1
79,0,0,Emergency,0,Cardiac,2,1,9.2,0.72,7.7,138.6,117,105,37.2,0,Medicare,0,2,1,4.8,1
24,1,0,Emergency,3,GI,1,1,4.5,0.9,6.4,139.3,116,73,36.6,2,Private,0,1,1,3.7,1
53,0,2,Elective,0,Cardiac,1,1,8.3,1.58,11.9,144.4,169,76,36.4,2,Private,0,2,0,4.1,1
80,0,1,Urgent,1,Respiratory,9,3,7.8,1.44,8.0,135.4,150,94,37.0,2,Private,0,0,0,3.9,1
59,1,1,Urgent,2,Orthopedic,2,3,4.0,1.53,12.6,141.5,136,57,37.0,1,Medicaid,0,0,0,3.0,0
50,0,0,Emergency,2,Orthopedic,3,5,7.6,1.36,9.1,140.3,148,71,37.9,0,Medicare,0,0,1,4.5,1
88,1,1,Urgent,1,Respiratory,2,1,6.5,1.73,11.0,141.3,162,59,37.4,1,Medicaid,0,0,0,4.3,1
24,1,0,Emergency,4,Neurological,6,3,6.3,0.85,6.8,135.5,109,67,36.9,2,Private,0,1,1,5.4,1
51,0,0,Emergency,2,Orthopedic,5,4,10.1,0.81,14.2,136.6,119,106,37.8,2,Private,0,0,1,5.0,1
53,1,2,Elective,3,GI,2,2,8.2,1.28,5.1,135.7,136,67,36.2,0,Medicare,0,0,0,4.1,1
73,0,0,Emergency,3,GI,3,0,4.8,0.72,11.4,137.0,129,71,37.3,0,Medicare,1,0,1,5.2,1
21,0,1,Urgent,3,GI,8,3,7.7,0.58,5.8,140.2,120,40,37.3,0,Medicare,0,1,0,4.6,1
87,1,2,Elective,3,GI,6,3,4.8,1.26,13.8,138.2,148,72,38.0,0,Medicare,0,1,0,6.4,1
24,0,2,Elective,4,Neurological,3,6,4.9,0.86,4.6,141.5,123,40,37.9,3,Self-Pay,0,0,0,4.8,1
50,0,1,Urgent,4,Neurological,1,4,6.8,1.22,15.4,134.9,102,86,37.2,1,Medicaid,0,3,0,6.3,1
35,1,0,Emergency,2,Orthopedic,3,2,8.6,1.3,15.3,130.2,156,94,37.2,2,Private,0,0,1,3.1,1
56,1,1,Urgent,3,GI,2,3,4.0,0.82,12.1,137.8,159,89,37.5,0,Medicare,0,0,0,2.2,0
70,1,0,Emergency,0,Cardiac,1,0,5.6,1.18,11.8,137.3,168,59,36.6,1,Medicaid,0,1,1,5.2,1
60,1,0,Emergency,0,Cardiac,3,0,8.6,0.9,11.5,139.0,167,81,36.5,0,Medicare,0,0,1,4.9,1
67,1,1,Urgent,2,Orthopedic,2,4,4.8,0.59,6.9,139.3,123,89,37.4,3,Self-Pay,1,1,0,1.9,0
88,1,2,Elective,5,Infection,6,2,6.6,1.44,7.3,132.2,121,76,38.5,1,Medicaid,0,0,0,5.5,1
57,0,0,Emergency,3,GI,2,2,5.9,2.02,10.7,130.3,91,63,37.1,0,Medicare,0,1,1,4.5,1
59,1,0,Emergency,3,GI,2,1,8.8,1.29,13.7,147.4,109,96,37.8,2,Private,0,1,1,2.5,0
50,0,1,Urgent,0,Cardiac,7,2,7.1,2.17,11.6,143.6,135,64,37.1,1,Medicaid,1,2,0,8.4,2
29,1,0,Emergency,2,Orthopedic,4,2,6.0,1.54,3.1,142.5,97,89,36.5,1,Medicaid,0,1,1,4.6,1
67,1,1,Urgent,2,Orthopedic,4,0,5.0,0.87,11.6,142.9,140,82,37.5,2,Private,0,1,0,4.4,1
70,1,0,Emergency,4,Neurological,3,0,10.3,1.19,7.2,139.3,137,104,36.7,3,Self-Pay,0,0,1,4.4,1
63,1,0,Emergency,0,Cardiac,3,6,6.4,2.72,11.5,140.3,113,117,36.5,0,Medicare,1,1,1,9.5,2
43,0,1,Urgent,2,Orthopedic,4,0,6.1,0.86,6.9,134.3,140,73,37.5,0,Medicare,1,0,0,7.2,2
76,0,2,Elective,5,Infection,4,2,7.4,1.21,12.3,138.5,141,64,37.5,3,Self-Pay,0,1,0,6.0,1
84,1,1,Urgent,5,Infection,3,3,7.8,1.82,11.5,139.5,106,84,38.2,2,Private,1,1,0,6.7,1
53,0,2,Elective,4,Neurological,4,5,4.0,1.71,8.7,144.0,119,83,37.9,0,Medicare,0,3,0,5.8,1
50,1,0,Emergency,1,Respiratory,1,3,6.2,0.88,5.2,129.1,133,91,37.6,0,Medicare,0,2,1,4.0,1
79,0,2,Elective,5,Infection,3,5,4.6,2.8,13.4,146.1,109,71,37.9,2,Private,0,3,0,7.4,2
76,1,0,Emergency,4,Neurological,3,4,5.5,1.18,9.7,141.1,80,71,35.6,2,Private,0,0,1,6.6,1
43,1,2,Elective,4,Neurological,5,1,8.8,1.09,8.6,139.7,132,81,36.9,2,Private,0,2,0,4.1,1
57,0,1,Urgent,5,Infection,4,1,8.6,0.86,9.7,138.2,111,87,37.4,0,Medicare,0,1,0,5.3,1
61,1,0,Emergency,5,Infection,3,4,7.6,2.12,4.8,136.9,95,65,38.0,3,Self-Pay,0,1,1,6.4,1
76,1,0,Emergency,1,Respiratory,1,3,4.0,0.68,11.4,132.6,107,80,36.0,0,Medicare,0,0,1,4.3,1
36,0,1,Urgent,0,Cardiac,3,1,6.8,1.0,8.0,137.2,98,81,35.9,2,Private,0,0,0,2.3,0
75,1,0,Emergency,3,GI,7,1,5.5,2.01,9.1,139.5,121,92,35.9,3,Self-Pay,0,1,1,8.0,2
74,1,2,Elective,3,GI,2,0,8.3,1.55,9.8,137.3,161,81,36.8,2,Private,0,0,0,2.8,0
59,0,0,Emergency,1,Respiratory,1,1,5.5,2.48,3.0,139.7,148,99,37.5,0,Medicare,0,0,1,5.5,1
35,1,0,Emergency,3,GI,3,5,5.0,1.96,2.0,139.0,134,92,36.0,3,Self-Pay,0,4,1,4.0,1
50,0,0,Emergency,0,Cardiac,3,2,7.1,0.76,3.1,133.0,119,55,36.9,0,Medicare,1,3,1,6.9,1
58,0,0,Emergency,0,Cardiac,3,0,8.7,1.46,6.3,134.3,133,79,37.6,2,Private,0,5,1,5.4,1
39,1,1,Urgent,1,Respiratory,5,1,8.4,0.68,8.2,138.7,143,99,37.1,0,Medicare,0,4,0,4.1,1
74,1,1,Urgent,0,Cardiac,3,2,8.8,1.54,3.2,131.2,151,68,36.0,3,Self-Pay,0,4,0,5.1,1
62,1,2,Elective,3,GI,3,2,8.9,0.73,4.2,143.1,113,86,37.6,0,Medicare,0,2,0,3.4,1
42,0,0,Emergency,5,Infection,1,1,9.4,1.17,9.4,141.2,88,88,37.8,2,Private,0,0,1,4.8,1
21,0,2,Elective,3,GI,7,1,6.8,0.66,4.9,136.4,166,84,36.4,3,Self-Pay,0,1,0,5.7,1
18,0,0,Emergency,3,GI,2,0,5.7,0.94,6.6,135.6,154,76,36.9,3,Self-Pay,0,0,1,4.0,1
79,1,2,Elective,0,Cardiac,1,2,5.0,0.94,13.0,136.9,128,83,36.4,1,Medicaid,1,1,0,7.1,2
88,0,0,Emergency,2,Orthopedic,2,2,8.7,1.1,10.1,137.7,117,74,38.9,2,Private,1,0,1,6.0,1
60,1,1,Urgent,4,Neurological,2,2,6.2,1.73,3.3,135.0,116,71,37.1,1,Medicaid,1,0,0,7.8,2
55,0,1,Urgent,3,GI,1,1,4.9,0.84,9.4,139.9,115,96,36.7,2,Private,0,4,0,4.2,1
69,1,0,Emergency,1,Respiratory,2,2,7.4,0.7,10.4,139.8,95,77,37.4,2,Private,0,0,1,4.5,1
60,1,0,Emergency,4,Neurological,3,2,4.0,1.24,12.2,137.6,122,117,36.3,0,Medicare,0,0,1,5.0,1
36,1,1,Urgent,5,Infection,4,2,4.6,1.64,11.1,141.8,124,60,37.4,1,Medicaid,1,1,0,9.2,2
50,0,0,Emergency,1,Respiratory,4,4,6.9,1.06,10.8,144.4,105,84,37.3,1,Medicaid,1,1,1,6.4,1
81,1,1,Urgent,0,Cardiac,8,2,8.1,1.52,9.2,132.4,128,70,37.9,2,Private,1,1,0,8.9,2
79,1,1,Urgent,1,Respiratory,2,3,5.9,1.11,10.6,142.3,148,94,36.0,0,Medicare,1,2,0,6.2,1
65,1,1,Urgent,0,Cardiac,2,5,6.1,1.07,12.2,133.9,117,65,37.2,0,Medicare,0,0,0,4.0,1
57,0,2,Elective,5,Infection,5,2,7.9,1.62,8.5,133.0,151,99,37.4,1,Medicaid,0,0,0,5.1,1
80,1,0,Emergency,5,Infection,4,1,8.0,1.97,6.4,134.1,135,93,36.8,0,Medicare,0,1,1,6.2,1
73,0,0,Emergency,3,GI,2,2,4.0,1.53,8.5,139.6,134,66,38.5,0,Medicare,1,2,1,6.5,1
58,0,0,Emergency,4,Neurological,2,1,9.2,1.23,7.5,133.5,109,77,36.4,1,Medicaid,0,0,1,4.4,1
78,1,1,Urgent,3,GI,5,4,5.9,0.64,8.6,136.0,157,89,37.2,3,Self-Pay,0,2,0,6.2,1
87,1,2,Elective,1,Respiratory,3,3,5.2,1.17,2.1,138.6,135,96,36.5,1,Medicaid,0,1,0,3.3,1
55,1,2,Elective,3,GI,1,1,5.7,0.75,12.7,132.7,138,91,36.5,2,Private,0,0,0,4.0,1
30,0,2,Elective,4,Neurological,3,2,4.0,1.35,9.8,136.0,147,79,38.6,2,Private,0,1,0,5.4,1
43,0,2,Elective,4,Neurological,4,2,11.1,0.95,12.9,136.1,109,114,36.8,2,Private,0,0,0,4.7,1
58,1,2,Elective,0,Cardiac,7,0,4.2,2.34,5.5,136.6,145,100,37.5,2,Private,0,0,0,5.5,1
58,0,0,Emergency,2,Orthopedic,1,2,4.0,2.01,10.7,141.6,119,68,36.3,0,Medicare,1,1,1,5.8,1
76,1,2,Elective,1,Respiratory,3,2,6.0,1.53,8.3,139.7,119,83,37.0,0,Medicare,0,1,0,2.1,0
72,1,2,Elective,4,Neurological,5,1,4.0,0.61,9.4,138.8,129,113,37.7,0,Medicare,0,2,0,3.5,1
67,0,0,Emergency,2,Orthopedic,2,1,6.7,0.8,11.1,137.0,118,88,36.4,2,Private,0,1,1,2.3,0
50,0,0,Emergency,1,Respiratory,1,5,9.5,1.9,11.9,130.9,116,82,36.9,1,Medicaid,1,0,1,9.1,2
31,1,0,Emergency,3,GI,4,1,6.8,1.09,7.2,133.8,115,76,37.6,0,Medicare,0,2,1,4.4,1
87,0,2,Elective,2,Orthopedic,3,1,7.1,1.47,7.2,140.3,124,66,38.8,2,Private,1,2,0,3.7,1
79,0,1,Urgent,1,Respiratory,3,1,6.0,0.66,10.1,138.9,101,81,36.6,2,Private,0,0,0,2.2,0
62,0,0,Emergency,5,Infection,4,2,4.6,0.58,1.5,138.2,113,80,37.7,0,Medicare,1,4,1,8.9,2
52,0,1,Urgent,0,Cardiac,1,2,6.0,1.02,11.7,138.2,137,60,37.7,1,Medicaid,0,1,0,2.3,0
51,1,0,Emergency,0,Cardiac,1,2,8.4,1.53,10.1,138.5,108,69,37.6,2,Private,0,2,1,5.5,1
53,1,2,Elective,0,Cardiac,5,1,8.9,0.61,9.7,132.5,136,96,36.8,2,Private,0,0,0,4.4,1
60,1,2,Elective,0,Cardiac,2,1,6.6,1.59,9.6,136.1,161,64,36.5,1,Medicaid,0,1,0,3.5,1
82,0,2,Elective,2,Orthopedic,3,1,8.1,1.47,3.0,139.7,161,79,38.2,2,Private,0,0,0,1.6,0
92,1,0,Emergency,3,GI,6,1,5.1,1.91,8.2,141.7,94,89,36.1,2,Private,1,3,1,4.6,1
40,1,2,Elective,2,Orthopedic,3,4,5.4,0.87,9.9,138.7,133,90,36.6,2,Private,0,3,0,3.1,1
53,1,0,Emergency,0,Cardiac,6,0,4.0,2.16,9.7,138.5,107,106,38.1,1,Medicaid,1,1,1,10.4,2
55,1,0,Emergency,0,Cardiac,3,3,8.5,0.8,16.5,145.5,105,77,36.3,0,Medicare,1,1,1,8.0,2
50,0,1,Urgent,2,Orthopedic,4,4,5.5,0.49,7.3,132.5,129,82,37.0,2,Private,0,1,0,1.2,0
39,1,1,Urgent,3,GI,1,1,4.1,1.2,10.5,133.9,149,108,38.4,0,Medicare,0,1,0,1.2,0
32,0,2,Elective,1,Respiratory,1,3,7.4,1.69,3.9,146.2,147,72,36.8,2,Private,0,2,0,2.2,0
88,1,1,Urgent,1,Respiratory,3,1,8.9,0.86,5.3,135.5,96,82,36.6,2,Private,0,1,0,5.3,1
34,1,2,Elective,0,Cardiac,2,4,5.8,1.3,14.0,134.1,134,84,36.1,1,Medicaid,0,0,0,4.1,1
52,1,0,Emergency,0,Cardiac,4,1,4.0,1.87,7.7,134.7,122,80,36.9,2,Private,0,1,1,6.2,1
59,1,0,Emergency,0,Cardiac,4,2,5.9,2.2,9.4,146.0,96,97,37.7,2,Private,0,1,1,4.6,1
70,1,1,Urgent,4,Neurological,6,2,6.9,1.66,10.0,138.1,142,46,36.8,0,Medicare,0,0,0,4.1,1
57,0,0,Emergency,1,Respiratory,3,2,7.6,1.05,14.0,138.4,98,75,37.2,1,Medicaid,0,2,1,3.7,1
22,0,2,Elective,0,Cardiac,2,1,7.9,1.06,8.8,135.7,127,93,36.8,0,Medicare,1,1,0,3.4,1
60,1,1,Urgent,2,Orthopedic,2,1,6.6,0.98,6.8,138.0,145,68,37.9,2,Private,0,1,0,2.6,0
86,0,1,Urgent,2,Orthopedic,4,0,6.0,1.19,6.4,140.7,130,70,38.0,1,Medicaid,1,0,0,7.5,2
32,0,2,Elective,2,Orthopedic,2,5,7.7,1.64,9.6,145.2,125,76,37.0,2,Private,0,1,0,3.3,1
50,0,1,Urgent,0,Cardiac,2,1,4.1,0.76,11.8,132.8,138,104,38.4,2,Private,0,1,0,5.2,1
73,0,0,Emergency,4,Neurological,1,1,4.8,0.89,6.7,144.4,136,85,37.3,0,Medicare,0,0,1,3.0,0
30,1,1,Urgent,3,GI,2,4,5.2,1.6,6.3,141.3,146,80,37.3,0,Medicare,1,1,0,2.7,0
72,0,1,Urgent,1,Respiratory,2,5,5.7,1.08,11.6,138.2,132,65,35.9,1,Medicaid,0,0,0,4.4,1
86,1,2,Elective,1,Respiratory,3,2,4.0,1.26,12.6,135.4,146,85,37.0,1,Medicaid,0,0,0,4.6,1
50,1,0,Emergency,0,Cardiac,4,0,8.2,1.55,14.3,135.4,145,61,37.2,1,Medicaid,0,1,1,2.9,0
35,0,1,Urgent,4,Neurological,1,1,4.3,1.09,9.5,136.0,147,50,37.5,2,Private,0,3,0,4.4,1
69,1,0,Emergency,3,GI,6,3,4.0,0.8,10.5,140.8,88,76,36.7,1,Medicaid,0,3,1,7.2,2
44,0,0,Emergency,0,Cardiac,3,0,8.3,2.42,10.4,138.9,116,47,36.5,0,Medicare,0,1,1,4.1,1
29,1,1,Urgent,1,Respiratory,1,1,7.4,1.39,1.5,142.7,146,78,38.3,0,Medicare,0,3,0,2.9,0
77,0,0,Emergency,5,Infection,6,2,6.4,1.78,13.1,137.0,139,99,37.8,1,Medicaid,1,0,1,7.7,2
62,0,1,Urgent,2,Orthopedic,1,1,7.3,1.05,11.9,137.2,132,105,38.5,0,Medicare,1,0,0,5.5,1
62,0,1,Urgent,1,Respiratory,1,2,6.7,1.34,10.2,133.7,140,95,36.4,0,Medicare,1,1,0,4.7,1
50,0,0,Emergency,3,GI,2,1,8.6,2.01,10.0,140.9,145,97,37.6,1,Medicaid,0,1,1,7.3,2
52,1,1,Urgent,0,Cardiac,1,3,5.1,1.35,9.5,136.2,126,77,37.1,2,Private,0,4,0,4.1,1
46,0,0,Emergency,2,Orthopedic,1,2,9.6,1.19,16.4,132.0,98,71,36.4,1,Medicaid,0,0,1,3.2,1
60,1,2,Elective,3,GI,4,3,8.2,0.73,2.7,134.9,170,89,37.0,0,Medicare,0,1,0,1.5,0
82,0,0,Emergency,4,Neurological,1,3,5.4,0.47,7.4,133.4,123,94,36.1,1,Medicaid,0,0,1,4.1,1
29,1,0,Emergency,3,GI,1,0,5.1,2.65,9.1,140.8,132,88,36.7,2,Private,0,1,1,2.4,0
18,1,1,Urgent,1,Respiratory,4,4,6.8,1.17,13.2,137.1,87,82,37.7,0,Medicare,0,0,0,5.0,1
60,1,2,Elective,4,Neurological,3,2,4.5,3.49,10.3,138.4,142,63,38.2,1,Medicaid,1,1,0,7.5,2
78,0,2,Elective,5,Infection,1,2,6.1,1.51,6.6,142.1,111,52,36.6,1,Medicaid,0,3,0,5.4,1
59,1,0,Emergency,2,Orthopedic,4,3,8.9,0.88,6.0,133.7,121,82,38.4,2,Private,0,1,1,4.5,1
74,0,0,Emergency,0,Cardiac,1,1,6.8,1.08,9.7,142.8,125,100,35.7,3,Self-Pay,0,1,1,6.0,1
63,0,1,Urgent,5,Infection,4,3,10.3,2.36,7.8,132.9,155,65,37.5,0,Medicare,1,2,0,8.8,2
32,1,2,Elective,0,Cardiac,6,2,5.1,2.21,16.3,127.3,165,87,37.0,0,Medicare,0,1,0,3.8,1
73,1,0,Emergency,0,Cardiac,3,1,7.3,1.77,9.8,143.5,135,90,36.9,2,Private,0,0,1,3.1,1
76,1,0,Emergency,1,Respiratory,3,1,5.5,0.59,6.5,128.8,140,88,35.6,1,Medicaid,0,3,1,5.1,1
50,1,0,Emergency,1,Respiratory,3,2,6.1,0.58,15.5,145.6,134,68,36.7,0,Medicare,0,2,1,2.6,0
42,1,0,Emergency,4,Neurological,2,0,7.4,2.08,5.7,138.8,119,56,36.7,1,Medicaid,0,3,1,5.8,1
62,1,1,Urgent,1,Respiratory,3,4,5.2,1.53,9.3,141.8,95,68,36.1,2,Private,0,0,0,4.2,1
51,1,0,Emergency,0,Cardiac,5,1,4.9,2.35,6.8,132.2,156,84,37.0,0,Medicare,0,0,1,5.9,1
29,0,0,Emergency,3,GI,5,2,5.7,1.13,6.5,138.2,136,71,37.2,2,Private,0,1,1,2.8,0
51,1,0,Emergency,3,GI,3,3,5.5,0.76,10.2,140.0,134,79,37.3,1,Medicaid,0,1,1,3.8,1
78,0,0,Emergency,4,Neurological,1,4,4.7,1.34,12.3,142.4,152,78,36.7,1,Medicaid,0,0,1,4.2,1
42,0,0,Emergency,1,Respiratory,1,3,9.1,1.43,11.3,139.9,107,77,37.2,1,Medicaid,0,0,1,3.9,1
74,1,1,Urgent,0,Cardiac,4,0,6.0,0.82,6.2,137.4,111,84,37.9,0,Medicare,0,1,0,5.8,1
24,0,2,Elective,3,GI,2,1,8.0,0.66,13.3,137.4,130,67,38.0,1,Medicaid,0,2,0,3.3,1
40,0,0,Emergency,0,Cardiac,2,3,7.9,1.57,10.7,137.2,141,91,37.8,3,Self-Pay,1,2,1,7.3,2
68,0,1,Urgent,0,Cardiac,5,2,8.3,0.79,1.5,137.5,138,67,37.9,0,Medicare,0,0,0,3.3,1
47,1,2,Elective,4,Neurological,4,3,4.1,2.87,11.7,135.6,146,85,37.3,2,Private,0,0,0,7.1,2
55,1,0,Emergency,2,Orthopedic,1,3,5.9,2.43,13.1,140.7,153,73,38.2,2,Private,0,1,1,5.9,1
55,0,0,Emergency,2,Orthopedic,2,3,7.7,1.65,9.5,134.5,116,72,37.5,0,Medicare,1,1,1,7.5,2
68,0,0,Emergency,3,GI,2,2,5.4,2.48,11.0,139.7,182,81,37.0,0,Medicare,1,0,1,7.0,1
23,0,1,Urgent,2,Orthopedic,2,1,9.2,1.51,15.6,137.0,115,79,35.9,0,Medicare,1,0,0,3.3,1
70,1,1,Urgent,0,Cardiac,3,4,4.3,1.05,1.5,128.5,136,85,36.1,3,Self-Pay,0,0,0,4.6,1
62,1,0,Emergency,1,Respiratory,2,3,8.0,2.4,11.1,143.2,128,87,36.0,1,Medicaid,1,5,1,7.0,1
86,1,2,Elective,0,Cardiac,6,3,5.7,1.48,5.8,132.0,125,52,37.7,2,Private,0,1,0,2.9,0
41,0,1,Urgent,5,Infection,1,1,8.4,0.97,13.0,138.8,169,88,36.5,0,Medicare,0,1,0,3.9,1
61,1,0,Emergency,4,Neurological,2,0,7.0,0.74,7.9,142.5,157,88,36.6,0,Medicare,1,1,1,6.6,1
40,1,2,Elective,2,Orthopedic,1,1,5.0,0.86,10.3,137.1,133,82,36.9,1,Medicaid,1,2,0,1.9,0
80,0,0,Emergency,0,Cardiac,3,3,8.0,1.95,3.4,150.1,132,93,36.4,1,Medicaid,0,1,1,5.6,1
53,0,1,Urgent,0,Cardiac,4,3,4.0,1.13,11.8,137.2,85,87,37.2,2,Private,0,0,0,5.1,1
63,0,0,Emergency,4,Neurological,2,2,5.9,2.59,4.7,134.3,115,63,35.9,2,Private,0,3,1,5.6,1
56,1,1,Urgent,5,Infection,5,3,5.7,1.56,7.8,145.2,124,105,37.7,0,Medicare,0,0,0,5.7,1
64,1,0,Emergency,0,Cardiac,1,4,7.3,1.67,13.3,134.6,119,89,37.6,2,Private,0,1,1,7.7,2
26,1,1,Urgent,5,Infection,4,3,4.0,0.87,11.4,139.8,133,63,37.0,2,Private,0,2,0,3.4,1
71,1,0,Emergency,1,Respiratory,5,3,6.9,0.95,8.0,141.6,123,73,36.7,0,Medicare,0,0,1,4.9,1
50,1,1,Urgent,0,Cardiac,1,0,7.2,0.63,3.9,137.5,134,75,37.4,3,Self-Pay,0,0,0,1.5,0
59,1,0,Emergency,0,Cardiac,1,0,5.1,0.83,8.4,138.8,130,88,38.1,0,Medicare,1,1,1,4.9,1
65,0,0,Emergency,4,Neurological,4,2,6.0,0.9,7.2,137.3,141,94,35.6,3,Self-Pay,1,1,1,6.7,1
78,0,0,Emergency,2,Orthopedic,2,1,6.6,1.06,7.1,150.1,134,84,37.7,1,Medicaid,0,0,1,4.7,1
37,1,0,Emergency,4,Neurological,3,4,8.2,2.84,6.4,144.7,164,89,37.0,2,Private,0,1,1,5.5,1
70,1,1,Urgent,1,Respiratory,3,0,4.0,0.91,7.6,141.7,127,88,36.8,2,Private,1,0,0,6.9,1
76,0,2,Elective,3,GI,6,0,6.4,2.11,8.1,139.9,152,48,36.9,0,Medicare,1,2,0,7.5,2
72,0,2,Elective,0,Cardiac,4,2,7.4,0.71,15.7,135.6,104,68,36.2,0,Medicare,0,1,0,5.5,1
65,0,2,Elective,0,Cardiac,1,1,7.6,0.91,5.1,133.3,114,46,35.8,2,Private,0,3,0,1.6,0
77,0,0,Emergency,0,Cardiac,1,2,6.1,1.28,13.0,139.6,102,70,37.7,2,Private,1,0,1,4.7,1
84,0,0,Emergency,4,Neurological,3,0,7.5,1.82,13.3,140.6,166,78,37.7,0,Medicare,0,2,1,4.4,1
63,1,1,Urgent,3,GI,2,1,6.4,1.17,1.5,128.9,129,62,37.2,1,Medicaid,0,2,0,4.8,1
69,1,2,Elective,0,Cardiac,2,5,8.5,1.07,6.1,133.5,95,76,37.9,1,Medicaid,0,2,0,3.9,1
34,1,1,Urgent,1,Respiratory,5,4,5.0,1.64,8.6,138.7,108,88,38.0,2,Private,0,0,0,4.9,1
70,1,0,Emergency,4,Neurological,2,1,5.3,1.27,9.5,135.7,136,85,37.7,1,Medicaid,0,1,1,6.0,1
93,1,0,Emergency,1,Respiratory,3,3,7.3,0.61,3.7,139.4,118,74,37.9,1,Medicaid,1,1,1,8.9,2
83,0,0,Emergency,5,Infection,1,1,7.7,2.35,8.3,136.7,115,66,38.0,1,Medicaid,0,2,1,7.4,2
88,0,0,Emergency,5,Infection,3,3,7.4,1.36,10.5,140.0,102,92,37.5,1,Medicaid,0,1,1,4.2,1
50,0,1,Urgent,3,GI,2,3,5.7,1.27,3.8,144.2,152,92,37.0,1,Medicaid,0,0,0,2.1,0
54,1,0,Emergency,3,GI,2,1,5.8,1.27,8.8,132.9,157,101,37.1,0,Medicare,0,1,1,4.0,1
83,0,2,Elective,3,GI,4,0,6.5,0.62,5.8,138.6,150,71,37.1,0,Medicare,0,3,0,5.6,1
56,1,2,Elective,1,Respiratory,1,1,4.5,0.6,8.3,146.8,157,54,36.4,0,Medicare,0,1,0,4.2,1
58,0,2,Elective,1,Respiratory,4,4,5.0,2.64,6.1,136.4,134,88,37.6,2,Private,0,2,0,2.9,0
76,1,2,Elective,0,Cardiac,4,2,9.1,1.01,7.6,134.9,122,53,37.0,2,Private,0,1,0,5.5,1
75,0,0,Emergency,5,Infection,3,4,6.2,1.13,7.6,141.5,88,81,38.0,2,Private,0,0,1,7.7,2
59,1,2,Elective,4,Neurological,4,0,5.6,1.01,14.9,137.8,111,65,36.5,2,Private,0,2,0,4.4,1
66,0,0,Emergency,0,Cardiac,2,1,5.5,1.29,16.4,142.6,127,80,38.6,2,Private,0,1,1,6.3,1
72,0,2,Elective,2,Orthopedic,1,1,7.0,0.87,16.3,135.7,139,61,36.6,2,Private,1,1,0,6.3,1
72,1,0,Emergency,1,Respiratory,2,0,10.3,0.98,1.5,140.4,122,72,36.2,1,Medicaid,0,0,1,4.5,1
32,1,0,Emergency,4,Neurological,6,4,8.6,1.07,11.2,136.3,127,70,37.5,2,Private,0,0,1,6.4,1
30,1,0,Emergency,1,Respiratory,5,2,4.1,1.42,8.0,138.6,105,84,38.0,0,Medicare,0,1,1,2.9,0
68,1,0,Emergency,3,GI,4,1,8.8,1.54,5.3,137.5,158,102,37.2,1,Medicaid,0,2,1,5.6,1
62,1,2,Elective,0,Cardiac,1,4,5.0,1.15,14.1,143.3,128,87,37.3,2,Private,0,2,0,4.3,1
80,1,2,Elective,3,GI,5,1,5.3,0.52,8.5,138.4,120,75,36.8,2,Private,0,2,0,4.7,1
88,0,1,Urgent,1,Respiratory,4,2,5.7,1.8,12.2,132.7,101,98,36.5,2,Private,0,3,0,3.4,1
55,0,1,Urgent,0,Cardiac,2,2,4.4,1.56,12.6,133.7,159,87,37.1,3,Self-Pay,0,1,0,6.0,1
81,0,1,Urgent,3,GI,3,1,8.8,0.63,11.4,139.2,88,46,36.7,0,Medicare,1,1,0,6.4,1
67,1,0,Emergency,3,GI,1,2,5.5,1.12,7.8,134.5,133,73,37.8,0,Medicare,0,0,1,4.3,1
64,1,2,Elective,5,Infection,4,0,4.0,1.01,7.9,139.7,116,74,38.1,1,Medicaid,1,0,0,6.7,1
92,1,1,Urgent,3,GI,3,0,5.0,1.93,9.3,134.1,127,76,36.4,3,Self-Pay,0,1,0,3.8,1
26,0,1,Urgent,2,Orthopedic,1,2,6.9,1.56,14.1,137.0,126,77,36.0,0,Medicare,0,4,0,3.3,1
29,0,2,Elective,5,Infection,4,3,4.0,0.68,12.6,134.4,138,77,38.1,1,Medicaid,0,2,0,4.4,1
30,1,1,Urgent,4,Neurological,2,0,7.0,2.92,8.1,137.8,128,96,36.6,1,Medicaid,1,2,0,8.5,2
68,0,0,Emergency,2,Orthopedic,3,4,4.9,1.16,8.7,133.5,135,107,36.2,0,Medicare,0,3,1,3.5,1
50,1,2,Elective,2,Orthopedic,2,4,8.5,1.62,15.2,137.3,121,81,37.8,3,Self-Pay,0,1,0,2.4,0
37,0,2,Elective,5,Infection,4,2,7.3,1.09,4.7,139.9,122,82,37.7,2,Private,0,1,0,3.1,1
79,0,2,Elective,3,GI,3,2,6.6,0.79,2.4,136.2,145,101,37.9,0,Medicare,0,0,0,1.7,0
19,1,1,Urgent,3,GI,3,1,4.0,0.93,6.0,139.2,134,56,35.8,0,Medicare,0,1,0,2.6,0
54,0,0,Emergency,0,Cardiac,1,2,4.2,0.51,16.4,132.8,147,68,37.1,2,Private,1,4,1,8.7,2
31,0,0,Emergency,3,GI,4,2,5.5,0.49,4.8,134.2,112,80,36.8,1,Medicaid,0,1,1,4.3,1
80,1,0,Emergency,1,Respiratory,2,0,6.1,1.03,5.8,135.6,126,79,37.9,0,Medicare,0,2,1,6.2,1
62,1,1,Urgent,0,Cardiac,1,0,9.3,0.86,10.1,134.5,114,91,37.3,1,Medicaid,0,2,0,4.1,1
79,1,0,Emergency,4,Neurological,4,5,7.0,1.02,9.6,139.1,126,75,35.9,0,Medicare,1,0,1,9.9,2
50,1,1,Urgent,3,GI,4,0,5.8,0.77,13.1,143.7,109,85,37.9,2,Private,0,0,0,4.2,1
67,0,2,Elective,2,Orthopedic,2,1,9.2,3.25,13.4,136.7,114,107,36.7,0,Medicare,1,2,0,7.1,2
57,0,2,Elective,2,Orthopedic,3,1,6.3,1.36,7.5,144.4,144,93,37.5,2,Private,0,2,0,1.0,0
67,1,0,Emergency,0,Cardiac,2,2,7.3,1.19,10.4,142.3,109,119,36.6,2,Private,0,3,1,5.7,1
41,0,0,Emergency,0,Cardiac,1,3,9.3,2.11,9.8,135.8,132,77,36.5,3,Self-Pay,0,4,1,4.5,1
71,0,2,Elective,1,Respiratory,4,3,7.8,3.1,6.2,137.6,153,80,37.0,0,Medicare,0,1,0,5.0,1
62,1,1,Urgent,0,Cardiac,5,4,7.3,0.65,10.9,145.8,110,91,36.9,3,Self-Pay,0,1,0,5.8,1
74,0,2,Elective,2,Orthopedic,2,2,7.5,1.37,9.5,140.0,145,82,38.0,1,Medicaid,1,2,0,5.5,1
29,1,2,Elective,4,Neurological,3,2,6.4,0.97,10.2,134.8,112,79,35.0,2,Private,0,0,0,4.8,1
55,0,0,Emergency,0,Cardiac,4,1,6.6,1.51,6.8,141.5,123,73,37.4,2,Private,0,3,1,5.4,1
35,0,0,Emergency,0,Cardiac,9,2,4.0,1.26,13.4,137.6,148,85,37.3,2,Private,0,0,1,5.3,1
32,0,1,Urgent,5,Infection,4,2,5.2,0.79,5.3,138.9,106,75,37.9,2,Private,0,1,0,3.5,1
31,1,1,Urgent,4,Neurological,6,0,6.4,1.82,6.1,143.4,180,85,38.1,1,Medicaid,1,2,0,10.5,2
62,0,0,Emergency,0,Cardiac,1,0,7.3,1.13,16.1,139.4,126,73,36.7,2,Private,0,0,1,5.7,1
35,1,2,Elective,0,Cardiac,4,2,5.7,1.36,7.5,138.5,172,91,37.5,0,Medicare,0,2,0,4.0,1
58,1,2,Elective,3,GI,5,3,10.8,1.71,9.3,137.4,162,72,37.1,0,Medicare,0,1,0,5.3,1
81,0,0,Emergency,1,Respiratory,4,3,7.9,1.7,8.4,140.2,135,73,36.3,3,Self-Pay,1,1,1,5.6,1
77,1,2,Elective,4,Neurological,3,1,6.9,0.91,5.0,133.0,101,61,36.6,1,Medicaid,0,1,0,3.7,1
36,1,1,Urgent,2,Orthopedic,2,3,4.0,1.02,4.3,134.3,142,102,37.4,2,Private,0,1,0,1.0,0
77,1,2,Elective,5,Infection,1,1,6.4,1.0,7.3,142.4,107,77,37.7,0,Medicare,0,1,0,3.3,1
76,0,0,Emergency,3,GI,4,3,7.4,0.7,7.8,149.3,128,87,36.5,1,Medicaid,0,2,1,5.2,1
22,1,0,Emergency,0,Cardiac,8,0,6.3,1.1,6.1,139.8,128,57,36.3,0,Medicare,0,0,1,4.5,1
36,1,0,Emergency,1,Respiratory,2,1,6.3,1.43,10.5,143.9,126,92,37.5,2,Private,0,3,1,4.1,1
95,0,0,Emergency,3,GI,3,3,6.2,0.74,12.2,135.6,125,47,36.6,2,Private,0,1,1,5.9,1
54,0,0,Emergency,0,Cardiac,1,1,5.2,1.21,10.1,139.6,117,106,36.4,2,Private,0,2,1,4.7,1
18,0,2,Elective,0,Cardiac,4,3,4.2,1.79,7.6,127.8,113,75,36.6,1,Medicaid,0,3,0,3.2,1
58,0,0,Emergency,0,Cardiac,3,2,10.4,1.9,12.6,137.6,117,84,38.2,0,Medicare,0,1,1,9.0,2
76,0,2,Elective,2,Orthopedic,1,1,4.7,0.53,11.1,141.5,149,78,38.1,1,Medicaid,0,0,0,3.2,1
37,0,1,Urgent,3,GI,4,2,5.7,0.4,14.4,135.3,101,82,38.0,0,Medicare,0,0,0,5.8,1
57,0,0,Emergency,0,Cardiac,1,3,7.0,1.1,6.8,136.9,115,77,38.5,2,Private,0,0,1,5.1,1
58,1,1,Urgent,3,GI,1,3,4.0,0.96,6.1,142.3,168,88,37.4,1,Medicaid,0,0,0,3.6,1
66,1,2,Elective,3,GI,2,4,9.3,0.66,11.8,133.9,124,119,37.3,0,Medicare,1,0,0,4.4,1
75,1,1,Urgent,5,Infection,1,1,8.6,1.03,8.9,140.2,142,80,36.3,1,Medicaid,1,1,0,7.9,2
61,1,0,Emergency,4,Neurological,2,1,4.0,0.87,9.8,130.0,112,112,37.0,2,Private,0,0,1,5.8,1
50,0,2,Elective,5,Infection,1,2,5.9,0.8,17.1,142.7,103,98,37.6,2,Private,0,1,0,2.9,0
37,0,0,Emergency,5,Infection,1,1,8.2,0.81,5.6,137.0,136,88,36.9,3,Self-Pay,0,1,1,5.9,1
33,1,1,Urgent,2,Orthopedic,6,2,6.5,1.17,10.4,138.2,121,98,36.6,2,Private,0,2,0,3.2,1
68,0,1,Urgent,2,Orthopedic,6,1,8.3,0.42,9.6,140.2,150,110,37.7,2,Private,0,0,0,3.2,1
84,0,0,Emergency,1,Respiratory,4,3,9.2,1.08,13.3,128.4,116,53,37.0,0,Medicare,0,0,1,6.1,1
50,0,0,Emergency,2,Orthopedic,2,3,5.0,4.21,1.7,132.7,128,79,37.3,0,Medicare,0,2,1,4.5,1
35,0,2,Elective,0,Cardiac,1,0,7.3,1.68,7.5,138.1,157,107,37.6,2,Private,0,2,0,3.7,1
50,0,2,Elective,3,GI,3,3,4.3,0.96,11.1,134.0,143,79,35.5,0,Medicare,1,0,0,3.8,1
77,0,1,Urgent,0,Cardiac,4,1,5.7,1.89,9.2,132.5,127,77,37.7,0,Medicare,0,2,0,2.7,0
27,0,0,Emergency,1,Respiratory,2,3,6.6,2.21,9.5,140.9,134,75,36.5,3,Self-Pay,0,1,1,5.3,1
18,1,0,Emergency,0,Cardiac,1,2,6.8,1.32,6.6,134.7,145,79,37.4,0,Medicare,1,0,1,5.3,1
50,0,0,Emergency,5,Infection,2,2,5.0,0.68,11.1,137.7,125,74,36.9,0,Medicare,1,0,1,9.1,2
33,1,1,Urgent,0,Cardiac,4,2,7.6,0.81,13.2,135.3,95,84,36.3,2,Private,0,0,0,3.7,1
50,1,0,Emergency,5,Infection,4,1,4.0,0.78,14.9,136.3,95,60,37.6,3,Self-Pay,0,0,1,8.1,2
29,1,0,Emergency,0,Cardiac,2,1,4.9,0.57,9.4,139.2,128,78,36.2,0,Medicare,0,1,1,2.5,0
69,0,1,Urgent,3,GI,1,1,8.4,1.84,8.9,134.2,123,80,37.5,1,Medicaid,0,1,0,1.8,0
72,1,1,Urgent,1,Respiratory,3,5,5.1,2.99,10.0,139.2,148,55,37.2,0,Medicare,0,2,0,6.9,1
65,0,2,Elective,1,Respiratory,3,4,7.0,1.18,6.2,134.6,155,79,35.6,0,Medicare,0,2,0,5.3,1
54,0,1,Urgent,5,Infection,2,1,9.4,0.85,8.0,138.3,140,93,37.3,1,Medicaid,1,4,0,8.0,2
85,1,1,Urgent,1,Respiratory,1,3,6.5,1.58,5.9,137.5,141,76,37.5,0,Medicare,1,2,0,7.9,2
67,0,0,Emergency,0,Cardiac,2,2,8.9,1.96,10.4,131.7,160,71,36.4,1,Medicaid,0,2,1,4.8,1
50,0,1,Urgent,3,GI,1,4,4.1,0.85,6.6,138.0,90,82,36.4,1,Medicaid,0,1,0,1.0,0
40,0,1,Urgent,4,Neurological,4,0,5.4,1.31,9.3,136.4,98,97,37.2,1,Medicaid,0,1,0,3.6,1
18,0,1,Urgent,5,Infection,4,3,6.9,0.54,9.3,139.4,106,87,38.5,2,Private,0,2,0,4.3,1
38,0,0,Emergency,3,GI,1,2,4.6,1.23,8.4,133.5,102,96,36.1,0,Medicare,1,1,1,5.4,1
83,1,1,Urgent,3,GI,4,5,5.7,0.74,14.5,141.0,125,77,38.5,2,Private,0,0,0,2.8,0
58,0,2,Elective,2,Orthopedic,2,5,6.8,1.33,12.0,135.7,133,82,36.9,0,Medicare,0,1,0,3.9,1
70,0,1,Urgent,3,GI,4,0,6.8,0.91,11.1,140.5,133,91,37.9,2,Private,1,3,0,8.2,2
93,1,1,Urgent,3,GI,1,2,5.9,1.17,12.2,145.4,138,84,37.3,3,Self-Pay,0,1,0,2.8,0
52,1,2,Elective,0,Cardiac,3,5,4.0,3.07,7.1,131.3,134,63,37.2,2,Private,0,1,0,3.7,1
67,1,0,Emergency,3,GI,3,5,5.3,1.22,6.4,133.7,125,74,36.3,1,Medicaid,0,1,1,3.4,1
38,1,1,Urgent,0,Cardiac,3,1,4.0,1.44,11.1,134.9,117,57,38.3,0,Medicare,0,0,0,3.7,1
46,1,2,Elective,2,Orthopedic,4,0,6.4,1.08,5.9,138.4,100,87,35.8,2,Private,0,1,0,1.6,0
74,1,0,Emergency,1,Respiratory,3,2,6.4,0.53,6.7,138.7,126,94,36.5,1,Medicaid,1,1,1,6.4,1
41,0,0,Emergency,1,Respiratory,1,1,6.3,0.87,8.5,135.3,139,93,37.5,1,Medicaid,0,3,1,1.8,0
69,1,1,Urgent,3,GI,6,1,4.8,0.91,1.5,141.7,150,74,38.8,0,Medicare,0,2,0,5.3,1
71,1,0,Emergency,0,Cardiac,1,3,4.0,1.51,6.4,141.4,112,69,37.3,0,Medicare,1,1,1,8.3,2
51,1,1,Urgent,0,Cardiac,3,1,9.1,1.38,11.9,142.6,174,85,38.2,3,Self-Pay,0,1,0,4.6,1
54,1,0,Emergency,0,Cardiac,3,2,6.5,1.34,9.4,141.2,146,80,37.4,2,Private,0,2,1,6.6,1
27,0,1,Urgent,0,Cardiac,5,4,5.9,1.74,11.1,143.0,142,105,37.1,0,Medicare,1,0,0,6.0,1
65,0,1,Urgent,0,Cardiac,6,3,6.4,0.69,11.5,135.4,132,66,38.3,1,Medicaid,0,0,0,3.7,1
50,1,0,Emergency,4,Neurological,5,4,4.1,2.92,5.9,135.2,80,80,36.5,2,Private,0,1,1,8.6,2
35,0,0,Emergency,2,Orthopedic,1,1,8.8,0.55,1.9,133.7,136,67,35.7,2,Private,0,1,1,2.3,0
50,1,0,Emergency,2,Orthopedic,3,0,5.2,0.64,9.3,140.0,123,72,37.5,0,Medicare,0,1,1,3.8,1
75,0,0,Emergency,3,GI,4,4,6.3,1.37,8.1,138.9,153,92,38.2,3,Self-Pay,0,0,1,5.4,1
60,1,1,Urgent,4,Neurological,1,3,7.4,0.71,6.8,141.1,127,85,37.6,1,Medicaid,0,1,0,3.4,1
56,1,0,Emergency,0,Cardiac,3,4,7.8,1.19,7.0,136.6,152,75,37.2,2,Private,1,0,1,6.4,1
53,0,2,Elective,4,Neurological,4,2,6.5,0.84,12.8,143.5,114,111,36.3,2,Private,0,1,0,6.6,1
31,0,1,Urgent,5,Infection,1,3,4.6,1.46,6.0,139.1,121,79,37.5,3,Self-Pay,0,1,0,6.2,1
51,0,0,Emergency,0,Cardiac,1,1,7.6,1.14,10.7,136.4,121,89,37.4,0,Medicare,0,0,1,4.9,1
80,1,0,Emergency,3,GI,6,2,8.0,0.9,11.5,138.1,138,59,38.5,2,Private,0,1,1,4.6,1
69,1,0,Emergency,0,Cardiac,4,3,8.6,1.15,12.7,144.4,147,71,37.3,0,Medicare,1,1,1,10.2,2
81,0,1,Urgent,0,Cardiac,4,1,7.5,2.89,4.4,137.9,125,71,35.1,0,Medicare,1,1,0,8.7,2
70,0,0,Emergency,1,Respiratory,5,4,10.3,1.12,8.1,138.3,145,112,36.5,2,Private,1,3,1,8.2,2
78,1,0,Emergency,4,Neurological,4,0,6.8,0.62,17.7,139.4,133,67,39.2,0,Medicare,0,0,1,4.9,1
76,1,0,Emergency,3,GI,4,2,6.9,0.51,18.3,140.2,99,91,36.7,0,Medicare,0,2,1,4.8,1
60,0,2,Elective,2,Orthopedic,1,1,8.7,0.86,16.0,139.1,146,90,36.7,1,Medicaid,0,1,0,1.0,0
59,0,1,Urgent,2,Orthopedic,1,3,9.4,1.3,11.5,140.4,101,100,35.8,1,Medicaid,1,4,0,5.2,1
56,1,2,Elective,2,Orthopedic,1,0,9.0,2.24,10.1,139.9,89,75,37.2,0,Medicare,1,0,0,5.3,1
58,1,0,Emergency,1,Respiratory,4,0,6.4,1.73,6.3,139.3,116,96,37.2,3,Self-Pay,0,1,1,2.1,0
37,1,0,Emergency,5,Infection,2,1,7.9,0.82,3.1,145.0,105,64,36.8,1,Medicaid,0,1,1,7.1,2
64,1,0,Emergency,3,GI,3,3,8.4,0.64,12.3,135.0,136,84,37.0,0,Medicare,1,0,1,6.5,1
37,1,2,Elective,2,Orthopedic,3,5,6.6,1.06,7.5,139.7,139,102,37.5,0,Medicare,0,3,0,3.2,1
79,1,0,Emergency,2,Orthopedic,1,1,5.0,1.1,4.0,137.0,142,68,37.1,0,Medicare,0,1,1,5.5,1
87,1,1,Urgent,5,Infection,2,4,4.7,0.97,10.7,134.4,125,81,35.8,2,Private,0,1,0,4.5,1
29,0,0,Emergency,4,Neurological,3,0,7.2,1.55,19.3,137.0,115,99,37.3,3,Self-Pay,0,1,1,4.7,1
50,0,1,Urgent,0,Cardiac,1,0,8.1,0.76,10.6,133.9,116,73,37.0,0,Medicare,0,3,0,5.3,1
79,0,0,Emergency,2,Orthopedic,3,1,5.7,1.07,7.5,138.5,126,96,37.4,3,Self-Pay,0,0,1,4.1,1
37,1,1,Urgent,1,Respiratory,1,4,5.1,1.32,11.3,138.7,133,89,38.2,0,Medicare,1,0,0,4.2,1
55,1,2,Elective,5,Infection,6,1,5.6,0.57,6.6,139.3,149,71,37.6,1,Medicaid,0,0,0,6.9,1
23,0,0,Emergency,2,Orthopedic,2,3,6.8,1.34,7.5,137.3,97,73,38.3,3,Self-Pay,0,2,1,1.9,0
29,1,1,Urgent,0,Cardiac,6,0,7.9,1.79,10.6,138.1,144,50,38.6,0,Medicare,0,1,0,4.0,1
50,0,1,Urgent,2,Orthopedic,3,2,7.2,1.64,3.4,134.9,133,83,37.4,0,Medicare,0,0,0,1.8,0
50,0,2,Elective,1,Respiratory,4,5,6.5,1.15,10.0,136.1,170,80,37.4,0,Medicare,0,2,0,3.4,1
39,0,0,Emergency,3,GI,1,1,9.0,0.71,8.4,134.2,132,102,37.5,2,Private,0,1,1,3.1,1
71,1,0,Emergency,1,Respiratory,2,5,11.4,0.79,8.7,133.3,159,79,36.5,3,Self-Pay,0,1,1,7.0,1
40,1,2,Elective,0,Cardiac,5,2,6.5,1.06,7.0,130.3,129,75,36.6,0,Medicare,1,1,0,5.5,1
76,1,0,Emergency,0,Cardiac,3,2,9.4,1.24,14.4,142.4,135,76,37.0,2,Private,0,3,1,6.9,1
73,1,2,Elective,1,Respiratory,2,2,5.3,0.74,5.3,143.1,132,68,35.7,1,Medicaid,0,0,0,3.6,1
50,0,1,Urgent,1,Respiratory,3,1,8.6,1.36,7.6,131.1,129,102,35.6,0,Medicare,0,0,0,4.0,1
45,1,1,Urgent,4,Neurological,1,4,5.0,0.87,10.3,139.0,132,107,36.7,2,Private,0,2,0,5.7,1
21,0,0,Emergency,1,Respiratory,2,3,5.9,1.0,14.3,133.5,148,71,36.5,0,Medicare,0,1,1,4.6,1
66,0,1,Urgent,0,Cardiac,2,3,6.4,1.56,4.6,135.9,153,73,37.7,2,Private,0,0,0,2.5,0
54,0,1,Urgent,4,Neurological,3,4,4.0,0.4,10.7,137.3,136,75,35.5,2,Private,0,0,0,5.6,1
80,0,1,Urgent,5,Infection,3,1,4.0,1.14,8.1,135.8,145,73,37.1,3,Self-Pay,0,2,0,4.9,1
23,0,0,Emergency,2,Orthopedic,5,0,5.0,1.05,16.8,141.8,118,88,37.5,2,Private,0,3,1,5.7,1
54,0,2,Elective,1,Respiratory,2,1,8.9,0.72,11.3,148.4,150,92,37.6,2,Private,0,3,0,2.4,0
81,1,0,Emergency,4,Neurological,1,0,6.1,2.7,8.2,132.8,129,57,37.9,0,Medicare,1,4,1,8.6,2
63,0,0,Emergency,0,Cardiac,1,1,8.1,0.72,4.4,141.4,150,110,36.8,1,Medicaid,0,2,1,7.1,2
24,1,2,Elective,5,Infection,5,0,4.0,1.65,9.0,140.1,146,87,37.3,0,Medicare,0,0,0,4.5,1
78,0,1,Urgent,5,Infection,2,2,7.1,1.58,8.6,137.8,110,67,37.0,2,Private,0,1,0,4.9,1
41,0,0,Emergency,2,Orthopedic,4,2,7.3,1.38,1.5,134.7,124,68,36.5,1,Medicaid,0,0,1,3.4,1
39,0,2,Elective,1,Respiratory,3,4,4.8,0.7,8.7,130.1,133,72,36.6,1,Medicaid,0,2,0,3.6,1
18,0,0,Emergency,0,Cardiac,6,3,9.9,1.62,14.2,139.8,97,85,36.0,0,Medicare,0,1,1,5.0,1
71,0,0,Emergency,5,Infection,1,1,4.2,0.84,11.0,138.6,98,119,37.3,1,Medicaid,0,1,1,3.9,1
99,1,1,Urgent,4,Neurological,2,0,6.1,0.42,8.9,138.4,135,106,37.0,2,Private,1,2,0,4.8,1
50,1,0,Emergency,1,Respiratory,3,3,10.9,1.11,8.7,140.9,114,84,36.6,0,Medicare,0,0,1,2.0,0
67,0,2,Elective,0,Cardiac,4,5,4.8,1.23,7.4,140.0,112,83,37.8,2,Private,0,2,0,5.3,1
76,0,2,Elective,3,GI,5,2,5.4,1.63,6.6,137.9,149,66,37.6,0,Medicare,1,4,0,6.2,1
89,1,0,Emergency,5,Infection,2,0,6.8,0.83,10.4,140.9,168,81,37.9,1,Medicaid,1,0,1,5.9,1
50,0,2,Elective,3,GI,3,3,4.1,2.65,7.4,138.4,131,88,37.2,1,Medicaid,0,2,0,5.8,1
81,0,0,Emergency,0,Cardiac,4,3,7.4,1.15,9.7,138.3,149,72,36.6,0,Medicare,1,0,1,9.7,2
28,1,1,Urgent,2,Orthopedic,2,1,4.0,1.77,11.5,143.3,154,63,36.6,2,Private,0,1,0,3.1,1
67,1,2,Elective,0,Cardiac,2,3,6.5,1.59,3.3,138.3,96,88,37.7,2,Private,0,2,0,2.3,0
50,1,2,Elective,5,Infection,1,0,9.1,1.44,3.9,131.7,135,77,36.2,2,Private,0,0,0,1.5,0
40,1,0,Emergency,1,Respiratory,2,2,7.7,1.99,6.4,141.6,155,84,36.9,0,Medicare,1,0,1,7.0,1
50,0,0,Emergency,4,Neurological,3,0,6.4,1.04,7.5,141.6,150,98,37.4,1,Medicaid,0,0,1,6.0,1
76,0,0,Emergency,0,Cardiac,2,1,5.9,1.5,6.0,137.6,136,75,36.5,1,Medicaid,0,1,1,4.2,1
76,0,1,Urgent,0,Cardiac,2,4,6.3,1.12,6.2,142.8,118,53,37.0,0,Medicare,0,1,0,5.8,1
62,1,1,Urgent,3,GI,2,2,6.0,1.12,6.0,135.9,150,88,36.3,0,Medicare,0,3,0,4.2,1
68,1,0,Emergency,4,Neurological,5,4,7.2,0.87,6.4,138.0,130,100,36.8,0,Medicare,1,2,1,9.4,2
36,0,0,Emergency,0,Cardiac,5,2,7.7,1.12,11.2,143.2,131,75,38.6,0,Medicare,1,1,1,8.6,2
60,0,2,Elective,2,Orthopedic,6,2,6.8,2.14,7.1,136.7,92,86,36.1,0,Medicare,0,0,0,3.3,1
25,0,0,Emergency,3,GI,3,1,7.8,1.57,12.2,136.4,144,62,37.8,1,Medicaid,0,0,1,3.0,0
50,0,0,Emergency,4,Neurological,3,3,7.4,1.41,13.0,138.4,113,50,37.3,3,Self-Pay,1,4,1,6.7,1
67,0,2,Elective,3,GI,1,1,4.3,0.88,10.9,141.4,128,95,35.0,0,Medicare,1,1,0,5.8,1
72,1,0,Emergency,0,Cardiac,4,1,4.0,0.88,4.0,133.2,126,65,36.1,0,Medicare,0,1,1,6.2,1
84,1,2,Elective,2,Orthopedic,3,4,6.8,0.83,6.2,142.4,144,72,36.7,1,Medicaid,0,2,0,5.8,1
18,0,0,Emergency,5,Infection,5,1,5.7,2.08,11.4,142.3,106,85,36.5,0,Medicare,0,4,1,6.0,1
30,0,0,Emergency,5,Infection,3,1,6.9,1.71,14.7,143.4,120,88,36.9,2,Private,1,1,1,8.3,2
50,0,1,Urgent,3,GI,2,1,9.5,0.58,2.5,131.2,123,81,37.2,0,Medicare,0,0,0,3.6,1
56,0,1,Urgent,5,Infection,3,1,6.0,1.79,12.0,142.6,103,95,38.8,2,Private,0,1,0,4.3,1
53,0,1,Urgent,0,Cardiac,1,0,7.1,2.01,5.8,138.5,156,57,36.7,0,Medicare,0,0,0,6.2,1
57,1,0,Emergency,2,Orthopedic,4,1,5.0,1.29,3.0,136.9,129,82,36.3,0,Medicare,0,0,1,4.6,1
70,0,1,Urgent,4,Neurological,3,4,7.4,2.39,11.5,136.7,97,82,35.8,0,Medicare,0,1,0,8.0,2
51,1,1,Urgent,0,Cardiac,4,2,5.1,0.73,4.2,136.9,83,92,36.7,0,Medicare,1,1,0,7.2,2
83,1,0,Emergency,5,Infection,4,1,8.3,1.29,4.1,140.2,136,70,35.8,0,Medicare,0,1,1,7.2,2
50,1,2,Elective,1,Respiratory,3,3,6.7,2.17,17.6,138.6,124,86,36.7,2,Private,0,1,0,3.2,1
57,0,2,Elective,1,Respiratory,4,4,6.2,1.56,3.1,138.4,139,89,35.9,1,Medicaid,0,3,0,1.7,0
27,1,2,Elective,0,Cardiac,4,4,4.0,2.72,4.8,128.6,136,95,35.9,1,Medicaid,0,1,0,5.4,1
31,1,1,Urgent,1,Respiratory,6,2,4.0,0.87,8.7,135.6,114,111,37.6,2,Private,0,0,0,4.4,1
32,0,0,Emergency,3,GI,1,7,7.5,0.76,6.5,138.8,100,68,37.3,0,Medicare,1,1,1,6.6,1
82,0,1,Urgent,2,Orthopedic,2,1,8.6,0.87,10.1,128.5,150,76,36.8,2,Private,0,1,0,2.1,0
49,1,2,Elective,0,Cardiac,5,0,6.9,1.03,10.6,141.0,129,52,37.3,0,Medicare,1,2,0,5.9,1
83,0,0,Emergency,4,Neurological,4,4,6.1,3.13,5.5,136.6,95,53,36.8,1,Medicaid,0,0,1,5.8,1
71,0,1,Urgent,0,Cardiac,4,2,6.6,0.87,16.4,136.2,165,89,37.5,2,Private,0,1,0,4.7,1
78,0,0,Emergency,4,Neurological,1,0,6.2,1.04,3.5,137.9,130,87,36.6,0,Medicare,0,0,1,6.5,1
75,0,0,Emergency,1,Respiratory,1,1,5.2,0.68,7.9,133.3,99,104,37.8,0,Medicare,0,0,1,3.7,1
81,0,0,Emergency,2,Orthopedic,4,2,4.1,0.88,8.5,133.1,109,106,37.2,0,Medicare,0,2,1,5.6,1
50,0,2,Elective,1,Respiratory,4,2,4.1,1.25,9.1,140.9,138,60,37.9,2,Private,0,1,0,3.0,0
18,1,1,Urgent,3,GI,4,1,5.3,0.43,11.5,140.6,101,72,36.5,2,Private,0,0,0,3.1,1
72,0,0,Emergency,4,Neurological,1,1,6.7,1.06,11.6,135.8,110,90,36.2,2,Private,1,0,1,6.6,1
69,1,1,Urgent,5,Infection,1,1,4.1,0.78,8.8,141.3,116,95,36.3,0,Medicare,0,0,0,5.3,1
65,1,0,Emergency,1,Respiratory,3,2,6.4,1.28,12.8,142.0,128,66,37.4,2,Private,1,1,1,8.4,2
40,0,1,Urgent,3,GI,2,3,5.1,1.94,4.0,130.0,137,62,36.9,0,Medicare,0,0,0,3.1,1
28,1,2,Elective,2,Orthopedic,2,0,4.0,0.95,9.7,141.2,128,81,37.2,0,Medicare,0,1,0,2.1,0
76,1,1,Urgent,5,Infection,1,2,5.3,1.24,12.2,137.8,94,62,38.5,1,Medicaid,0,1,0,3.4,1
71,1,1,Urgent,4,Neurological,4,1,6.9,0.93,9.0,142.1,149,86,35.3,2,Private,1,1,0,8.1,2
61,1,1,Urgent,1,Respiratory,4,2,5.4,1.79,8.0,142.0,131,86,38.0,0,Medicare,0,1,0,2.4,0
87,1,1,Urgent,2,Orthopedic,3,2,9.2,1.04,8.6,138.3,100,75,37.2,2,Private,0,0,0,3.9,1
36,0,1,Urgent,1,Respiratory,3,3,7.6,1.86,9.7,139.6,149,59,38.0,2,Private,0,2,0,4.6,1
65,1,2,Elective,4,Neurological,3,2,8.4,1.28,9.7,140.4,131,80,35.8,2,Private,1,2,0,6.2,1
45,0,1,Urgent,4,Neurological,4,0,12.1,2.37,11.7,143.0,144,95,36.7,1,Medicaid,0,1,0,4.2,1
22,1,2,Elective,5,Infection,4,3,5.5,1.46,11.6,139.6,123,77,37.6,0,Medicare,1,0,0,5.9,1
50,0,2,Elective,3,GI,4,3,4.0,1.21,8.2,136.2,105,73,36.7,0,Medicare,0,0,0,4.2,1
50,1,2,Elective,3,GI,3,2,5.1,1.78,9.8,136.2,112,63,37.5,1,Medicaid,0,4,0,4.6,1
84,1,2,Elective,2,Orthopedic,3,3,6.6,2.52,7.7,136.1,131,82,38.1,1,Medicaid,0,0,0,4.5,1
25,1,0,Emergency,3,GI,4,4,7.2,2.37,3.0,137.9,118,62,38.0,0,Medicare,1,1,1,7.7,2
56,1,0,Emergency,1,Respiratory,2,1,6.8,3.35,13.6,149.3,115,99,35.7,3,Self-Pay,0,0,1,5.2,1
82,1,1,Urgent,4,Neurological,3,4,5.7,1.11,14.5,139.8,82,81,36.3,3,Self-Pay,0,1,0,4.3,1
74,1,1,Urgent,0,Cardiac,3,1,7.2,1.32,9.8,147.2,103,81,36.3,2,Private,0,3,0,5.4,1
30,0,2,Elective,0,Cardiac,1,1,8.6,1.01,7.8,142.8,113,78,37.6,2,Private,0,1,0,2.3,0
33,1,0,Emergency,3,GI,2,2,5.1,0.78,7.1,136.4,139,71,38.2,0,Medicare,0,0,1,5.5,1
83,1,0,Emergency,5,Infection,4,0,4.8,1.51,14.0,139.1,137,89,36.4,0,Medicare,1,2,1,8.6,2
81,1,2,Elective,3,GI,4,3,10.0,0.4,6.4,138.1,135,86,36.7,0,Medicare,0,3,0,3.8,1
68,1,0,Emergency,4,Neurological,4,4,4.5,1.39,6.3,138.1,144,112,38.2,0,Medicare,0,2,1,5.7,1
28,0,0,Emergency,4,Neurological,3,3,8.0,2.16,1.5,139.5,138,86,37.9,3,Self-Pay,0,1,1,4.6,1
84,0,0,Emergency,1,Respiratory,2,0,6.1,1.69,11.2,152.5,104,108,37.3,1,Medicaid,1,1,1,8.5,2
37,1,2,Elective,0,Cardiac,3,3,9.2,1.64,14.4,141.4,123,67,39.0,0,Medicare,0,0,0,4.1,1
70,1,1,Urgent,5,Infection,3,6,6.0,0.51,10.8,136.9,128,76,37.3,0,Medicare,0,1,0,6.9,1
81,0,2,Elective,5,Infection,1,5,7.2,2.45,7.1,137.1,144,92,36.9,2,Private,1,2,0,8.5,2
57,1,0,Emergency,2,Orthopedic,3,2,4.1,0.98,2.5,138.0,107,106,35.7,1,Medicaid,0,0,1,4.6,1
21,0,2,Elective,0,Cardiac,1,7,5.3,1.49,10.7,137.5,117,75,35.0,3,Self-Pay,0,1,0,2.7,0
57,1,0,Emergency,5,Infection,6,1,6.9,0.95,10.1,136.3,137,68,38.5,2,Private,0,1,1,5.6,1
50,1,0,Emergency,3,GI,3,1,5.3,1.07,6.8,142.3,125,105,35.8,2,Private,1,0,1,3.2,1
82,0,1,Urgent,0,Cardiac,2,3,4.2,1.66,8.5,136.3,161,106,36.9,2,Private,0,0,0,4.5,1
50,1,0,Emergency,0,Cardiac,5,3,10.3,2.02,11.3,130.5,108,55,36.4,1,Medicaid,0,1,1,7.4,2
39,1,0,Emergency,5,Infection,6,0,6.5,1.05,11.7,135.5,147,96,35.3,2,Private,0,0,1,5.9,1
55,0,0,Emergency,0,Cardiac,4,2,8.6,1.25,11.1,141.3,126,85,38.0,2,Private,0,1,1,4.0,1
87,0,0,Emergency,1,Respiratory,4,6,9.9,0.7,13.7,136.6,119,71,37.3,0,Medicare,0,0,1,5.1,1
73,0,2,Elective,2,Orthopedic,1,0,5.6,1.87,9.9,140.2,144,77,36.3,0,Medicare,0,2,0,4.4,1
73,1,0,Emergency,0,Cardiac,5,1,6.3,0.45,11.3,132.3,174,71,36.8,0,Medicare,0,1,1,5.3,1
53,0,2,Elective,1,Respiratory,3,7,6.6,0.61,7.7,131.6,80,80,36.6,1,Medicaid,0,0,0,4.3,1
72,0,2,Elective,1,Respiratory,2,2,7.3,0.41,5.6,134.7,116,96,36.4,0,Medicare,0,4,0,4.3,1
74,0,0,Emergency,1,Respiratory,4,3,8.5,1.01,10.8,139.4,98,101,38.2,0,Medicare,1,2,1,5.6,1
37,1,1,Urgent,4,Neurological,4,3,8.3,1.1,10.5,135.6,131,109,36.9,0,Medicare,0,2,0,5.1,1
66,1,1,Urgent,2,Orthopedic,2,1,7.8,1.38,7.2,136.5,119,78,35.9,0,Medicare,0,3,0,2.6,0
63,1,2,Elective,1,Respiratory,5,1,5.9,1.88,12.4,137.3,141,91,37.2,0,Medicare,1,0,0,7.1,2
71,0,2,Elective,1,Respiratory,6,4,6.5,1.0,8.2,133.6,95,85,37.7,1,Medicaid,0,2,0,2.7,0
31,1,1,Urgent,0,Cardiac,3,2,4.2,1.44,2.2,143.5,105,84,36.4,0,Medicare,0,1,0,4.9,1
62,1,0,Emergency,0,Cardiac,3,0,7.8,0.61,9.5,144.8,118,97,38.0,0,Medicare,0,1,1,4.2,1
47,0,1,Urgent,3,GI,2,2,10.7,1.51,4.2,141.1,107,96,37.8,2,Private,1,1,0,5.5,1
38,0,2,Elective,0,Cardiac,3,2,7.0,0.98,1.5,143.1,84,84,36.7,1,Medicaid,0,3,0,3.3,1
71,1,1,Urgent,2,Orthopedic,2,3,9.0,1.0,8.1,138.9,124,75,35.9,1,Medicaid,0,1,0,2.3,0
89,1,2,Elective,4,Neurological,7,1,8.0,1.14,11.2,138.7,137,83,37.8,2,Private,1,1,0,7.8,2
68,1,1,Urgent,1,Respiratory,1,2,5.5,0.83,7.5,139.8,124,74,38.1,0,Medicare,0,0,0,3.7,1
65,0,0,Emergency,1,Respiratory,6,3,4.9,1.07,9.4,138.4,160,84,36.4,0,Medicare,1,1,1,8.1,2
66,1,2,Elective,5,Infection,4,1,4.5,2.07,7.8,141.4,127,76,36.8,1,Medicaid,0,2,0,6.2,1
73,1,2,Elective,5,Infection,1,2,6.7,1.97,7.9,134.8,138,104,37.6,2,Private,1,1,0,8.4,2
59,1,0,Emergency,5,Infection,5,2,7.5,1.27,3.1,141.6,129,90,38.2,0,Medicare,0,1,1,5.3,1
50,1,0,Emergency,3,GI,3,2,7.6,1.04,1.5,144.7,135,94,38.6,3,Self-Pay,1,0,1,8.0,2
79,1,1,Urgent,5,Infection,5,3,4.5,0.84,9.5,136.9,136,74,36.5,0,Medicare,0,2,0,7.1,2
45,1,2,Elective,4,Neurological,4,2,8.7,0.74,6.9,134.3,147,87,37.7,3,Self-Pay,0,0,0,3.9,1
61,0,0,Emergency,2,Orthopedic,3,3,5.5,1.97,4.2,142.9,118,84,37.5,1,Medicaid,0,2,1,4.9,1
42,1,0,Emergency,3,GI,5,4,6.7,1.16,8.0,140.1,125,82,37.8,1,Medicaid,0,0,1,6.3,1
56,0,1,Urgent,0,Cardiac,1,0,5.3,0.49,4.2,139.3,126,65,36.0,1,Medicaid,0,3,0,2.3,0
38,1,0,Emergency,3,GI,1,0,4.4,0.64,8.6,136.2,125,109,37.4,1,Medicaid,1,2,1,5.3,1
35,0,0,Emergency,1,Respiratory,6,2,4.2,0.73,1.5,139.8,112,96,35.7,0,Medicare,0,2,1,7.4,2
50,1,1,Urgent,1,Respiratory,2,4,7.8,0.4,13.2,138.3,80,90,38.2,1,Medicaid,0,0,0,4.9,1
59,0,2,Elective,0,Cardiac,3,3,6.5,0.83,12.4,138.9,102,76,37.4,0,Medicare,0,1,0,5.2,1
37,1,1,Urgent,1,Respiratory,4,2,4.5,0.42,5.6,139.9,142,97,37.2,3,Self-Pay,0,1,0,6.0,1
84,0,1,Urgent,2,Orthopedic,2,2,5.4,1.31,10.5,136.4,136,97,37.0,1,Medicaid,1,2,0,4.5,1
75,0,1,Urgent,3,GI,3,2,9.1,1.16,6.8,135.2,131,72,38.4,0,Medicare,0,1,0,4.6,1
40,1,1,Urgent,1,Respiratory,3,1,8.1,1.81,16.9,133.2,136,78,36.2,1,Medicaid,0,3,0,4.9,1
90,1,0,Emergency,4,Neurological,2,1,7.6,1.37,3.7,136.2,134,72,37.2,1,Medicaid,1,0,1,8.4,2
50,0,0,Emergency,2,Orthopedic,2,1,10.3,3.78,12.9,136.9,167,81,38.3,2,Private,0,0,1,2.0,0
89,0,0,Emergency,3,GI,3,3,9.2,0.99,12.2,140.9,128,66,37.0,0,Medicare,0,1,1,3.2,1
76,0,2,Elective,1,Respiratory,3,2,6.6,0.89,4.9,141.6,151,74,38.9,1,Medicaid,1,1,0,6.2,1
50,1,2,Elective,4,Neurological,6,3,5.5,1.89,12.8,127.1,144,60,38.5,1,Medicaid,1,0,0,5.1,1
57,1,1,Urgent,3,GI,2,3,11.2,1.3,7.4,138.0,119,81,38.1,1,Medicaid,0,2,0,3.5,1
53,1,2,Elective,5,Infection,4,2,8.7,1.18,6.2,139.6,110,88,37.2,0,Medicare,0,0,0,4.8,1
22,0,2,Elective,0,Cardiac,1,0,5.5,1.82,9.9,137.1,122,69,38.7,0,Medicare,1,6,0,5.2,1
31,0,2,Elective,1,Respiratory,1,3,4.1,1.88,8.2,137.9,126,85,38.6,1,Medicaid,0,2,0,4.2,1
26,1,0,Emergency,0,Cardiac,8,4,4.0,0.51,9.4,138.6,119,62,36.4,2,Private,0,1,1,3.4,1
50,0,1,Urgent,0,Cardiac,5,3,4.2,1.09,6.5,137.0,126,67,37.9,0,Medicare,0,1,0,3.5,1
59,1,1,Urgent,1,Respiratory,4,2,5.6,1.42,9.0,138.9,111,90,37.2,1,Medicaid,0,1,0,3.9,1
50,0,1,Urgent,5,Infection,1,1,8.9,0.4,12.6,132.0,121,79,37.4,0,Medicare,0,0,0,5.7,1
85,1,0,Emergency,3,GI,3,0,8.3,0.81,5.3,135.0,129,100,36.8,2,Private,0,2,1,6.6,1
70,1,1,Urgent,1,Respiratory,2,4,7.0,1.46,10.2,137.1,125,81,38.2,0,Medicare,1,2,0,8.3,2
90,0,0,Emergency,4,Neurological,1,2,7.6,1.81,6.7,135.9,133,84,38.7,0,Medicare,0,0,1,3.2,1
86,1,2,Elective,0,Cardiac,6,4,5.1,0.99,6.6,134.7,119,88,36.8,0,Medicare,0,0,0,4.3,1
28,1,2,Elective,1,Respiratory,2,1,4.1,0.71,17.5,140.5,117,84,36.7,3,Self-Pay,0,2,0,3.0,0
89,0,0,Emergency,3,GI,1,1,6.1,1.22,14.4,134.8,130,82,37.5,0,Medicare,1,1,1,8.3,2
22,0,0,Emergency,3,GI,2,1,8.3,1.09,6.8,144.8,144,77,37.5,1,Medicaid,0,0,1,2.4,0
70,1,1,Urgent,3,GI,6,7,6.6,0.88,7.0,135.2,127,49,36.7,2,Private,1,0,0,9.9,2
74,0,1,Urgent,0,Cardiac,2,0,7.8,0.61,6.2,136.8,133,81,37.9,0,Medicare,1,0,0,7.1,2
74,1,1,Urgent,1,Respiratory,1,1,6.6,0.94,11.9,134.4,133,67,37.7,2,Private,0,0,0,3.6,1
51,0,2,Elective,5,Infection,2,3,4.2,0.57,4.3,133.8,126,86,37.7,2,Private,0,2,0,4.1,1
83,0,2,Elective,5,Infection,2,4,7.0,0.83,10.4,139.6,141,96,38.4,0,Medicare,0,0,0,6.3,1
87,0,0,Emergency,1,Respiratory,7,2,5.8,1.12,17.3,134.0,129,58,37.7,0,Medicare,0,0,1,5.6,1
50,0,1,Urgent,3,GI,5,2,8.5,0.86,9.6,138.4,154,96,37.1,1,Medicaid,0,3,0,4.2,1
63,1,2,Elective,1,Respiratory,1,0,4.0,2.73,12.6,141.3,116,83,37.1,0,Medicare,0,1,0,4.4,1
27,0,2,Elective,1,Respiratory,4,2,9.3,1.09,12.2,133.8,131,75,35.8,2,Private,0,1,0,4.9,1
42,1,0,Emergency,4,Neurological,6,2,4.3,1.74,7.4,131.6,123,91,36.6,1,Medicaid,0,1,1,5.5,1
79,1,0,Emergency,2,Orthopedic,2,0,6.0,1.22,4.2,143.7,120,79,38.2,0,Medicare,1,2,1,3.5,1
60,1,0,Emergency,4,Neurological,3,2,4.0,0.68,12.6,132.5,115,76,38.2,1,Medicaid,0,0,1,6.1,1
50,0,2,Elective,3,GI,4,3,8.3,0.87,12.5,139.9,142,59,37.6,3,Self-Pay,0,1,0,1.9,0
79,1,1,Urgent,3,GI,2,0,4.5,1.08,15.7,132.7,134,79,37.3,1,Medicaid,0,0,0,1.0,0
82,0,0,Emergency,0,Cardiac,3,2,5.5,0.87,9.0,139.2,160,93,36.3,2,Private,1,1,1,8.8,2
50,1,0,Emergency,4,Neurological,3,1,8.4,1.15,5.5,140.7,128,71,36.0,2,Private,0,1,1,3.8,1
82,0,0,Emergency,5,Infection,2,1,5.6,0.86,9.4,135.8,144,88,37.3,0,Medicare,0,1,1,5.8,1
50,0,1,Urgent,2,Orthopedic,4,0,6.4,1.21,6.4,132.2,117,62,37.5,1,Medicaid,0,3,0,4.9,1
75,1,1,Urgent,0,Cardiac,2,3,7.6,1.79,12.0,134.9,126,68,36.4,0,Medicare,0,4,0,5.2,1
37,0,1,Urgent,5,Infection,2,6,7.1,1.68,11.6,135.3,106,71,37.1,1,Medicaid,1,1,0,6.0,1
69,1,0,Emergency,1,Respiratory,6,1,6.9,1.35,11.3,135.2,133,58,38.2,0,Medicare,0,0,1,3.6,1
40,0,0,Emergency,2,Orthopedic,2,2,5.4,1.24,6.7,125.2,145,79,37.5,1,Medicaid,0,1,1,5.3,1
63,1,2,Elective,0,Cardiac,1,2,5.8,0.71,8.4,132.7,157,92,37.3,0,Medicare,0,0,0,3.9,1
79,1,0,Emergency,0,Cardiac,4,3,7.3,1.91,3.3,135.0,125,90,36.6,0,Medicare,1,3,1,7.3,2
66,0,2,Elective,0,Cardiac,1,1,6.0,0.52,5.6,137.5,130,81,38.7,1,Medicaid,0,2,0,2.7,0
76,1,0,Emergency,2,Orthopedic,1,1,7.0,1.0,6.7,134.8,148,79,38.5,2,Private,0,0,1,2.7,0
35,1,0,Emergency,3,GI,2,4,4.0,0.77,5.0,139.5,157,70,37.2,2,Private,0,1,1,5.8,1
32,1,1,Urgent,3,GI,6,0,6.5,1.53,7.3,135.3,120,112,35.9,2,Private,1,2,0,5.9,1
27,1,2,Elective,3,GI,3,1,7.5,2.52,9.7,140.0,149,74,38.0,0,Medicare,0,1,0,3.2,1
77,1,0,Emergency,2,Orthopedic,1,2,7.7,0.99,5.0,142.6,136,84,37.9,0,Medicare,0,1,1,5.2,1
26,0,1,Urgent,4,Neurological,4,3,6.1,2.42,5.4,139.2,134,82,36.4,0,Medicare,0,3,0,6.0,1
63,1,1,Urgent,5,Infection,5,2,7.1,0.93,9.7,140.5,160,70,35.7,0,Medicare,0,3,0,6.6,1
50,0,0,Emergency,1,Respiratory,3,3,5.4,0.88,8.5,135.1,92,68,36.8,2,Private,0,1,1,4.2,1
87,0,0,Emergency,0,Cardiac,7,1,9.0,0.86,10.4,141.2,114,103,36.8,0,Medicare,0,1,1,5.8,1
61,1,2,Elective,2,Orthopedic,2,0,5.9,2.01,12.2,133.1,120,102,37.9,2,Private,0,2,0,3.7,1
40,0,0,Emergency,0,Cardiac,3,0,8.8,1.97,11.1,137.3,139,86,37.7,0,Medicare,0,1,1,3.0,0
66,0,1,Urgent,5,Infection,1,0,6.3,1.0,12.2,139.7,109,72,38.1,2,Private,0,0,0,7.3,2
71,0,2,Elective,1,Respiratory,4,4,4.4,1.53,10.8,137.2,140,90,37.0,1,Medicaid,0,0,0,2.4,0
30,0,0,Emergency,2,Orthopedic,2,1,6.1,0.91,1.5,138.7,115,82,37.2,0,Medicare,0,1,1,1.7,0
58,0,0,Emergency,0,Cardiac,1,3,4.7,1.89,6.0,133.9,140,67,37.1,1,Medicaid,0,1,1,4.8,1
73,1,0,Emergency,3,GI,4,2,6.0,0.93,4.0,141.0,126,89,37.6,0,Medicare,0,1,1,3.0,0
69,0,0,Emergency,0,Cardiac,7,2,4.6,1.76,8.8,133.6,165,114,37.2,1,Medicaid,0,1,1,6.7,1
34,1,0,Emergency,4,Neurological,4,1,6.1,1.65,7.6,133.5,107,69,38.2,2,Private,0,0,1,2.7,0
18,0,1,Urgent,5,Infection,2,2,8.3,1.43,12.1,141.8,142,92,38.2,0,Medicare,0,1,0,6.5,1
73,1,1,Urgent,1,Respiratory,2,2,9.1,0.43,3.0,143.0,135,91,36.4,0,Medicare,0,0,0,3.8,1
73,1,1,Urgent,1,Respiratory,4,1,5.4,1.64,4.2,139.1,123,107,37.6,1,Medicaid,0,0,0,4.3,1
36,0,2,Elective,2,Orthopedic,2,2,7.8,2.0,7.1,136.9,137,58,37.1,3,Self-Pay,0,2,0,2.5,0
40,1,0,Emergency,3,GI,4,3,9.2,1.29,10.7,133.6,117,69,36.6,1,Medicaid,0,1,1,4.8,1
76,1,0,Emergency,0,Cardiac,2,1,4.4,1.75,7.6,133.7,131,80,36.5,1,Medicaid,1,2,1,7.1,2
25,1,0,Emergency,4,Neurological,3,2,4.0,1.13,11.2,136.2,116,101,36.9,2,Private,0,1,1,6.4,1
75,0,0,Emergency,0,Cardiac,4,0,4.0,0.82,8.3,136.2,132,68,38.2,2,Private,1,0,1,7.1,2
69,1,0,Emergency,0,Cardiac,5,1,6.4,1.11,9.1,128.8,135,71,37.0,0,Medicare,0,0,1,5.4,1
50,1,1,Urgent,2,Orthopedic,1,3,4.0,2.34,9.7,139.5,125,80,38.7,0,Medicare,0,4,0,3.3,1
71,0,2,Elective,0,Cardiac,2,2,8.6,1.38,1.5,130.9,140,66,37.9,2,Private,1,2,0,7.3,2
81,0,2,Elective,3,GI,1,2,4.0,0.84,10.7,132.4,122,79,37.5,0,Medicare,1,1,0,5.1,1
60,0,0,Emergency,0,Cardiac,2,4,6.5,1.75,7.9,135.8,133,75,36.9,1,Medicaid,1,3,1,6.1,1
65,0,2,Elective,4,Neurological,3,2,7.1,1.66,11.0,139.0,105,65,36.4,1,Medicaid,0,0,0,2.6,0
53,1,2,Elective,2,Orthopedic,1,1,7.7,2.09,15.1,138.4,119,90,38.2,0,Medicare,1,5,0,4.7,1
50,0,0,Emergency,3,GI,1,3,8.5,0.71,13.5,137.8,125,100,37.0,2,Private,0,2,1,4.7,1
59,0,0,Emergency,0,Cardiac,4,2,9.5,0.85,8.6,133.6,157,82,36.5,0,Medicare,0,1,1,4.4,1
58,1,2,Elective,0,Cardiac,1,2,7.2,2.23,11.2,137.8,132,49,36.5,2,Private,0,2,0,5.5,1
60,0,1,Urgent,3,GI,1,0,5.4,1.04,6.3,143.0,130,88,37.1,0,Medicare,0,0,0,4.5,1
83,0,2,Elective,1,Respiratory,4,4,6.8,0.4,4.2,138.0,146,65,36.7,2,Private,0,1,0,4.7,1
50,1,1,Urgent,1,Respiratory,6,3,7.2,0.58,5.5,140.6,111,72,36.3,0,Medicare,0,0,0,5.8,1
40,0,0,Emergency,2,Orthopedic,4,0,6.9,1.72,11.6,129.5,138,86,36.6,0,Medicare,0,2,1,3.7,1
64,0,0,Emergency,1,Respiratory,5,2,5.6,0.93,6.8,138.5,137,85,37.2,1,Medicaid,0,2,1,5.7,1
81,0,2,Elective,4,Neurological,1,2,8.7,0.86,9.0,141.3,117,77,36.2,3,Self-Pay,0,2,0,2.6,0
75,1,0,Emergency,5,Infection,4,1,5.8,2.44,8.7,139.9,139,62,36.9,2,Private,0,3,1,6.2,1
57,1,0,Emergency,2,Orthopedic,3,2,6.3,1.29,17.6,139.8,101,53,36.5,0,Medicare,0,2,1,6.2,1
41,1,1,Urgent,5,Infection,3,4,5.0,1.88,3.7,134.7,138,89,37.1,1,Medicaid,0,5,0,6.3,1
86,0,0,Emergency,5,Infection,3,3,8.2,1.28,8.3,138.8,163,86,37.0,3,Self-Pay,1,1,1,7.3,2
56,1,0,Emergency,0,Cardiac,4,2,10.5,0.97,10.9,142.1,144,102,36.5,2,Private,0,0,1,6.9,1
61,1,1,Urgent,0,Cardiac,3,2,8.7,0.56,10.0,137.4,129,73,37.8,2,Private,0,1,0,5.8,1
34,0,0,Emergency,2,Orthopedic,2,0,4.6,0.94,7.9,145.0,117,75,36.3,1,Medicaid,1,1,1,5.0,1
61,1,0,Emergency,2,Orthopedic,3,1,5.0,0.99,7.0,133.5,163,60,37.2,0,Medicare,0,2,1,3.7,1
30,1,0,Emergency,1,Respiratory,5,0,4.0,0.69,12.4,139.3,82,79,38.2,0,Medicare,1,1,1,5.2,1
18,0,1,Urgent,1,Respiratory,1,2,7.0,1.62,5.0,137.1,117,90,38.0,0,Medicare,0,0,0,2.8,0
54,0,0,Emergency,2,Orthopedic,1,6,7.4,0.83,9.6,131.7,125,78,35.2,2,Private,0,1,1,3.7,1
44,0,0,Emergency,3,GI,2,1,5.3,1.22,6.1,138.7,116,84,36.5,2,Private,1,0,1,5.4,1
54,0,1,Urgent,0,Cardiac,4,2,5.5,0.92,6.5,137.5,120,103,37.0,1,Medicaid,1,1,0,4.4,1
50,1,0,Emergency,3,GI,6,2,4.0,0.78,7.2,133.4,151,81,37.4,3,Self-Pay,0,0,1,2.7,0
63,1,0,Emergency,5,Infection,4,1,6.3,0.6,8.4,131.5,120,92,35.7,3,Self-Pay,0,2,1,5.7,1
36,0,1,Urgent,4,Neurological,1,3,5.2,0.88,7.4,138.8,137,76,38.8,0,Medicare,0,2,0,4.6,1
73,1,0,Emergency,0,Cardiac,2,2,5.3,1.05,9.3,138.0,126,81,36.8,0,Medicare,0,0,1,5.2,1
22,1,0,Emergency,0,Cardiac,1,2,10.6,1.23,11.3,138.3,117,75,38.0,0,Medicare,0,0,1,4.0,1
50,0,1,Urgent,2,Orthopedic,5,1,7.7,0.95,10.7,142.1,156,106,37.5,0,Medicare,0,0,0,5.0,1
60,1,1,Urgent,5,Infection,4,1,6.4,1.19,9.3,138.8,120,101,36.4,2,Private,1,1,0,8.1,2
47,1,1,Urgent,4,Neurological,3,3,6.9,1.3,9.0,135.1,152,83,36.0,2,Private,1,0,0,7.1,2
87,0,1,Urgent,3,GI,2,0,5.6,1.64,9.5,148.3,147,90,36.7,0,Medicare,0,1,0,4.3,1
18,0,1,Urgent,0,Cardiac,3,2,8.2,1.95,9.1,145.3,109,97,39.0,1,Medicaid,1,1,0,4.7,1
63,0,2,Elective,3,GI,1,2,6.0,1.86,9.9,137.2,127,107,35.9,2,Private,0,1,0,4.3,1
51,0,0,Emergency,4,Neurological,4,1,4.5,0.74,3.6,138.6,172,69,36.6,1,Medicaid,0,3,1,3.8,1
80,0,0,Emergency,5,Infection,1,3,9.4,1.21,4.2,129.3,118,76,36.5,1,Medicaid,1,0,1,7.1,2
75,0,1,Urgent,3,GI,4,3,5.1,2.31,9.3,140.8,141,106,38.1,0,Medicare,0,0,0,4.8,1
53,1,0,Emergency,2,Orthopedic,3,1,10.2,0.93,10.3,136.7,142,83,37.2,0,Medicare,0,0,1,4.5,1
50,1,1,Urgent,3,GI,7,0,8.1,2.11,2.5,139.4,118,84,38.5,0,Medicare,0,1,0,2.1,0
36,0,0,Emergency,5,Infection,2,5,7.7,1.34,10.3,132.5,142,81,38.3,1,Medicaid,0,2,1,6.6,1
60,0,0,Emergency,3,GI,3,2,4.8,0.61,6.1,140.2,100,90,39.1,0,Medicare,1,0,1,6.2,1
83,1,2,Elective,1,Respiratory,5,2,9.1,2.82,10.6,130.4,146,85,38.5,3,Self-Pay,0,0,0,3.0,0
82,1,0,Emergency,3,GI,3,1,10.8,1.69,5.0,127.1,130,71,36.3,1,Medicaid,0,0,1,4.6,1
33,0,1,Urgent,5,Infection,2,3,4.7,1.39,15.9,144.3,88,73,38.5,0,Medicare,1,2,0,6.4,1
42,0,0,Emergency,3,GI,1,3,6.4,1.39,10.1,129.5,122,90,36.7,2,Private,0,0,1,2.0,0
50,1,0,Emergency,2,Orthopedic,1,0,4.9,1.33,12.7,131.0,99,80,37.3,2,Private,0,1,1,4.8,1
80,0,0,Emergency,4,Neurological,2,4,5.9,0.93,8.1,133.7,110,92,37.8,2,Private,0,2,1,6.8,1
62,0,0,Emergency,3,GI,3,4,6.2,1.6,11.7,136.9,120,91,38.0,2,Private,0,1,1,4.8,1
52,0,2,Elective,0,Cardiac,1,3,8.8,0.99,10.9,128.6,141,84,37.4,2,Private,0,2,0,2.8,0
72,0,2,Elective,4,Neurological,6,1,4.0,0.71,6.9,131.7,105,92,38.5,0,Medicare,0,0,0,5.8,1
40,0,1,Urgent,2,Orthopedic,1,2,7.8,0.82,8.0,132.6,120,86,36.4,0,Medicare,0,2,0,1.2,0
18,0,2,Elective,5,Infection,1,2,7.9,0.54,14.2,136.1,104,85,37.3,0,Medicare,0,2,0,1.1,0
53,1,1,Urgent,5,Infection,5,0,4.9,1.04,13.0,145.0,111,61,36.5,0,Medicare,0,0,0,4.3,1
86,1,0,Emergency,2,Orthopedic,2,3,6.5,0.71,4.1,140.1,157,77,37.0,2,Private,0,1,1,3.0,0
66,1,0,Emergency,5,Infection,2,4,5.5,0.88,12.6,137.9,133,73,36.3,1,Medicaid,0,2,1,9.6,2
61,0,1,Urgent,1,Respiratory,2,1,6.7,0.6,7.9,134.4,100,85,37.1,2,Private,0,0,0,4.6,1
54,0,0,Emergency,3,GI,3,1,9.8,0.57,8.1,136.7,151,99,35.8,2,Private,0,0,1,3.2,1
74,1,0,Emergency,0,Cardiac,7,0,4.9,2.8,7.8,136.8,150,92,37.9,1,Medicaid,0,1,1,5.5,1
79,1,2,Elective,0,Cardiac,4,0,7.0,1.21,12.0,139.3,122,78,37.6,0,Medicare,0,2,0,4.8,1
50,0,0,Emergency,5,Infection,3,0,4.8,1.01,13.2,138.7,145,100,36.8,0,Medicare,0,2,1,5.1,1
77,0,0,Emergency,5,Infection,2,2,7.8,0.88,11.7,136.9,161,79,37.2,1,Medicaid,0,1,1,6.1,1
22,0,0,Emergency,2,Orthopedic,1,1,7.1,1.36,8.7,140.0,130,79,37.6,1,Medicaid,1,0,1,6.8,1
22,0,1,Urgent,1,Respiratory,1,0,7.6,1.18,9.3,138.2,110,94,37.3,0,Medicare,0,0,0,4.4,1
50,0,0,Emergency,2,Orthopedic,3,1,5.5,1.02,7.9,131.2,144,76,36.5,2,Private,0,0,1,2.2,0
31,1,1,Urgent,5,Infection,10,3,4.4,1.38,4.6,132.8,115,78,37.2,0,Medicare,0,2,0,5.2,1
62,0,0,Emergency,0,Cardiac,2,1,4.0,1.51,9.8,134.4,115,90,37.2,0,Medicare,1,2,1,7.9,2
78,1,1,Urgent,1,Respiratory,2,1,6.5,0.43,13.4,142.4,110,76,37.2,0,Medicare,1,4,0,7.1,2
81,1,0,Emergency,4,Neurological,3,2,7.5,1.18,12.4,141.5,141,101,36.3,0,Medicare,0,1,1,4.7,1
28,0,2,Elective,5,Infection,2,3,7.2,1.38,7.7,137.4,149,98,37.5,2,Private,1,0,0,5.5,1
50,1,1,Urgent,0,Cardiac,1,1,7.8,1.04,8.3,138.4,122,70,36.7,2,Private,1,1,0,7.7,2
65,1,1,Urgent,4,Neurological,8,3,5.5,0.59,9.3,136.6,152,66,37.2,0,Medicare,0,1,0,5.6,1
67,0,1,Urgent,3,GI,3,0,6.3,0.99,8.8,138.6,120,74,35.9,0,Medicare,0,2,0,4.5,1
81,0,1,Urgent,1,Respiratory,3,1,4.0,1.11,7.2,140.5,126,114,37.6,0,Medicare,0,2,0,3.7,1
50,1,0,Emergency,4,Neurological,4,2,6.3,1.29,10.5,139.2,109,91,36.6,2,Private,0,1,1,5.1,1
75,1,1,Urgent,4,Neurological,3,2,9.6,1.73,6.2,135.1,118,68,37.7,0,Medicare,0,3,0,4.0,1
30,1,1,Urgent,0,Cardiac,2,2,6.8,1.8,10.2,136.7,149,105,38.4,0,Medicare,0,1,0,5.3,1
67,1,1,Urgent,2,Orthopedic,2,1,10.1,1.04,13.7,138.7,117,112,37.7,2,Private,0,3,0,3.5,1
82,0,0,Emergency,4,Neurological,3,2,7.3,1.36,6.9,134.7,112,88,35.6,1,Medicaid,1,0,1,9.2,2
39,1,0,Emergency,0,Cardiac,4,1,8.3,1.1,9.5,139.1,109,53,36.9,3,Self-Pay,0,4,1,4.4,1
67,0,0,Emergency,2,Orthopedic,1,0,7.8,1.74,9.9,140.4,91,84,37.6,1,Medicaid,0,2,1,1.1,0
25,1,0,Emergency,0,Cardiac,3,1,8.0,1.64,11.5,137.9,108,88,36.1,2,Private,0,0,1,2.6,0
90,1,2,Elective,1,Respiratory,2,3,7.1,1.57,6.6,142.2,99,111,37.8,0,Medicare,0,1,0,3.6,1
41,1,0,Emergency,0,Cardiac,4,1,8.0,1.07,3.4,139.5,114,89,36.8,2,Private,0,1,1,6.8,1
49,1,0,Emergency,2,Orthopedic,3,4,5.6,2.01,15.9,140.6,123,87,36.7,2,Private,1,1,1,7.3,2
50,1,1,Urgent,0,Cardiac,3,2,8.9,1.51,11.5,134.9,122,91,36.3,1,Medicaid,0,2,0,5.0,1
82,1,2,Elective,1,Respiratory,5,5,9.3,0.98,6.0,143.0,132,107,37.3,0,Medicare,0,2,0,1.7,0
72,1,1,Urgent,1,Respiratory,2,1,7.2,1.22,3.1,140.3,136,77,37.4,0,Medicare,1,2,0,4.5,1
55,0,0,Emergency,4,Neurological,4,3,5.9,0.86,7.1,137.3,107,91,37.1,2,Private,0,2,1,3.6,1
61,1,0,Emergency,3,GI,1,2,4.3,1.43,10.3,139.7,154,86,38.4,0,Medicare,0,2,1,5.2,1
77,0,0,Emergency,0,Cardiac,4,1,7.2,1.35,5.5,138.0,142,69,36.8,1,Medicaid,0,1,1,6.4,1
53,0,0,Emergency,5,Infection,2,1,6.5,1.11,10.1,141.5,144,67,38.4,0,Medicare,0,2,1,7.5,2
31,0,0,Emergency,4,Neurological,2,3,5.3,0.73,9.2,137.5,127,86,38.3,0,Medicare,0,2,1,4.6,1
88,0,0,Emergency,3,GI,2,1,4.7,1.51,9.7,136.5,144,80,36.6,2,Private,0,1,1,2.7,0
85,1,2,Elective,2,Orthopedic,1,3,4.6,1.31,15.3,136.2,166,68,36.4,0,Medicare,0,7,0,3.6,1
85,0,0,Emergency,0,Cardiac,3,1,6.6,0.64,13.6,140.9,148,85,38.6,1,Medicaid,0,1,1,4.7,1
40,1,0,Emergency,5,Infection,3,3,7.4,1.56,5.7,139.6,141,95,37.1,2,Private,0,1,1,5.4,1
72,0,2,Elective,0,Cardiac,2,0,7.4,1.03,5.0,146.6,84,71,37.8,2,Private,0,2,0,1.7,0
74,0,1,Urgent,3,GI,4,2,12.3,0.73,5.8,137.8,141,72,36.8,3,Self-Pay,1,0,0,6.5,1
35,0,0,Emergency,2,Orthopedic,5,2,7.8,1.47,6.8,131.7,134,61,37.2,0,Medicare,0,2,1,2.6,0
74,1,0,Emergency,5,Infection,3,0,8.5,0.79,12.1,140.0,117,82,37.5,0,Medicare,0,1,1,4.9,1
83,1,2,Elective,1,Respiratory,3,2,6.5,0.56,8.0,138.6,115,95,37.6,2,Private,1,2,0,5.0,1
80,0,0,Emergency,2,Orthopedic,3,1,4.0,1.26,7.9,138.6,143,69,37.3,0,Medicare,0,0,1,3.0,0
92,0,1,Urgent,4,Neurological,2,0,5.7,0.81,13.9,137.2,159,82,38.3,2,Private,0,1,0,6.5,1
40,1,2,Elective,0,Cardiac,1,2,9.7,1.29,9.8,137.8,125,64,38.2,2,Private,1,1,0,5.2,1
37,0,0,Emergency,0,Cardiac,7,2,5.0,2.24,10.8,140.4,118,95,37.2,1,Medicaid,0,0,1,8.0,2
71,1,1,Urgent,0,Cardiac,4,2,6.6,1.94,4.1,140.2,110,67,37.1,2,Private,0,1,0,4.7,1
68,0,2,Elective,0,Cardiac,1,1,6.6,1.01,8.8,135.0,97,68,38.9,0,Medicare,1,1,0,6.0,1
82,0,1,Urgent,0,Cardiac,4,1,9.3,1.1,7.3,137.0,126,96,37.1,2,Private,0,0,0,4.1,1
74,0,0,Emergency,3,GI,5,1,7.5,0.5,4.6,143.8,142,95,37.4,2,Private,0,0,1,4.4,1
45,0,2,Elective,4,Neurological,5,2,7.6,0.74,7.9,142.8,138,108,38.4,2,Private,1,1,0,8.7,2
67,1,1,Urgent,5,Infection,1,3,6.2,1.87,6.4,138.9,109,121,37.7,0,Medicare,0,2,0,5.3,1
43,1,1,Urgent,2,Orthopedic,3,5,4.0,1.9,11.2,138.0,138,67,36.9,0,Medicare,0,2,0,4.5,1
27,1,1,Urgent,1,Respiratory,2,4,5.8,2.74,8.9,127.9,124,103,37.0,2,Private,0,0,0,3.9,1
75,1,0,Emergency,5,Infection,1,1,6.5,0.81,8.8,137.7,100,40,37.4,0,Medicare,1,1,1,6.7,1
60,1,0,Emergency,4,Neurological,3,2,6.8,1.11,3.7,135.6,90,73,37.9,0,Medicare,0,0,1,5.2,1
72,1,0,Emergency,3,GI,4,1,5.3,0.68,11.9,133.2,132,69,36.9,0,Medicare,1,1,1,6.4,1
55,1,0,Emergency,1,Respiratory,5,1,4.0,1.17,3.0,132.3,161,77,37.3,2,Private,0,0,1,6.4,1
52,0,0,Emergency,5,Infection,3,2,7.9,2.03,6.8,140.2,91,86,37.3,0,Medicare,0,1,1,6.4,1
67,0,0,Emergency,0,Cardiac,4,5,5.9,1.52,7.9,132.0,135,66,37.4,0,Medicare,0,3,1,4.6,1
79,1,0,Emergency,0,Cardiac,4,7,6.5,0.93,10.7,135.6,126,87,36.1,0,Medicare,0,1,1,5.5,1
32,1,2,Elective,4,Neurological,4,2,4.0,1.16,7.9,138.8,124,89,36.0,1,Medicaid,1,2,0,6.2,1
70,1,2,Elective,3,GI,2,3,6.1,0.62,5.8,146.0,139,106,37.1,0,Medicare,0,2,0,3.8,1
79,1,1,Urgent,1,Respiratory,6,1,7.8,0.8,12.1,137.8,113,77,35.8,0,Medicare,1,0,0,6.9,1
45,0,1,Urgent,3,GI,1,2,7.1,1.4,3.0,135.2,143,88,37.2,2,Private,0,1,0,1.1,0
83,0,0,Emergency,4,Neurological,3,3,5.8,2.14,11.4,143.1,145,84,37.7,0,Medicare,0,3,1,5.9,1
53,1,1,Urgent,4,Neurological,2,2,5.5,1.18,10.7,139.7,147,91,37.9,0,Medicare,1,2,0,5.5,1
50,0,1,Urgent,1,Respiratory,3,0,6.2,2.56,8.2,138.0,142,52,36.3,1,Medicaid,1,2,0,6.8,1
57,0,2,Elective,0,Cardiac,2,1,7.2,2.2,9.2,136.0,112,103,37.4,2,Private,0,1,0,4.1,1
51,1,0,Emergency,2,Orthopedic,3,2,7.1,1.75,7.5,142.4,122,62,37.2,0,Medicare,0,1,1,4.0,1
50,0,1,Urgent,4,Neurological,2,4,7.5,1.2,5.5,144.2,109,76,37.5,2,Private,0,2,0,4.6,1
90,1,1,Urgent,0,Cardiac,5,2,8.0,1.13,4.8,144.3,120,84,37.0,0,Medicare,1,1,0,9.5,2
65,1,1,Urgent,2,Orthopedic,2,3,6.7,0.7,5.3,133.9,120,101,36.7,2,Private,0,3,0,3.3,1
82,0,0,Emergency,1,Respiratory,4,2,9.6,1.02,4.5,138.8,142,80,37.7,0,Medicare,0,2,1,4.2,1
33,0,1,Urgent,0,Cardiac,3,1,7.7,0.48,12.3,137.2,127,73,36.4,1,Medicaid,1,3,0,8.3,2
59,0,1,Urgent,5,Infection,1,1,5.2,0.78,11.3,133.8,94,94,37.9,0,Medicare,1,1,0,8.4,2
63,1,1,Urgent,0,Cardiac,5,1,7.1,1.34,8.1,131.8,134,111,38.1,0,Medicare,1,1,0,5.3,1
77,1,1,Urgent,4,Neurological,2,1,7.5,1.19,1.5,134.8,122,78,36.0,2,Private,1,0,0,6.0,1
43,0,0,Emergency,1,Respiratory,1,0,7.9,2.44,6.8,143.4,145,67,37.2,2,Private,0,0,1,5.7,1
73,1,0,Emergency,1,Respiratory,5,2,5.7,0.61,11.1,145.6,138,59,36.6,0,Medicare,0,3,1,5.7,1
79,0,0,Emergency,5,Infection,2,4,4.0,2.8,9.0,134.6,116,60,36.6,1,Medicaid,0,1,1,5.6,1
50,0,0,Emergency,3,GI,3,0,9.1,1.31,5.6,124.9,133,86,37.8,0,Medicare,0,0,1,4.7,1
78,0,0,Emergency,3,GI,2,1,6.3,1.56,7.6,139.6,159,78,37.7,1,Medicaid,0,0,1,2.5,0
56,0,0,Emergency,4,Neurological,2,2,4.0,2.35,11.7,146.0,92,94,38.3,2,Private,0,1,1,3.2,1
65,1,0,Emergency,1,Respiratory,1,3,6.0,1.57,15.8,138.9,140,77,37.0,2,Private,1,0,1,6.7,1
50,0,1,Urgent,3,GI,4,0,7.8,0.4,12.8,133.3,111,52,36.6,1,Medicaid,1,0,0,4.3,1
32,0,2,Elective,1,Respiratory,3,1,4.6,2.94,7.9,136.6,103,77,37.5,2,Private,0,2,0,3.7,1
85,1,0,Emergency,4,Neurological,1,1,4.5,0.93,5.4,130.8,126,77,37.7,0,Medicare,0,4,1,4.0,1
85,1,0,Emergency,3,GI,2,1,6.1,0.91,6.8,142.3,125,84,36.9,1,Medicaid,0,0,1,2.8,0
25,0,2,Elective,1,Respiratory,4,1,6.7,1.74,13.4,139.5,128,75,36.6,0,Medicare,0,1,0,2.9,0
69,1,1,Urgent,5,Infection,4,2,5.5,0.77,8.5,138.0,127,79,37.1,1,Medicaid,0,0,0,4.0,1
42,1,0,Emergency,3,GI,1,3,5.8,1.42,1.5,139.8,109,70,37.5,1,Medicaid,0,1,1,5.3,1
50,0,1,Urgent,2,Orthopedic,7,1,8.0,0.45,2.1,132.4,144,56,36.6,0,Medicare,0,4,0,4.5,1
66,1,0,Emergency,0,Cardiac,4,3,6.5,1.12,5.4,136.3,119,98,36.9,0,Medicare,1,1,1,6.7,1
58,1,1,Urgent,5,Infection,1,2,4.0,1.38,1.5,142.7,166,64,37.3,0,Medicare,0,3,0,5.3,1
74,1,2,Elective,5,Infection,7,2,8.6,0.8,12.0,132.6,140,67,36.1,2,Private,1,3,0,8.7,2
42,1,0,Emergency,3,GI,4,2,6.2,0.76,16.9,142.1,147,114,36.7,0,Medicare,0,3,1,5.3,1
42,1,2,Elective,2,Orthopedic,4,2,4.9,1.8,12.2,136.9,132,74,37.0,0,Medicare,0,1,0,3.9,1
89,1,0,Emergency,1,Respiratory,3,3,6.2,1.15,12.5,132.4,166,69,38.3,1,Medicaid,0,4,1,3.3,1
68,0,1,Urgent,1,Respiratory,7,2,4.1,0.84,12.3,139.3,143,98,36.8,1,Medicaid,1,2,0,6.1,1
90,0,1,Urgent,3,GI,3,1,6.5,1.48,4.7,144.0,154,52,35.4,3,Self-Pay,0,1,0,5.1,1
59,1,2,Elective,0,Cardiac,5,3,7.5,0.78,8.4,136.0,142,41,36.8,1,Medicaid,0,0,0,3.7,1
84,0,0,Emergency,5,Infection,6,1,5.5,0.51,9.1,141.3,132,75,38.1,2,Private,0,0,1,4.6,1
22,1,1,Urgent,0,Cardiac,2,2,5.9,0.55,15.1,140.7,126,88,36.5,0,Medicare,1,0,0,4.7,1
50,0,2,Elective,4,Neurological,6,3,5.4,1.13,6.6,137.2,134,107,37.4,0,Medicare,0,4,0,4.3,1
80,0,1,Urgent,1,Respiratory,4,2,7.8,1.01,11.4,141.8,126,93,38.8,0,Medicare,1,1,0,6.0,1
60,1,0,Emergency,1,Respiratory,5,3,6.1,1.01,6.4,140.4,147,99,37.9,2,Private,0,1,1,3.6,1
29,1,0,Emergency,3,GI,1,2,5.5,1.35,4.8,131.9,134,92,36.8,2,Private,1,1,1,4.7,1
79,0,1,Urgent,4,Neurological,2,3,6.8,0.46,5.1,133.2,144,82,36.0,1,Medicaid,0,1,0,5.9,1
89,0,2,Elective,4,Neurological,1,2,6.0,1.48,3.2,137.3,139,86,35.8,0,Medicare,0,2,0,1.7,0
74,1,0,Emergency,1,Respiratory,3,4,6.2,0.83,8.6,142.2,122,82,38.0,2,Private,0,0,1,6.8,1
71,1,1,Urgent,1,Respiratory,1,0,5.1,1.19,11.7,136.9,114,107,36.9,0,Medicare,1,0,0,3.6,1
23,1,0,Emergency,5,Infection,3,4,7.6,1.62,17.9,146.0,147,80,37.1,1,Medicaid,0,0,1,7.3,2
41,0,0,Emergency,4,Neurological,3,3,5.8,2.2,11.6,141.8,142,40,37.1,1,Medicaid,0,2,1,6.7,1
58,0,0,Emergency,3,GI,4,1,6.0,0.75,6.0,135.9,119,59,35.8,0,Medicare,1,3,1,8.0,2
74,1,1,Urgent,1,Respiratory,2,1,6.8,1.78,12.7,131.1,88,91,38.9,0,Medicare,0,2,0,2.6,0
75,1,2,Elective,4,Neurological,4,3,10.0,1.5,11.9,137.7,141,62,35.7,1,Medicaid,1,0,0,6.2,1
82,0,2,Elective,1,Respiratory,3,2,8.0,1.06,8.4,138.9,153,82,35.0,3,Self-Pay,0,1,0,4.2,1
75,1,0,Emergency,2,Orthopedic,3,1,5.3,1.48,5.4,139.3,110,88,37.6,0,Medicare,1,1,1,5.7,1
63,0,1,Urgent,1,Respiratory,5,2,4.2,0.93,2.9,139.8,137,94,37.3,0,Medicare,0,2,0,3.2,1
50,1,0,Emergency,0,Cardiac,1,1,7.1,0.71,6.1,135.5,152,86,36.5,1,Medicaid,0,1,1,6.3,1
50,1,0,Emergency,2,Orthopedic,6,1,5.4,1.89,9.3,142.6,114,72,37.1,0,Medicare,1,3,1,6.5,1
53,0,0,Emergency,0,Cardiac,6,1,6.1,1.05,13.9,134.0,90,40,37.3,0,Medicare,0,0,1,3.5,1
65,1,0,Emergency,2,Orthopedic,7,2,6.2,2.57,6.2,142.8,154,67,37.3,1,Medicaid,1,3,1,9.0,2
57,0,1,Urgent,4,Neurological,3,4,6.3,2.3,9.5,134.2,97,65,38.8,0,Medicare,0,3,0,6.1,1
29,0,1,Urgent,5,Infection,1,0,6.1,0.66,10.8,138.5,131,84,37.2,0,Medicare,0,2,0,5.9,1
50,1,2,Elective,0,Cardiac,4,1,5.6,2.44,6.6,140.7,139,56,36.7,2,Private,1,0,0,6.7,1
53,0,0,Emergency,1,Respiratory,4,4,4.0,1.09,4.6,139.9,123,82,37.6,0,Medicare,1,1,1,6.3,1
63,1,0,Emergency,2,Orthopedic,1,1,6.8,1.43,8.9,134.3,171,98,37.3,3,Self-Pay,0,3,1,1.8,0
29,0,0,Emergency,0,Cardiac,3,3,7.6,1.36,5.3,134.1,130,81,38.1,1,Medicaid,1,2,1,6.9,1
53,1,0,Emergency,0,Cardiac,5,2,4.8,0.75,3.6,132.2,138,94,38.6,0,Medicare,0,0,1,5.5,1
50,0,2,Elective,2,Orthopedic,5,0,7.8,0.98,14.3,132.8,121,67,36.4,1,Medicaid,1,4,0,6.3,1
50,1,0,Emergency,3,GI,4,0,7.1,2.0,6.9,132.3,135,90,37.6,0,Medicare,0,0,1,2.1,0
54,1,2,Elective,4,Neurological,2,0,6.7,1.33,10.7,143.2,137,78,37.0,0,Medicare,0,1,0,4.7,1
77,1,0,Emergency,5,Infection,2,0,6.8,0.65,10.0,145.3,123,83,38.2,0,Medicare,0,5,1,7.7,2
39,1,0,Emergency,4,Neurological,3,2,7.8,1.79,4.7,139.8,110,63,37.6,2,Private,0,1,1,5.2,1
68,0,0,Emergency,1,Respiratory,2,0,7.5,0.68,9.9,140.3,101,101,36.9,0,Medicare,0,2,1,4.2,1
67,0,2,Elective,4,Neurological,4,0,4.0,1.78,10.1,140.9,114,70,37.6,0,Medicare,0,3,0,4.2,1
69,1,0,Emergency,2,Orthopedic,3,0,8.8,2.32,9.5,137.1,162,85,36.1,0,Medicare,0,0,1,1.0,0
70,1,2,Elective,2,Orthopedic,3,1,7.5,0.73,9.1,135.7,94,113,38.8,3,Self-Pay,0,0,0,4.7,1
54,0,0,Emergency,5,Infection,3,4,4.7,1.93,10.8,137.3,160,74,36.8,2,Private,0,1,1,5.4,1
33,0,0,Emergency,3,GI,5,1,4.0,1.79,10.6,131.1,165,77,36.2,0,Medicare,1,2,1,4.6,1
63,1,1,Urgent,3,GI,1,2,4.3,2.59,11.1,138.2,127,70,36.3,1,Medicaid,0,3,0,4.1,1
38,1,0,Emergency,0,Cardiac,1,1,8.7,0.68,4.8,146.0,159,98,37.4,0,Medicare,1,2,1,5.4,1
18,1,0,Emergency,5,Infection,4,0,6.3,0.64,2.9,137.3,127,96,37.3,1,Medicaid,0,1,1,5.4,1
50,0,2,Elective,4,Neurological,3,2,7.9,0.88,7.1,136.4,120,101,36.9,0,Medicare,0,1,0,5.1,1
69,0,0,Emergency,1,Respiratory,4,1,10.2,0.69,8.6,140.4,114,107,37.2,1,Medicaid,0,2,1,5.9,1
43,0,1,Urgent,1,Respiratory,2,1,4.4,3.9,11.8,135.7,121,61,38.1,3,Self-Pay,0,4,0,4.0,1
56,0,0,Emergency,0,Cardiac,6,0,4.4,1.19,15.9,133.5,139,81,38.0,2,Private,0,1,1,6.6,1
62,1,0,Emergency,0,Cardiac,1,2,6.5,1.21,6.3,134.6,127,77,37.7,0,Medicare,0,1,1,6.8,1
34,1,0,Emergency,3,GI,2,3,7.0,2.43,13.1,143.7,119,68,36.4,1,Medicaid,0,1,1,4.2,1
60,1,1,Urgent,0,Cardiac,2,2,7.9,0.9,9.2,136.1,105,92,35.4,0,Medicare,0,3,0,3.4,1
90,0,2,Elective,5,Infection,7,1,4.8,1.44,6.8,132.5,99,73,37.4,0,Medicare,0,2,0,5.7,1
38,0,1,Urgent,4,Neurological,4,2,5.3,0.58,10.3,140.8,102,106,37.3,3,Self-Pay,1,1,0,8.7,2
78,1,2,Elective,1,Respiratory,2,2,9.0,1.01,10.3,139.2,113,93,37.7,1,Medicaid,0,1,0,3.2,1
58,0,0,Emergency,1,Respiratory,3,1,7.2,2.54,9.9,135.2,197,67,37.9,0,Medicare,0,0,1,3.9,1
91,0,0,Emergency,1,Respiratory,1,1,7.1,2.09,13.8,140.1,151,82,37.6,1,Medicaid,1,0,1,8.6,2
89,1,0,Emergency,0,Cardiac,3,4,5.7,1.44,7.0,140.8,155,91,37.6,3,Self-Pay,0,2,1,4.7,1
77,1,2,Elective,0,Cardiac,3,4,8.9,1.09,10.2,133.3,129,103,37.7,1,Medicaid,0,2,0,3.7,1
25,1,2,Elective,2,Orthopedic,1,0,8.4,1.2,2.9,141.9,107,59,37.9,0,Medicare,1,1,0,4.3,1
23,0,0,Emergency,5,Infection,3,2,6.4,1.43,3.6,136.8,95,93,37.7,2,Private,0,0,1,4.9,1
68,1,0,Emergency,5,Infection,1,1,4.0,0.5,8.7,131.4,137,95,37.3,2,Private,0,2,1,6.7,1
50,0,1,Urgent,4,Neurological,3,2,8.2,2.47,6.2,131.6,125,84,36.7,2,Private,0,2,0,7.6,2
87,1,2,Elective,3,GI,2,1,7.5,0.58,13.3,135.3,125,101,36.7,2,Private,1,1,0,6.1,1
36,1,2,Elective,4,Neurological,2,2,6.7,0.69,11.9,139.0,112,55,38.7,2,Private,0,1,0,4.5,1
27,1,0,Emergency,2,Orthopedic,2,3,8.6,0.47,10.6,141.0,122,77,37.7,1,Medicaid,0,1,1,1.3,0
53,0,1,Urgent,0,Cardiac,3,2,7.3,1.59,8.6,137.0,93,68,37.9,1,Medicaid,0,1,0,6.5,1
55,1,2,Elective,3,GI,2,2,6.0,2.8,5.4,131.2,112,82,36.9,2,Private,0,1,0,2.3,0
22,0,0,Emergency,5,Infection,4,2,8.3,0.65,1.5,142.9,121,84,35.5,2,Private,0,1,1,4.3,1
76,0,1,Urgent,0,Cardiac,4,4,6.9,0.89,6.1,143.0,150,84,37.8,2,Private,1,0,0,4.7,1
32,0,0,Emergency,1,Respiratory,5,3,8.2,0.91,10.2,138.9,118,59,36.9,1,Medicaid,0,0,1,5.0,1
64,1,0,Emergency,1,Respiratory,5,2,6.8,0.82,5.0,136.1,154,101,37.7,2,Private,0,2,1,4.8,1
79,0,2,Elective,0,Cardiac,2,3,7.5,1.08,14.0,136.5,126,86,37.1,1,Medicaid,0,0,0,4.1,1
89,1,2,Elective,1,Respiratory,4,2,9.2,1.08,9.4,130.4,105,79,37.3,0,Medicare,0,1,0,5.3,1
55,1,0,Emergency,1,Respiratory,3,3,9.0,1.73,11.3,136.3,121,66,38.0,0,Medicare,1,0,1,7.8,2
53,0,0,Emergency,5,Infection,3,3,5.5,1.15,13.9,132.5,142,101,36.9,0,Medicare,1,1,1,9.3,2
55,1,1,Urgent,5,Infection,4,0,8.2,0.61,5.6,139.0,140,114,37.1,3,Self-Pay,0,2,0,5.6,1
48,0,0,Emergency,5,Infection,3,4,5.4,2.1,8.0,135.2,111,114,36.0,1,Medicaid,0,1,1,7.6,2
42,0,0,Emergency,0,Cardiac,3,1,7.9,2.2,11.2,144.8,161,85,37.9,1,Medicaid,0,1,1,6.2,1
58,1,0,Emergency,0,Cardiac,2,4,6.3,0.91,3.6,143.5,141,98,35.7,1,Medicaid,0,2,1,7.5,2
22,1,1,Urgent,0,Cardiac,1,0,4.0,1.74,10.3,133.8,157,90,36.5,2,Private,0,1,0,2.5,0
80,0,0,Emergency,5,Infection,3,1,7.0,1.97,13.1,135.6,134,69,36.9,1,Medicaid,0,2,1,4.8,1
75,1,1,Urgent,0,Cardiac,3,1,8.4,1.13,11.0,139.2,155,92,35.0,1,Medicaid,0,0,0,4.6,1
66,1,0,Emergency,3,GI,1,2,7.6,0.95,10.0,139.4,121,100,36.1,1,Medicaid,1,1,1,6.8,1
38,0,2,Elective,1,Respiratory,2,1,4.9,2.31,3.9,141.1,144,55,38.2,0,Medicare,1,2,0,5.6,1
32,1,2,Elective,0,Cardiac,5,4,7.0,1.13,8.6,137.7,114,68,37.2,1,Medicaid,0,3,0,4.1,1
67,1,1,Urgent,0,Cardiac,1,0,6.3,1.98,4.4,129.6,158,69,36.8,0,Medicare,0,1,0,3.7,1
43,0,1,Urgent,3,GI,5,0,8.0,3.51,8.7,136.4,83,91,36.0,0,Medicare,0,3,0,5.3,1
45,1,0,Emergency,0,Cardiac,1,2,8.4,1.72,9.1,136.6,161,61,37.5,0,Medicare,1,1,1,6.2,1
50,1,1,Urgent,1,Respiratory,1,1,4.2,0.61,6.3,138.7,94,77,38.1,3,Self-Pay,0,0,0,3.1,1
64,0,2,Elective,1,Respiratory,5,1,6.7,0.79,13.6,141.6,86,83,36.4,2,Private,1,0,0,7.6,2
25,1,0,Emergency,3,GI,3,2,4.9,0.78,4.1,142.0,104,71,36.1,0,Medicare,1,0,1,6.3,1
50,0,1,Urgent,2,Orthopedic,1,1,6.9,1.43,17.5,140.0,131,89,35.5,3,Self-Pay,0,0,0,4.1,1
32,1,0,Emergency,5,Infection,6,1,4.0,0.47,11.5,137.1,135,95,38.2,1,Medicaid,0,1,1,5.5,1
72,0,0,Emergency,2,Orthopedic,1,3,6.4,1.17,11.9,138.7,139,53,37.8,0,Medicare,0,2,1,4.2,1
78,1,0,Emergency,0,Cardiac,3,0,7.0,0.84,9.3,135.3,114,72,38.9,0,Medicare,0,1,1,5.7,1
62,0,2,Elective,2,Orthopedic,3,2,4.0,0.42,3.4,142.6,126,88,37.6,1,Medicaid,0,2,0,3.0,0
65,1,0,Emergency,2,Orthopedic,5,1,6.0,1.14,6.6,136.4,121,105,37.0,2,Private,0,1,1,5.0,1
30,0,1,Urgent,4,Neurological,3,0,4.0,0.61,7.7,137.8,127,88,37.4,1,Medicaid,1,0,0,7.1,2
46,0,2,Elective,5,Infection,2,0,8.0,0.78,8.3,130.5,135,82,37.5,2,Private,0,4,0,4.8,1
39,0,1,Urgent,4,Neurological,6,1,4.0,1.65,6.4,137.2,125,64,36.3,2,Private,0,1,0,5.6,1
66,1,2,Elective,1,Respiratory,3,2,5.9,1.06,14.6,142.3,132,89,36.4,0,Medicare,1,1,0,6.6,1
90,0,0,Emergency,0,Cardiac,1,3,8.9,1.93,5.5,137.8,101,86,36.4,0,Medicare,0,2,1,5.0,1
62,1,2,Elective,5,Infection,2,3,4.6,1.69,7.9,136.1,148,100,37.2,0,Medicare,0,3,0,5.3,1
97,1,0,Emergency,1,Respiratory,3,2,5.2,1.94,5.4,144.1,141,92,36.2,3,Self-Pay,0,0,1,4.4,1
66,1,2,Elective,4,Neurological,4,3,6.4,2.05,8.2,133.9,133,74,38.3,1,Medicaid,0,0,0,7.3,2
50,0,0,Emergency,5,Infection,2,1,6.6,0.98,2.1,134.5,112,109,38.4,0,Medicare,0,0,1,4.3,1
18,1,0,Emergency,3,GI,3,3,4.0,1.04,7.1,132.1,113,82,36.6,2,Private,1,3,1,6.3,1
92,0,0,Emergency,2,Orthopedic,1,4,6.0,0.73,12.6,143.2,124,80,37.3,1,Medicaid,0,1,1,4.8,1
70,1,0,Emergency,3,GI,3,0,7.7,1.37,9.3,130.7,150,98,38.0,0,Medicare,0,2,1,5.8,1
27,1,0,Emergency,0,Cardiac,1,1,10.4,1.21,3.6,137.4,108,85,37.6,0,Medicare,0,0,1,2.1,0
74,0,2,Elective,2,Orthopedic,1,2,5.1,0.71,9.9,136.2,102,81,37.3,1,Medicaid,0,2,0,3.5,1
55,0,0,Emergency,1,Respiratory,2,1,6.0,1.22,10.7,138.1,111,77,37.7,1,Medicaid,0,1,1,5.2,1
71,1,1,Urgent,0,Cardiac,2,1,7.2,1.76,9.9,142.8,143,68,37.9,1,Medicaid,1,1,0,3.1,1
33,0,0,Emergency,3,GI,2,0,5.0,0.99,10.1,136.4,134,88,37.6,0,Medicare,0,2,1,4.2,1
65,1,2,Elective,3,GI,7,1,9.2,1.23,14.4,136.6,142,73,36.8,0,Medicare,0,2,0,3.8,1
50,0,1,Urgent,4,Neurological,2,3,6.4,1.36,13.1,132.6,113,70,37.8,2,Private,0,0,0,1.8,0
52,1,2,Elective,5,Infection,1,2,6.9,1.49,6.3,139.9,128,85,37.6,2,Private,0,3,0,5.2,1
57,0,0,Emergency,1,Respiratory,4,4,7.5,1.5,6.9,137.8,145,79,37.3,1,Medicaid,1,0,1,6.0,1
57,1,0,Emergency,4,Neurological,4,2,4.0,0.98,6.1,138.3,113,98,36.1,2,Private,1,0,1,7.6,2
64,1,0,Emergency,1,Respiratory,2,1,7.0,0.43,9.5,143.1,161,108,37.4,1,Medicaid,1,0,1,6.6,1
76,1,1,Urgent,3,GI,4,0,5.4,0.87,11.2,139.1,144,69,37.0,0,Medicare,1,4,0,8.4,2
50,0,1,Urgent,4,Neurological,3,3,4.9,0.94,4.0,132.4,122,78,36.9,0,Medicare,0,0,0,3.6,1
65,1,2,Elective,1,Respiratory,4,2,7.3,2.14,9.9,135.1,158,78,35.9,0,Medicare,0,0,0,6.1,1
56,0,0,Emergency,3,GI,3,3,8.5,0.69,6.3,147.7,119,77,37.3,0,Medicare,0,2,1,4.8,1
64,0,1,Urgent,2,Orthopedic,2,5,6.5,2.26,5.1,141.6,102,79,37.1,2,Private,0,1,0,2.5,0
80,1,2,Elective,4,Neurological,5,4,9.3,1.49,9.4,135.6,128,83,37.1,2,Private,1,2,0,7.1,2
38,1,0,Emergency,3,GI,3,2,6.1,1.66,15.5,133.8,118,80,36.4,1,Medicaid,0,1,1,3.7,1
50,0,0,Emergency,4,Neurological,6,0,4.0,0.84,9.0,131.3,130,60,37.7,0,Medicare,0,1,1,5.4,1
49,1,1,Urgent,1,Respiratory,1,5,4.4,0.73,12.4,140.7,151,67,36.6,0,Medicare,0,1,0,5.4,1
48,1,0,Emergency,3,GI,4,3,9.2,2.46,9.6,136.9,127,88,37.3,1,Medicaid,0,0,1,4.4,1
74,0,1,Urgent,3,GI,1,2,9.7,0.75,8.5,135.7,117,73,36.8,0,Medicare,0,0,0,2.4,0
61,1,1,Urgent,2,Orthopedic,3,5,7.2,0.76,10.7,138.7,129,73,37.6,3,Self-Pay,1,1,0,6.1,1
38,1,2,Elective,1,Respiratory,3,1,5.4,0.63,6.9,141.1,146,86,37.5,0,Medicare,1,0,0,7.3,2
88,0,2,Elective,1,Respiratory,2,1,5.9,0.62,3.7,134.0,109,91,38.1,1,Medicaid,0,0,0,4.0,1
62,1,1,Urgent,0,Cardiac,4,4,6.4,1.23,4.3,150.8,92,121,37.4,2,Private,1,3,0,7.4,2
78,1,0,Emergency,0,Cardiac,4,1,6.5,2.13,8.4,133.3,116,76,36.9,0,Medicare,1,4,1,8.2,2
60,1,0,Emergency,0,Cardiac,3,2,7.5,1.25,10.2,139.5,118,104,38.1,0,Medicare,0,0,1,6.6,1
51,0,2,Elective,4,Neurological,2,2,7.1,1.47,9.7,136.6,126,99,36.2,0,Medicare,0,0,0,5.8,1
58,1,1,Urgent,5,Infection,5,2,4.4,1.71,6.6,138.1,119,54,37.4,3,Self-Pay,0,1,0,5.6,1
20,0,2,Elective,4,Neurological,3,1,4.5,0.4,8.9,144.7,117,103,38.3,1,Medicaid,0,0,0,4.9,1
27,0,0,Emergency,4,Neurological,4,2,7.5,1.28,7.0,142.2,107,80,38.5,2,Private,0,0,1,5.9,1
70,0,0,Emergency,1,Respiratory,3,4,5.8,1.41,4.5,131.0,110,60,37.1,1,Medicaid,0,1,1,5.3,1
40,1,0,Emergency,2,Orthopedic,3,2,6.4,0.64,2.5,137.6,152,94,37.8,0,Medicare,0,3,1,3.8,1
38,1,0,Emergency,5,Infection,4,5,6.5,1.58,7.7,133.9,118,116,36.3,1,Medicaid,0,1,1,3.4,1
72,0,2,Elective,4,Neurological,2,2,5.5,0.93,11.6,135.2,95,69,38.0,3,Self-Pay,0,0,0,6.4,1
34,0,1,Urgent,0,Cardiac,2,4,6.7,1.08,8.6,132.3,115,84,36.1,2,Private,0,1,0,4.7,1
54,0,0,Emergency,2,Orthopedic,1,3,7.7,2.71,3.9,132.2,148,92,37.4,2,Private,0,1,1,2.9,0
61,0,1,Urgent,0,Cardiac,2,1,6.3,1.84,12.7,139.8,118,65,37.6,0,Medicare,1,2,0,6.4,1
73,1,2,Elective,1,Respiratory,2,1,9.0,1.53,6.2,140.4,126,67,35.7,2,Private,0,1,0,4.0,1
31,1,1,Urgent,2,Orthopedic,5,2,9.3,1.41,1.5,136.8,132,95,36.9,1,Medicaid,0,1,0,2.4,0
76,1,1,Urgent,5,Infection,4,2,5.0,0.78,8.5,136.3,124,89,37.4,1,Medicaid,0,1,0,6.0,1
65,1,0,Emergency,3,GI,6,1,7.2,0.91,12.7,139.9,110,103,37.5,0,Medicare,0,1,1,6.1,1
50,1,2,Elective,1,Respiratory,3,3,6.1,1.22,9.5,134.6,121,100,37.2,0,Medicare,0,3,0,2.9,0
70,0,0,Emergency,2,Orthopedic,5,2,5.1,0.74,5.1,128.4,119,84,35.8,0,Medicare,0,2,1,3.9,1
36,0,2,Elective,4,Neurological,2,2,6.4,0.8,5.4,142.7,127,84,36.5,2,Private,0,1,0,1.4,0
47,1,2,Elective,1,Respiratory,5,0,4.0,0.87,12.7,141.2,172,89,37.4,1,Medicaid,0,0,0,3.3,1
71,1,2,Elective,3,GI,1,4,7.9,3.0,6.6,138.3,115,67,37.9,0,Medicare,0,0,0,5.2,1
39,1,2,Elective,1,Respiratory,5,1,8.1,1.97,4.3,141.1,161,71,37.5,3,Self-Pay,1,2,0,6.9,1
24,1,1,Urgent,2,Orthopedic,3,4,6.9,1.2,4.8,140.6,107,67,37.6,1,Medicaid,0,2,0,3.4,1
75,1,0,Emergency,0,Cardiac,3,2,8.2,0.7,7.6,139.7,115,60,36.5,0,Medicare,0,1,1,4.5,1
77,0,0,Emergency,4,Neurological,5,2,5.2,1.2,13.4,142.6,107,77,37.3,2,Private,0,0,1,8.0,2
65,0,0,Emergency,0,Cardiac,2,5,4.0,1.11,11.2,132.8,112,95,35.8,2,Private,0,2,1,4.9,1
57,1,0,Emergency,1,Respiratory,2,1,5.6,2.53,9.2,133.7,153,56,37.5,3,Self-Pay,0,1,1,5.4,1
69,1,0,Emergency,1,Respiratory,2,1,4.3,2.33,17.4,141.0,128,82,36.5,2,Private,0,1,1,6.5,1
18,0,1,Urgent,3,GI,7,1,6.5,0.77,10.8,138.8,94,90,36.9,2,Private,1,2,0,6.1,1
50,1,0,Emergency,4,Neurological,3,0,9.1,1.59,18.5,139.7,111,82,36.7,0,Medicare,1,1,1,9.7,2
38,1,1,Urgent,0,Cardiac,2,3,7.0,0.9,7.4,139.5,81,89,37.9,1,Medicaid,0,1,0,4.0,1
56,1,2,Elective,0,Cardiac,7,2,6.0,0.75,8.9,145.3,125,58,38.0,2,Private,1,2,0,7.0,1
53,0,1,Urgent,4,Neurological,1,2,8.5,2.02,6.2,135.1,126,80,37.3,1,Medicaid,0,2,0,4.6,1
38,1,2,Elective,3,GI,5,3,9.5,1.33,9.3,142.3,121,77,37.9,2,Private,1,1,0,4.9,1
55,1,0,Emergency,4,Neurological,4,1,7.3,3.97,8.2,134.3,152,85,38.1,0,Medicare,0,3,1,6.4,1
61,0,1,Urgent,3,GI,2,1,5.3,1.03,19.7,135.0,108,88,37.1,0,Medicare,1,1,0,6.5,1
58,1,0,Emergency,4,Neurological,2,3,6.7,0.76,8.0,132.5,133,80,36.5,3,Self-Pay,0,1,1,5.1,1
90,1,1,Urgent,1,Respiratory,3,0,6.8,0.84,12.8,141.5,112,92,37.7,2,Private,0,2,0,4.5,1
73,1,1,Urgent,3,GI,1,3,6.2,1.19,8.8,133.9,150,87,35.9,0,Medicare,1,1,0,3.9,1
80,0,0,Emergency,4,Neurological,2,2,8.8,0.69,11.1,135.5,95,94,38.5,1,Medicaid,0,1,1,6.5,1
41,1,0,Emergency,0,Cardiac,1,0,8.0,0.96,10.1,149.0,116,92,38.0,3,Self-Pay,0,1,1,3.1,1
67,0,1,Urgent,2,Orthopedic,4,4,4.4,0.69,10.5,130.8,167,88,35.9,0,Medicare,0,1,0,5.6,1
53,1,2,Elective,4,Neurological,2,2,4.2,0.84,8.9,138.0,117,59,37.4,2,Private,0,0,0,3.9,1
57,1,1,Urgent,2,Orthopedic,5,4,5.5,0.85,3.0,139.8,99,109,37.2,2,Private,1,1,0,5.7,1
50,0,0,Emergency,3,GI,2,1,4.7,1.44,12.1,138.5,133,72,37.6,3,Self-Pay,1,2,1,6.8,1
87,1,0,Emergency,1,Respiratory,5,2,5.7,1.01,2.4,145.6,156,62,36.1,0,Medicare,0,1,1,3.8,1
61,1,0,Emergency,0,Cardiac,2,2,6.5,1.04,14.0,136.8,136,92,37.6,0,Medicare,0,1,1,5.8,1
29,1,2,Elective,0,Cardiac,3,6,6.2,0.9,10.8,140.8,133,77,36.8,0,Medicare,0,1,0,5.2,1
61,1,2,Elective,5,Infection,2,1,6.8,0.58,9.9,133.5,107,94,35.8,1,Medicaid,1,2,0,6.5,1
60,0,0,Emergency,5,Infection,1,2,5.9,0.84,9.1,142.4,138,69,36.8,1,Medicaid,0,0,1,5.3,1
50,0,0,Emergency,0,Cardiac,3,0,4.0,2.28,13.5,135.7,115,84,38.3,0,Medicare,0,1,1,7.3,2
71,0,1,Urgent,0,Cardiac,2,3,4.8,0.62,13.6,141.7,112,80,37.6,0,Medicare,0,1,0,5.0,1
52,1,0,Emergency,0,Cardiac,2,2,4.6,0.98,3.6,139.2,95,97,37.4,0,Medicare,0,0,1,5.5,1
81,1,2,Elective,1,Respiratory,1,2,5.1,0.76,1.5,141.0,118,76,36.4,3,Self-Pay,0,0,0,4.7,1
50,1,2,Elective,1,Respiratory,2,3,7.2,1.4,11.0,134.9,100,94,36.4,2,Private,0,0,0,4.0,1
32,0,0,Emergency,1,Respiratory,4,2,5.8,0.86,9.0,133.7,113,64,38.2,1,Medicaid,0,0,1,3.4,1
44,1,0,Emergency,4,Neurological,4,1,4.8,1.25,6.8,135.1,123,100,36.0,3,Self-Pay,0,1,1,7.3,2
50,0,2,Elective,4,Neurological,1,1,6.3,1.91,9.4,139.8,151,103,37.3,1,Medicaid,0,2,0,3.5,1
51,1,0,Emergency,0,Cardiac,2,2,7.0,1.12,5.5,135.2,93,93,36.4,0,Medicare,1,2,1,7.1,2
76,0,1,Urgent,3,GI,3,1,7.0,0.85,10.7,139.0,128,82,37.5,0,Medicare,0,2,0,3.1,1
50,0,0,Emergency,2,Orthopedic,1,2,10.8,2.12,6.1,140.3,136,113,36.0,2,Private,1,2,1,8.1,2
51,1,0,Emergency,0,Cardiac,1,2,5.4,0.99,8.4,130.2,112,75,37.0,2,Private,1,0,1,5.7,1
50,0,1,Urgent,4,Neurological,4,3,7.2,1.51,10.6,136.9,114,100,37.6,1,Medicaid,0,3,0,5.5,1
65,1,1,Urgent,0,Cardiac,2,1,8.4,0.92,6.8,135.5,156,103,37.6,3,Self-Pay,1,0,0,5.9,1
52,1,0,Emergency,0,Cardiac,6,3,9.3,1.56,7.4,141.3,106,63,37.0,2,Private,0,1,1,5.0,1
57,1,0,Emergency,0,Cardiac,1,3,6.0,1.6,8.5,145.9,162,93,37.4,2,Private,0,0,1,6.5,1
67,1,1,Urgent,5,Infection,3,2,4.0,2.44,9.9,136.4,137,93,37.6,0,Medicare,0,1,0,3.5,1
26,0,1,Urgent,3,GI,1,1,5.9,0.99,13.7,144.5,162,45,37.6,0,Medicare,1,2,0,7.6,2
63,0,0,Emergency,2,Orthopedic,1,2,7.1,1.89,7.4,139.7,141,43,38.1,0,Medicare,0,3,1,4.6,1
46,1,1,Urgent,4,Neurological,3,1,11.3,1.6,11.5,136.0,88,64,36.9,2,Private,0,1,0,4.2,1
39,1,0,Emergency,0,Cardiac,4,2,4.0,1.07,10.9,138.2,140,78,37.6,0,Medicare,0,1,1,4.2,1
69,0,0,Emergency,5,Infection,3,0,6.4,0.75,9.9,137.7,107,91,36.8,3,Self-Pay,1,1,1,8.9,2
77,1,1,Urgent,3,GI,1,4,5.3,0.56,12.0,141.7,129,85,37.0,0,Medicare,0,1,0,2.1,0
50,0,1,Urgent,3,GI,6,4,8.1,1.05,14.4,130.4,146,92,36.8,1,Medicaid,0,0,0,7.1,2
50,0,0,Emergency,4,Neurological,4,3,5.4,0.92,9.2,138.9,131,84,36.0,0,Medicare,0,0,1,2.6,0
85,0,0,Emergency,3,GI,2,3,4.0,1.21,11.4,143.5,127,68,37.4,1,Medicaid,1,0,1,8.7,2
72,0,0,Emergency,5,Infection,4,2,4.0,0.85,7.0,140.8,135,90,39.1,3,Self-Pay,0,1,1,6.6,1
35,0,2,Elective,4,Neurological,1,5,7.0,1.57,7.8,138.1,173,81,37.1,0,Medicare,1,3,0,8.3,2
50,0,0,Emergency,0,Cardiac,2,1,6.6,1.04,5.4,139.4,151,90,36.3,1,Medicaid,0,2,1,3.8,1
36,0,0,Emergency,1,Respiratory,2,1,7.4,1.24,7.9,136.7,84,83,37.5,2,Private,0,3,1,4.5,1
67,0,0,Emergency,0,Cardiac,3,0,6.7,0.58,9.9,138.2,155,97,38.4,2,Private,1,0,1,6.8,1
63,0,0,Emergency,1,Respiratory,3,0,7.1,1.15,9.0,140.3,128,98,37.4,0,Medicare,0,1,1,4.1,1
73,1,2,Elective,1,Respiratory,6,0,7.3,1.75,8.2,137.0,131,73,37.4,2,Private,0,3,0,4.6,1
56,0,0,Emergency,0,Cardiac,3,2,5.0,1.03,8.1,132.6,133,77,38.1,1,Medicaid,0,1,1,6.3,1
33,0,1,Urgent,1,Respiratory,6,2,6.5,0.54,8.5,131.8,148,62,36.6,3,Self-Pay,1,2,0,6.9,1
77,0,0,Emergency,4,Neurological,6,1,7.4,0.97,8.6,140.1,96,117,38.0,0,Medicare,0,1,1,5.2,1
39,0,1,Urgent,4,Neurological,3,1,4.8,1.8,14.4,138.5,123,75,37.0,2,Private,0,1,0,5.0,1
86,0,0,Emergency,0,Cardiac,2,0,4.0,0.61,8.9,141.4,140,75,36.6,3,Self-Pay,0,1,1,4.7,1
52,0,0,Emergency,0,Cardiac,3,3,7.1,0.4,5.4,134.9,143,74,37.3,1,Medicaid,0,0,1,3.2,1
39,1,0,Emergency,0,Cardiac,1,2,6.2,1.13,15.5,133.6,168,68,36.7,2,Private,0,1,1,1.9,0
59,1,2,Elective,5,Infection,1,1,8.9,0.62,8.8,141.2,133,99,37.0,2,Private,1,1,0,3.3,1
72,1,1,Urgent,2,Orthopedic,4,1,7.7,0.53,8.4,139.2,128,84,37.8,1,Medicaid,0,0,0,3.0,0
64,1,0,Emergency,5,Infection,7,3,5.9,1.11,5.8,136.4,104,79,36.8,1,Medicaid,0,1,1,5.9,1
58,1,0,Emergency,5,Infection,1,2,4.1,2.31,6.3,137.5,114,58,36.5,1,Medicaid,0,1,1,4.5,1
74,0,0,Emergency,5,Infection,2,1,8.9,0.89,14.6,134.9,111,88,36.9,1,Medicaid,0,1,1,6.9,1
47,1,1,Urgent,0,Cardiac,3,2,7.9,0.56,5.8,141.3,130,69,37.3,0,Medicare,1,1,0,6.7,1
28,0,2,Elective,2,Orthopedic,4,1,8.8,0.4,6.3,138.8,113,81,36.8,0,Medicare,0,2,0,1.0,0
30,1,2,Elective,5,Infection,7,3,8.2,1.26,11.1,138.5,111,79,37.0,3,Self-Pay,0,1,0,6.2,1
73,0,1,Urgent,0,Cardiac,5,1,4.3,1.28,3.6,140.8,123,101,38.3,2,Private,1,0,0,6.7,1
74,1,0,Emergency,3,GI,3,2,7.3,1.08,12.5,135.6,118,93,37.9,1,Medicaid,1,2,1,6.7,1
50,1,1,Urgent,1,Respiratory,2,6,8.2,1.78,11.1,144.4,80,97,36.6,2,Private,0,0,0,3.7,1
69,1,0,Emergency,1,Respiratory,4,1,6.7,1.68,8.5,133.0,120,61,37.5,1,Medicaid,1,1,1,7.7,2
55,0,1,Urgent,5,Infection,4,0,5.9,0.69,10.4,137.1,123,95,38.4,1,Medicaid,1,0,0,3.2,1
56,0,0,Emergency,3,GI,3,2,5.7,1.91,14.5,144.3,117,93,36.8,0,Medicare,1,1,1,5.7,1
70,1,0,Emergency,4,Neurological,1,4,5.1,1.2,11.8,138.0,114,85,36.4,1,Medicaid,0,1,1,7.3,2
71,1,0,Emergency,3,GI,4,1,6.3,0.98,12.1,136.9,164,77,36.5,0,Medicare,0,1,1,3.5,1
58,0,0,Emergency,2,Orthopedic,3,3,4.2,0.67,10.9,137.9,114,87,36.2,2,Private,0,1,1,4.9,1
50,1,1,Urgent,4,Neurological,2,4,4.0,0.77,8.3,142.6,120,69,37.5,1,Medicaid,0,1,0,2.5,0
50,1,2,Elective,5,Infection,2,3,5.5,0.7,8.6,135.5,153,89,36.6,0,Medicare,0,3,0,4.4,1
76,1,2,Elective,5,Infection,4,5,5.4,2.15,9.7,136.3,116,87,37.5,2,Private,1,0,0,8.4,2
50,1,2,Elective,4,Neurological,4,0,10.5,0.95,11.2,140.9,122,100,37.7,1,Medicaid,0,1,0,4.6,1
33,0,0,Emergency,2,Orthopedic,4,1,9.0,1.19,7.5,136.8,80,82,37.4,2,Private,0,2,1,3.2,1
33,1,1,Urgent,0,Cardiac,1,2,6.1,0.44,10.8,133.7,116,60,38.4,2,Private,0,1,0,3.7,1
59,1,1,Urgent,0,Cardiac,1,1,6.4,0.67,8.2,137.8,137,78,36.7,1,Medicaid,0,3,0,2.1,0
83,1,2,Elective,1,Respiratory,1,1,8.4,0.83,9.8,134.3,160,111,36.3,2,Private,0,1,0,3.1,1
50,1,0,Emergency,1,Respiratory,4,2,6.5,2.81,9.3,138.3,115,80,37.5,3,Self-Pay,1,0,1,8.4,2
63,1,0,Emergency,0,Cardiac,3,4,6.2,1.01,10.4,136.6,111,84,35.0,2,Private,0,2,1,3.4,1
50,1,0,Emergency,1,Respiratory,2,3,6.0,1.0,10.3,137.5,128,93,36.6,3,Self-Pay,1,1,1,7.6,2
51,0,2,Elective,0,Cardiac,2,3,6.2,0.62,9.0,135.5,126,59,36.7,0,Medicare,0,0,0,3.0,0
89,1,2,Elective,2,Orthopedic,1,0,4.5,0.87,6.1,141.2,126,88,35.6,1,Medicaid,1,0,0,6.5,1
65,1,0,Emergency,0,Cardiac,2,3,8.6,0.87,13.8,139.1,140,70,36.2,2,Private,0,1,1,6.1,1
51,0,2,Elective,4,Neurological,2,6,6.0,1.9,7.4,137.5,157,94,37.0,3,Self-Pay,1,2,0,8.8,2
69,0,0,Emergency,1,Respiratory,1,2,8.8,0.4,13.1,135.5,136,61,37.6,1,Medicaid,0,3,1,5.9,1
56,1,0,Emergency,3,GI,3,1,8.4,0.53,4.9,136.3,141,84,38.3,2,Private,0,0,1,5.3,1
61,1,1,Urgent,5,Infection,5,4,7.3,1.26,5.1,136.5,147,116,37.0,2,Private,0,1,0,6.1,1
25,1,0,Emergency,0,Cardiac,1,2,8.7,1.63,12.8,136.8,157,88,37.1,0,Medicare,0,1,1,2.0,0
51,0,0,Emergency,5,Infection,3,2,6.1,0.75,15.1,140.7,137,91,37.6,0,Medicare,1,1,1,9.2,2
81,1,2,Elective,3,GI,2,2,5.5,1.94,11.0,134.7,113,92,36.5,1,Medicaid,0,1,0,3.8,1
65,0,1,Urgent,0,Cardiac,6,3,5.3,1.08,4.1,137.4,148,110,35.6,1,Medicaid,0,2,0,5.7,1
75,0,2,Elective,1,Respiratory,2,1,6.6,0.69,13.0,137.5,168,92,36.6,0,Medicare,1,1,0,5.0,1
50,0,0,Emergency,5,Infection,5,0,7.8,0.65,5.7,141.4,117,85,37.6,0,Medicare,0,2,1,5.2,1
78,1,0,Emergency,3,GI,2,3,7.2,1.29,5.1,142.0,135,89,36.9,3,Self-Pay,1,0,1,6.7,1
39,0,0,Emergency,1,Respiratory,3,2,10.0,1.46,9.5,139.9,139,92,37.3,1,Medicaid,0,2,1,5.9,1
64,0,2,Elective,5,Infection,2,2,7.4,0.4,7.3,142.2,135,77,36.3,0,Medicare,0,0,0,4.8,1
95,1,0,Emergency,4,Neurological,1,1,5.5,0.87,11.8,140.3,139,76,37.1,1,Medicaid,0,3,1,6.6,1
93,0,0,Emergency,4,Neurological,5,0,6.8,0.56,10.8,138.3,110,83,39.0,1,Medicaid,0,3,1,6.1,1
71,1,0,Emergency,5,Infection,5,2,8.1,1.14,7.8,144.4,146,94,37.8,0,Medicare,1,0,1,8.2,2
43,1,2,Elective,4,Neurological,4,2,5.6,1.07,11.2,135.9,154,71,38.2,2,Private,0,1,0,5.6,1
52,1,0,Emergency,1,Respiratory,2,3,5.4,0.97,16.8,140.3,114,72,37.7,0,Medicare,0,1,1,3.4,1
66,0,0,Emergency,3,GI,2,3,8.6,3.2,8.0,135.7,109,105,36.4,2,Private,0,2,1,5.0,1
50,1,0,Emergency,4,Neurological,4,2,7.9,2.25,10.2,134.1,126,97,37.8,2,Private,0,3,1,5.1,1
53,0,0,Emergency,0,Cardiac,2,3,6.6,1.36,11.1,142.6,134,98,37.3,2,Private,1,4,1,6.2,1
63,1,0,Emergency,0,Cardiac,2,4,5.6,0.74,11.0,138.1,128,77,36.2,2,Private,0,0,1,4.3,1
35,1,0,Emergency,0,Cardiac,2,3,6.0,0.78,16.3,144.1,129,75,36.6,2,Private,1,1,1,5.4,1
32,0,2,Elective,0,Cardiac,3,1,7.0,2.01,13.1,142.7,122,92,36.9,2,Private,1,0,0,6.7,1
54,0,0,Emergency,0,Cardiac,2,0,7.8,0.63,5.6,138.8,136,74,37.9,0,Medicare,0,2,1,3.4,1
67,0,0,Emergency,4,Neurological,2,2,8.4,1.29,5.7,138.5,91,73,36.8,0,Medicare,0,2,1,4.7,1
54,0,0,Emergency,4,Neurological,4,3,6.8,2.79,8.6,147.7,112,88,38.4,3,Self-Pay,0,3,1,6.0,1
76,1,2,Elective,0,Cardiac,1,0,4.3,0.54,11.1,138.2,122,85,36.9,2,Private,0,1,0,2.6,0
83,1,0,Emergency,3,GI,2,2,9.1,1.97,12.6,129.8,139,59,35.7,0,Medicare,0,1,1,5.8,1
54,0,2,Elective,3,GI,3,0,8.6,1.54,12.6,143.1,149,84,36.6,2,Private,1,0,0,5.9,1
49,1,2,Elective,1,Respiratory,3,1,8.3,1.35,8.9,141.6,154,82,37.3,1,Medicaid,0,2,0,3.8,1
36,1,0,Emergency,1,Respiratory,3,2,9.0,1.3,11.1,140.0,108,67,36.2,2,Private,1,1,1,6.2,1
76,1,0,Emergency,1,Respiratory,4,3,8.0,1.32,14.6,137.9,97,87,35.9,0,Medicare,0,1,1,6.4,1
28,0,1,Urgent,4,Neurological,2,1,6.7,1.43,10.9,138.0,101,79,37.8,0,Medicare,1,1,0,5.9,1
77,1,1,Urgent,1,Respiratory,6,6,4.5,0.89,10.4,139.1,103,86,37.3,2,Private,0,1,0,5.9,1
69,1,2,Elective,1,Respiratory,2,2,5.1,1.42,12.5,138.2,100,68,37.5,1,Medicaid,1,1,0,6.5,1
33,1,2,Elective,0,Cardiac,5,0,5.8,0.93,9.8,142.3,109,57,38.0,0,Medicare,0,2,0,4.5,1
33,0,0,Emergency,5,Infection,3,2,7.9,0.8,11.5,143.5,122,63,36.5,0,Medicare,0,3,1,4.0,1
35,0,1,Urgent,4,Neurological,2,1,9.4,0.97,15.6,134.3,164,78,37.2,2,Private,0,1,0,5.7,1
18,1,0,Emergency,2,Orthopedic,3,4,9.0,1.03,5.0,139.6,97,69,35.9,2,Private,0,2,1,3.8,1
50,1,1,Urgent,5,Infection,3,1,5.7,2.54,8.4,132.7,129,108,37.5,2,Private,0,0,0,6.3,1
55,1,1,Urgent,1,Respiratory,5,0,6.3,1.92,6.9,143.6,112,98,38.4,2,Private,0,2,0,5.3,1
58,0,0,Emergency,3,GI,2,0,4.1,1.25,6.7,136.2,103,74,36.8,3,Self-Pay,0,1,1,4.0,1
56,1,0,Emergency,1,Respiratory,2,1,9.5,0.62,7.1,138.3,161,86,36.7,3,Self-Pay,0,1,1,4.5,1
68,0,0,Emergency,1,Respiratory,3,1,4.0,0.8,1.6,142.4,117,72,37.9,1,Medicaid,0,2,1,4.3,1
79,0,0,Emergency,4,Neurological,4,2,6.2,2.45,7.5,134.9,125,97,36.5,1,Medicaid,0,0,1,6.8,1
41,1,2,Elective,4,Neurological,3,2,9.0,0.65,12.8,138.7,143,67,37.3,2,Private,0,0,0,4.7,1
79,0,1,Urgent,1,Respiratory,1,2,7.2,1.58,4.7,133.4,119,69,36.8,2,Private,0,0,0,3.7,1
69,0,1,Urgent,0,Cardiac,3,0,7.5,0.87,3.0,138.3,97,65,37.2,2,Private,0,1,0,4.0,1
74,1,0,Emergency,1,Respiratory,4,3,6.9,1.53,7.0,139.2,155,72,36.2,0,Medicare,0,1,1,3.2,1
51,1,0,Emergency,4,Neurological,1,3,4.0,1.25,6.3,129.5,113,76,35.7,0,Medicare,0,1,1,4.1,1
59,0,0,Emergency,0,Cardiac,5,4,7.3,1.26,12.0,140.8,137,85,37.3,0,Medicare,1,1,1,4.5,1
57,1,0,Emergency,3,GI,3,3,7.6,0.71,15.1,133.6,119,94,36.0,0,Medicare,0,0,1,5.7,1
29,0,1,Urgent,5,Infection,2,3,5.5,1.37,16.8,136.6,127,89,37.5,2,Private,1,2,0,6.3,1
57,0,2,Elective,0,Cardiac,1,1,7.8,1.14,6.4,137.0,136,82,37.8,1,Medicaid,0,1,0,1.9,0
63,0,0,Emergency,5,Infection,4,2,5.7,1.06,11.1,132.8,136,106,35.7,2,Private,1,0,1,8.5,2
50,0,1,Urgent,0,Cardiac,3,4,9.0,0.81,8.9,139.4,134,86,37.3,0,Medicare,1,0,0,5.3,1
37,1,0,Emergency,3,GI,3,3,6.4,0.95,10.5,138.2,117,84,37.4,0,Medicare,0,1,1,3.2,1
74,0,0,Emergency,4,Neurological,2,2,7.5,0.73,11.0,132.7,104,91,37.1,1,Medicaid,1,0,1,7.0,1
54,1,0,Emergency,2,Orthopedic,4,2,7.0,1.0,8.8,143.8,100,110,37.9,0,Medicare,1,4,1,8.1,2
37,1,1,Urgent,0,Cardiac,5,4,7.8,1.43,5.7,148.6,130,74,36.9,1,Medicaid,0,0,0,3.4,1
26,1,1,Urgent,5,Infection,1,3,6.7,0.6,6.3,136.4,132,78,36.2,2,Private,1,0,0,5.7,1
50,0,0,Emergency,0,Cardiac,4,3,7.8,1.15,9.7,135.2,122,86,36.3,1,Medicaid,0,1,1,5.1,1
37,1,1,Urgent,3,GI,3,0,7.8,0.89,10.3,135.1,126,100,37.4,2,Private,0,1,0,1.4,0
50,1,1,Urgent,1,Respiratory,7,6,4.3,2.05,6.8,137.5,120,64,37.6,1,Medicaid,0,0,0,5.1,1
55,0,0,Emergency,2,Orthopedic,7,2,7.7,0.98,8.2,140.1,164,78,38.6,2,Private,1,1,1,9.2,2
74,1,1,Urgent,2,Orthopedic,4,1,5.7,1.12,13.1,134.6,106,102,36.7,0,Medicare,1,1,0,6.5,1
61,0,2,Elective,2,Orthopedic,4,1,6.2,1.38,9.0,140.9,104,76,37.7,0,Medicare,1,0,0,7.1,2
65,1,0,Emergency,0,Cardiac,1,4,6.0,2.5,10.6,137.7,131,106,37.6,2,Private,0,1,1,5.8,1
83,1,1,Urgent,3,GI,4,6,5.8,1.38,14.3,139.2,125,108,37.2,2,Private,0,1,0,5.3,1
50,0,0,Emergency,0,Cardiac,7,2,9.0,3.41,9.5,137.6,110,78,36.3,2,Private,0,1,1,5.5,1
89,1,2,Elective,0,Cardiac,6,1,4.0,1.95,7.4,131.9,110,80,36.6,0,Medicare,0,0,0,4.8,1
57,0,2,Elective,2,Orthopedic,5,0,4.0,1.1,7.3,139.9,125,90,37.3,2,Private,0,1,0,3.9,1
33,1,0,Emergency,2,Orthopedic,4,2,5.5,0.4,11.2,142.1,122,76,36.9,3,Self-Pay,0,0,1,3.9,1
74,0,0,Emergency,1,Respiratory,5,0,6.2,0.83,3.7,144.0,98,79,35.8,0,Medicare,0,2,1,4.7,1
81,1,0,Emergency,3,GI,5,2,5.0,1.55,14.3,137.9,132,68,37.3,0,Medicare,0,1,1,5.9,1
46,0,0,Emergency,2,Orthopedic,2,4,4.8,0.66,13.1,130.3,132,71,37.8,0,Medicare,0,1,1,4.3,1
68,0,0,Emergency,1,Respiratory,5,3,7.7,0.49,4.3,138.1,161,110,37.7,2,Private,0,0,1,5.1,1
77,1,1,Urgent,3,GI,4,0,6.7,1.31,7.2,137.3,134,88,36.4,1,Medicaid,0,0,0,3.5,1
50,0,0,Emergency,5,Infection,4,3,11.0,0.57,7.2,140.8,140,72,38.4,2,Private,0,1,1,7.2,2
70,1,0,Emergency,2,Orthopedic,2,4,5.1,1.21,10.9,132.6,139,85,36.1,2,Private,0,3,1,4.5,1
41,1,1,Urgent,4,Neurological,7,1,7.2,1.06,6.4,135.2,149,97,37.2,0,Medicare,0,1,0,6.3,1
69,0,1,Urgent,1,Respiratory,3,4,7.5,0.59,1.5,134.4,106,93,37.0,3,Self-Pay,0,2,0,4.9,1
50,1,0,Emergency,4,Neurological,3,1,6.0,2.72,13.3,136.6,127,109,38.0,2,Private,0,1,1,5.4,1
32,0,1,Urgent,3,GI,3,3,4.6,0.86,1.5,137.3,123,80,37.8,0,Medicare,0,1,0,1.4,0
86,0,2,Elective,3,GI,4,2,6.3,1.8,14.9,134.7,138,69,37.2,0,Medicare,1,0,0,5.6,1
38,0,0,Emergency,5,Infection,3,1,7.5,2.08,7.6,142.0,118,98,37.7,2,Private,0,0,1,6.6,1
78,1,0,Emergency,1,Respiratory,6,0,5.3,0.83,8.9,144.1,163,82,38.9,2,Private,0,1,1,6.2,1
54,0,1,Urgent,1,Respiratory,2,3,6.1,2.96,8.1,128.6,137,81,36.8,3,Self-Pay,1,1,0,6.0,1
53,1,1,Urgent,0,Cardiac,1,3,6.3,0.79,7.4,138.8,143,65,37.0,2,Private,0,0,0,3.4,1
78,1,0,Emergency,4,Neurological,1,0,5.1,1.1,9.2,146.9,113,68,37.7,0,Medicare,0,0,1,5.7,1
31,0,0,Emergency,4,Neurological,3,5,8.8,1.33,8.1,138.6,125,109,37.3,2,Private,1,0,1,6.8,1
76,1,2,Elective,2,Orthopedic,3,3,6.8,0.62,6.0,134.2,119,106,37.1,0,Medicare,1,0,0,6.3,1
30,1,2,Elective,1,Respiratory,3,1,6.1,1.07,11.1,135.4,122,96,37.7,1,Medicaid,1,0,0,6.0,1
29,0,2,Elective,3,GI,2,1,8.0,1.55,8.2,142.9,148,73,37.2,2,Private,0,1,0,3.3,1
85,0,2,Elective,0,Cardiac,3,5,6.8,1.35,15.9,135.9,133,75,37.4,1,Medicaid,1,1,0,6.8,1
74,0,1,Urgent,1,Respiratory,3,0,8.7,2.1,5.9,141.9,102,75,38.2,0,Medicare,0,1,0,3.5,1
50,1,2,Elective,1,Respiratory,2,3,4.9,0.68,10.7,137.3,91,117,37.1,0,Medicare,0,0,0,3.9,1
35,1,1,Urgent,2,Orthopedic,4,2,7.6,1.04,7.1,135.8,157,89,37.5,0,Medicare,0,1,0,4.4,1
95,0,2,Elective,2,Orthopedic,4,2,6.5,0.92,6.8,142.7,99,80,38.2,0,Medicare,1,1,0,5.2,1
50,0,0,Emergency,0,Cardiac,3,1,8.9,0.77,8.9,147.4,116,66,37.1,1,Medicaid,0,0,1,4.7,1
39,1,2,Elective,2,Orthopedic,2,2,8.2,1.01,11.3,139.8,155,100,36.9,0,Medicare,1,2,0,4.7,1
34,0,0,Emergency,5,Infection,4,3,7.0,1.28,11.8,141.3,117,75,36.6,2,Private,1,3,1,6.4,1
25,1,0,Emergency,0,Cardiac,4,1,7.0,0.85,8.4,144.1,119,71,36.9,1,Medicaid,0,0,1,4.1,1
59,0,1,Urgent,3,GI,3,1,6.4,0.84,14.5,136.6,123,72,39.1,2,Private,0,1,0,3.8,1
79,1,0,Emergency,3,GI,2,1,8.5,1.35,11.9,138.1,124,83,39.0,2,Private,1,0,1,4.7,1
29,1,0,Emergency,5,Infection,3,0,5.5,2.01,10.0,133.0,116,87,38.6,1,Medicaid,1,0,1,8.6,2
72,0,2,Elective,3,GI,4,2,6.4,1.91,11.4,140.5,117,60,37.9,2,Private,0,0,0,4.3,1
68,0,1,Urgent,3,GI,5,1,7.6,1.44,5.5,134.1,151,82,36.5,3,Self-Pay,0,0,0,7.5,2
54,1,2,Elective,4,Neurological,3,3,5.2,0.69,13.0,142.2,134,77,37.3,0,Medicare,0,2,0,7.3,2
81,0,2,Elective,1,Respiratory,2,4,4.7,0.75,4.5,135.4,109,72,37.7,2,Private,1,0,0,4.7,1
60,0,0,Emergency,3,GI,4,3,8.1,0.88,10.5,139.3,167,92,37.8,0,Medicare,0,3,1,3.7,1
44,1,0,Emergency,2,Orthopedic,4,3,4.0,0.93,8.7,137.2,157,82,37.0,3,Self-Pay,1,1,1,7.2,2
84,0,0,Emergency,2,Orthopedic,4,3,8.2,1.3,4.0,144.4,140,55,36.8,1,Medicaid,0,1,1,3.0,0
18,0,1,Urgent,0,Cardiac,1,2,5.9,0.87,4.7,145.7,128,70,38.4,0,Medicare,0,1,0,3.6,1
75,1,1,Urgent,1,Respiratory,1,4,4.3,1.4,8.9,140.4,120,87,37.2,3,Self-Pay,0,4,0,4.9,1
82,1,1,Urgent,1,Respiratory,3,1,9.0,0.73,8.6,136.2,146,67,37.2,0,Medicare,0,1,0,5.7,1
86,0,0,Emergency,4,Neurological,2,2,4.0,1.93,6.4,142.6,176,62,37.1,2,Private,1,0,1,8.6,2
59,1,0,Emergency,5,Infection,4,3,8.5,1.1,7.6,143.2,173,101,37.5,2,Private,1,0,1,9.1,2
50,1,0,Emergency,1,Respiratory,5,1,11.7,1.46,3.9,132.0,112,103,37.6,0,Medicare,0,0,1,3.4,1
48,1,0,Emergency,0,Cardiac,2,0,9.6,1.19,4.0,140.1,154,78,38.8,0,Medicare,0,1,1,5.5,1
68,0,2,Elective,5,Infection,3,3,5.9,0.67,7.9,140.4,113,78,36.9,0,Medicare,0,0,0,4.2,1
91,0,0,Emergency,3,GI,2,5,9.3,1.6,2.6,136.5,156,88,36.4,3,Self-Pay,0,1,1,4.6,1
35,1,0,Emergency,5,Infection,3,2,8.5,0.8,8.2,137.0,123,64,37.1,2,Private,0,2,1,5.4,1
63,1,0,Emergency,0,Cardiac,5,4,5.0,0.93,10.6,133.6,137,79,38.3,2,Private,0,0,1,6.0,1
24,1,2,Elective,4,Neurological,4,1,4.7,0.51,8.3,139.9,111,94,36.6,0,Medicare,0,1,0,5.8,1
50,0,0,Emergency,4,Neurological,1,0,6.9,0.82,10.7,134.4,96,68,37.0,0,Medicare,0,0,1,6.3,1
50,1,0,Emergency,0,Cardiac,4,3,7.5,0.82,6.4,140.8,135,94,38.4,2,Private,0,2,1,5.5,1
35,1,1,Urgent,0,Cardiac,6,4,8.4,0.87,1.9,139.2,126,95,38.1,0,Medicare,0,0,0,6.7,1
32,0,2,Elective,1,Respiratory,6,1,8.3,1.33,10.8,132.6,96,90,36.9,3,Self-Pay,1,1,0,3.8,1
82,0,2,Elective,0,Cardiac,5,2,6.9,1.33,8.0,135.8,140,113,37.1,2,Private,0,0,0,4.3,1
66,1,0,Emergency,5,Infection,4,0,5.6,3.21,5.1,143.7,112,107,36.6,2,Private,0,1,1,7.2,2
52,1,1,Urgent,1,Respiratory,1,1,8.1,1.74,7.7,134.1,86,68,36.9,3,Self-Pay,0,1,0,3.0,0
51,0,0,Emergency,4,Neurological,5,1,8.5,2.68,6.2,135.1,112,78,38.3,0,Medicare,1,2,1,7.8,2
25,1,0,Emergency,4,Neurological,2,1,6.8,0.68,11.7,137.9,163,87,36.6,2,Private,0,0,1,1.7,0
55,1,1,Urgent,1,Respiratory,2,1,6.2,1.13,5.6,141.7,143,70,36.4,2,Private,0,1,0,3.6,1
62,1,0,Emergency,3,GI,3,0,5.6,2.27,5.9,137.3,138,93,36.8,2,Private,1,1,1,5.8,1
24,1,2,Elective,0,Cardiac,3,4,4.0,1.3,8.8,132.3,144,103,38.6,2,Private,0,3,0,1.9,0
23,1,2,Elective,1,Respiratory,3,3,5.2,1.26,9.0,142.6,113,68,38.5,1,Medicaid,1,0,0,3.5,1
80,0,0,Emergency,5,Infection,1,2,9.1,1.54,8.0,147.8,94,74,37.4,1,Medicaid,0,1,1,5.4,1
55,0,0,Emergency,0,Cardiac,5,5,6.6,0.61,1.9,136.8,118,67,37.9,2,Private,1,2,1,7.3,2
18,1,0,Emergency,1,Respiratory,2,3,5.4,2.15,3.3,141.2,136,72,36.6,2,Private,1,0,1,6.3,1
56,0,1,Urgent,4,Neurological,2,3,6.5,0.75,9.5,134.7,130,75,37.7,0,Medicare,0,1,0,3.0,0
63,1,2,Elective,3,GI,4,2,5.8,0.87,5.0,143.0,122,84,37.0,1,Medicaid,1,1,0,5.6,1
40,1,2,Elective,3,GI,1,3,7.3,0.79,10.7,143.2,134,78,38.9,1,Medicaid,0,2,0,3.6,1
64,0,1,Urgent,4,Neurological,3,0,5.9,1.21,1.5,141.1,143,83,37.3,0,Medicare,0,1,0,4.2,1
50,1,0,Emergency,0,Cardiac,4,3,6.4,1.38,7.2,141.5,116,56,38.4,2,Private,0,0,1,2.7,0
33,1,2,Elective,4,Neurological,3,2,4.0,0.95,4.6,142.5,138,77,36.1,2,Private,0,2,0,3.4,1
69,0,0,Emergency,5,Infection,5,1,4.7,0.66,3.8,138.3,157,97,37.7,0,Medicare,0,1,1,5.7,1
51,0,2,Elective,0,Cardiac,4,4,7.1,0.66,3.5,129.6,156,85,37.8,3,Self-Pay,0,2,0,5.6,1
61,1,0,Emergency,3,GI,6,2,6.2,0.86,7.8,137.7,111,60,37.6,3,Self-Pay,0,1,1,3.0,0
60,0,1,Urgent,1,Respiratory,2,0,7.5,1.64,6.3,135.4,151,77,36.8,2,Private,0,1,0,4.0,1
87,1,0,Emergency,0,Cardiac,4,3,7.0,0.44,6.7,136.5,117,87,37.3,0,Medicare,0,0,1,4.5,1
69,0,0,Emergency,2,Orthopedic,3,3,9.0,2.39,4.8,139.6,135,72,37.6,1,Medicaid,0,0,1,4.9,1
55,0,1,Urgent,3,GI,3,4,4.0,0.84,11.8,139.4,153,90,37.2,0,Medicare,0,1,0,4.0,1
68,0,1,Urgent,5,Infection,3,4,6.4,1.41,8.8,132.5,81,105,37.0,2,Private,0,0,0,5.8,1
88,1,2,Elective,3,GI,5,2,7.7,1.31,7.5,140.8,100,73,37.2,0,Medicare,0,1,0,4.9,1
50,0,1,Urgent,4,Neurological,3,0,6.6,0.9,11.1,138.0,116,92,37.1,0,Medicare,0,1,0,3.5,1
73,0,0,Emergency,0,Cardiac,8,4,6.0,1.48,9.0,141.8,115,69,37.7,0,Medicare,0,0,1,7.1,2
85,1,2,Elective,0,Cardiac,6,1,5.7,0.44,6.1,139.3,104,84,37.1,1,Medicaid,0,0,0,7.1,2
60,0,2,Elective,5,Infection,2,6,5.3,1.18,10.0,139.5,127,89,36.2,0,Medicare,0,0,0,1.9,0
66,0,0,Emergency,5,Infection,2,1,5.7,0.48,14.7,136.4,117,63,36.0,2,Private,0,2,1,6.7,1
50,0,2,Elective,1,Respiratory,6,2,4.8,1.23,7.9,141.0,132,93,37.4,2,Private,0,2,0,3.0,0
32,0,2,Elective,3,GI,3,2,6.0,1.67,10.5,140.8,116,65,37.1,1,Medicaid,0,3,0,2.7,0
83,1,1,Urgent,1,Respiratory,2,0,5.0,0.79,12.9,139.0,167,91,36.3,0,Medicare,0,1,0,4.1,1
65,0,0,Emergency,2,Orthopedic,2,2,8.5,4.2,9.3,139.6,122,90,38.5,2,Private,0,2,1,4.5,1
31,0,1,Urgent,5,Infection,3,3,5.0,1.77,12.3,139.7,137,69,37.0,0,Medicare,1,1,0,7.8,2
74,1,0,Emergency,4,Neurological,2,1,9.3,1.69,8.0,138.2,159,66,36.4,1,Medicaid,1,3,1,8.8,2
81,1,1,Urgent,1,Respiratory,3,5,8.2,1.09,1.5,134.5,106,92,35.9,2,Private,0,0,0,5.8,1
55,1,1,Urgent,1,Respiratory,3,4,8.6,0.95,4.2,133.8,123,51,36.8,0,Medicare,0,2,0,3.2,1
53,1,2,Elective,1,Respiratory,2,0,6.4,2.03,10.8,135.9,104,89,36.8,3,Self-Pay,0,1,0,2.3,0
19,1,1,Urgent,4,Neurological,5,0,4.5,3.06,15.0,144.1,100,96,37.3,2,Private,0,0,0,6.0,1
81,1,0,Emergency,2,Orthopedic,5,0,4.0,0.78,6.2,142.7,95,87,38.6,3,Self-Pay,0,1,1,4.4,1
71,1,1,Urgent,5,Infection,2,4,8.0,0.94,14.4,141.6,104,89,36.5,2,Private,0,0,0,6.3,1
80,1,0,Emergency,4,Neurological,5,1,6.3,1.41,5.1,131.0,157,53,37.3,2,Private,0,2,1,7.1,2
68,1,0,Emergency,0,Cardiac,3,1,5.7,2.21,7.5,140.4,107,73,37.0,2,Private,0,2,1,7.6,2
50,0,0,Emergency,4,Neurological,1,0,7.7,0.74,8.8,141.5,135,76,38.3,0,Medicare,0,2,1,4.6,1
50,1,0,Emergency,2,Orthopedic,4,4,11.2,0.67,10.5,139.4,148,61,37.4,3,Self-Pay,0,1,1,3.9,1
76,1,2,Elective,1,Respiratory,5,1,6.6,0.6,10.8,139.9,122,74,38.2,0,Medicare,0,1,0,3.8,1
50,1,1,Urgent,1,Respiratory,1,2,8.5,1.72,8.6,140.3,158,85,36.4,0,Medicare,1,1,0,4.3,1
19,0,2,Elective,5,Infection,3,4,6.2,1.71,17.6,139.7,123,62,38.7,0,Medicare,0,0,0,5.5,1
55,0,0,Emergency,2,Orthopedic,2,3,8.2,0.59,10.0,138.7,134,75,36.7,2,Private,0,6,1,4.2,1
50,0,1,Urgent,3,GI,4,2,6.7,2.53,6.7,134.4,132,70,38.6,2,Private,0,0,0,3.3,1
71,1,1,Urgent,2,Orthopedic,1,0,8.1,0.58,15.2,137.4,93,91,35.0,2,Private,0,0,0,4.2,1
89,0,0,Emergency,1,Respiratory,5,1,7.6,0.8,9.8,130.2,146,59,38.0,2,Private,0,1,1,2.9,0
70,0,2,Elective,4,Neurological,1,6,5.3,0.6,13.5,136.5,143,87,38.1,0,Medicare,1,2,0,7.7,2
73,0,1,Urgent,4,Neurological,6,1,4.0,1.61,3.3,141.1,101,79,37.6,2,Private,1,0,0,7.9,2
64,0,1,Urgent,0,Cardiac,3,2,4.0,2.19,9.5,133.6,115,105,37.8,0,Medicare,0,0,0,4.2,1
34,1,0,Emergency,1,Respiratory,5,1,7.2,1.8,7.9,134.7,154,100,36.1,1,Medicaid,0,2,1,5.2,1
63,1,0,Emergency,2,Orthopedic,1,1,8.9,1.11,7.1,132.8,119,67,37.7,2,Private,1,1,1,7.1,2
82,0,2,Elective,1,Respiratory,2,2,7.6,1.2,9.6,146.8,162,79,36.3,1,Medicaid,0,0,0,3.1,1
57,1,2,Elective,4,Neurological,1,3,9.0,1.12,13.0,142.7,160,81,36.8,0,Medicare,1,1,0,7.6,2
62,0,1,Urgent,0,Cardiac,2,1,9.5,1.24,8.5,136.2,112,55,37.4,1,Medicaid,0,1,0,3.5,1
67,0,2,Elective,4,Neurological,2,3,7.4,1.47,14.0,147.9,127,69,37.4,2,Private,1,1,0,7.3,2
56,1,1,Urgent,3,GI,2,2,4.0,1.04,4.7,143.0,99,84,37.5,1,Medicaid,0,2,0,4.1,1
50,1,1,Urgent,1,Respiratory,5,3,4.4,0.86,10.1,142.2,114,69,37.3,2,Private,1,1,0,4.4,1
57,1,0,Emergency,1,Respiratory,1,1,5.3,1.62,10.9,137.7,93,79,37.4,2,Private,0,2,1,2.9,0
29,1,1,Urgent,0,Cardiac,6,3,4.0,0.53,1.5,140.9,98,80,37.6,0,Medicare,0,0,0,5.4,1
71,1,0,Emergency,1,Respiratory,4,4,4.0,1.64,10.7,141.2,124,77,37.6,2,Private,0,0,1,4.7,1
79,0,0,Emergency,3,GI,2,3,6.4,2.59,8.1,132.6,133,88,37.2,2,Private,0,4,1,5.5,1
27,0,2,Elective,1,Respiratory,3,2,4.4,0.93,10.4,139.3,128,87,37.1,1,Medicaid,0,0,0,3.6,1
57,0,0,Emergency,3,GI,2,3,5.1,1.07,13.2,137.7,104,67,36.3,2,Private,1,2,1,6.7,1
60,1,0,Emergency,2,Orthopedic,2,3,7.0,1.11,9.8,138.1,157,90,37.5,0,Medicare,0,2,1,2.1,0
83,0,0,Emergency,0,Cardiac,3,1,4.9,1.15,8.1,141.5,134,102,38.8,0,Medicare,0,0,1,3.7,1
58,0,0,Emergency,2,Orthopedic,4,1,6.6,1.22,3.7,143.4,116,101,37.6,2,Private,0,0,1,3.8,1
50,1,0,Emergency,4,Neurological,1,3,6.0,1.13,8.7,133.2,118,104,37.3,0,Medicare,0,2,1,4.4,1
77,0,0,Emergency,1,Respiratory,2,3,8.4,0.91,14.1,134.7,134,109,35.5,1,Medicaid,0,0,1,4.9,1
79,0,1,Urgent,3,GI,1,1,5.3,1.36,1.5,137.3,173,107,36.8,2,Private,0,3,0,1.8,0
53,0,1,Urgent,0,Cardiac,2,4,4.1,1.7,13.1,142.0,149,63,37.8,0,Medicare,0,0,0,5.2,1
79,0,2,Elective,0,Cardiac,1,2,5.9,0.95,11.2,136.0,126,75,37.3,2,Private,0,1,0,1.6,0
62,1,2,Elective,1,Respiratory,7,1,10.4,0.75,8.8,134.3,129,85,37.6,1,Medicaid,0,1,0,3.6,1
78,1,1,Urgent,1,Respiratory,3,5,9.3,1.97,11.1,139.3,155,85,37.5,0,Medicare,0,2,0,4.3,1
52,0,0,Emergency,4,Neurological,4,3,9.5,1.22,13.0,129.5,150,68,37.5,2,Private,1,1,1,8.1,2
58,0,0,Emergency,2,Orthopedic,3,2,7.3,0.57,7.5,138.3,136,76,37.0,2,Private,0,0,1,1.3,0
33,1,2,Elective,0,Cardiac,2,2,6.8,1.82,9.3,147.2,104,93,37.7,0,Medicare,0,3,0,4.2,1
61,1,1,Urgent,3,GI,1,3,4.7,0.72,9.0,139.8,130,97,36.3,1,Medicaid,1,2,0,5.5,1
76,1,0,Emergency,2,Orthopedic,5,0,7.3,0.99,14.4,134.8,148,74,36.2,3,Self-Pay,1,3,1,7.6,2
74,0,0,Emergency,1,Respiratory,3,4,4.1,1.04,9.0,138.4,140,78,37.1,2,Private,1,3,1,8.8,2
64,0,2,Elective,4,Neurological,2,2,6.2,0.89,9.5,135.0,128,92,38.3,1,Medicaid,1,1,0,9.7,2
30,1,1,Urgent,0,Cardiac,5,2,7.2,1.63,12.3,132.9,125,80,37.2,0,Medicare,0,1,0,4.7,1
59,1,1,Urgent,5,Infection,4,6,5.4,2.28,10.8,136.5,145,54,36.6,0,Medicare,0,2,0,8.4,2
75,0,0,Emergency,1,Respiratory,3,2,7.3,1.77,9.8,134.8,126,80,37.2,0,Medicare,0,0,1,4.0,1
70,0,1,Urgent,2,Orthopedic,2,4,5.5,1.5,4.4,143.5,103,73,35.7,2,Private,1,1,0,8.7,2
50,0,2,Elective,5,Infection,2,1,4.0,0.97,7.5,145.6,104,79,37.0,2,Private,0,0,0,3.5,1
91,0,2,Elective,4,Neurological,2,3,7.9,3.32,10.3,137.5,104,105,36.6,1,Medicaid,0,2,0,5.1,1
41,1,1,Urgent,0,Cardiac,2,5,7.6,1.43,9.4,136.6,118,91,35.5,3,Self-Pay,0,1,0,6.6,1
72,1,1,Urgent,3,GI,5,2,5.4,1.95,8.5,139.4,166,73,35.9,0,Medicare,0,0,0,3.1,1
46,0,1,Urgent,1,Respiratory,3,3,6.3,0.89,11.4,135.1,127,81,37.4,0,Medicare,0,5,0,6.4,1
33,0,1,Urgent,2,Orthopedic,3,4,11.0,2.57,16.6,137.3,144,67,37.0,3,Self-Pay,1,1,0,4.6,1
56,1,0,Emergency,4,Neurological,2,2,7.8,0.47,9.3,138.2,119,98,38.9,2,Private,0,2,1,3.0,0
86,0,2,Elective,2,Orthopedic,2,4,5.4,0.49,11.3,135.0,104,76,37.8,2,Private,0,2,0,2.0,0
78,1,1,Urgent,0,Cardiac,3,3,7.1,1.68,8.3,133.4,149,100,37.0,0,Medicare,0,0,0,4.1,1
81,1,1,Urgent,2,Orthopedic,2,1,7.5,0.6,5.1,139.3,95,102,36.2,2,Private,1,2,0,6.3,1
60,1,2,Elective,0,Cardiac,1,1,5.9,0.89,7.9,139.7,116,101,37.0,3,Self-Pay,0,2,0,3.9,1
71,1,2,Elective,1,Respiratory,1,1,6.2,1.12,9.7,134.2,103,91,38.7,1,Medicaid,0,3,0,4.5,1
84,1,1,Urgent,2,Orthopedic,5,0,4.0,1.18,8.8,139.9,103,92,37.2,2,Private,0,0,0,2.3,0
62,1,0,Emergency,3,GI,6,1,6.2,2.75,9.3,137.0,154,93,36.7,0,Medicare,0,1,1,5.0,1
67,0,0,Emergency,2,Orthopedic,1,2,4.2,1.19,3.0,136.2,118,87,37.2,1,Medicaid,0,3,1,1.2,0
88,1,2,Elective,0,Cardiac,6,2,4.4,0.62,7.4,130.9,137,67,36.6,1,Medicaid,0,2,0,5.4,1
37,0,0,Emergency,5,Infection,4,1,5.7,1.25,3.4,140.8,139,54,37.7,0,Medicare,0,2,1,5.5,1
79,0,2,Elective,3,GI,1,2,7.3,0.88,10.1,136.9,134,99,37.0,2,Private,0,0,0,3.5,1
51,0,0,Emergency,1,Respiratory,3,1,4.0,1.02,8.9,137.1,119,84,38.4,1,Medicaid,0,3,1,5.9,1
70,1,1,Urgent,5,Infection,5,1,5.9,1.28,8.3,140.4,88,66,36.8,3,Self-Pay,0,2,0,4.9,1
45,0,1,Urgent,5,Infection,4,1,4.0,1.68,3.7,143.5,99,83,36.5,2,Private,0,1,0,4.4,1
81,1,0,Emergency,0,Cardiac,2,1,10.3,1.47,8.4,136.0,118,85,36.0,1,Medicaid,0,1,1,5.9,1
87,1,2,Elective,3,GI,4,2,4.0,1.24,14.1,138.7,134,67,39.2,2,Private,0,2,0,4.1,1
65,0,1,Urgent,3,GI,4,2,6.3,1.89,7.1,144.7,96,67,36.5,2,Private,0,3,0,4.2,1
63,1,0,Emergency,0,Cardiac,2,4,4.3,1.38,9.4,139.2,80,86,37.1,0,Medicare,1,1,1,8.8,2
77,1,0,Emergency,1,Respiratory,3,2,7.2,1.48,9.7,136.9,149,78,36.0,2,Private,0,3,1,4.9,1
86,1,1,Urgent,3,GI,4,5,4.0,0.49,3.7,145.3,130,81,36.8,1,Medicaid,1,0,0,4.6,1
81,0,0,Emergency,1,Respiratory,1,1,9.0,2.42,3.7,132.8,129,77,35.7,0,Medicare,0,1,1,4.3,1
90,1,2,Elective,4,Neurological,4,2,10.9,0.81,4.0,139.2,133,60,36.1,2,Private,1,2,0,6.0,1
65,1,0,Emergency,0,Cardiac,4,1,8.6,0.83,10.4,136.1,126,75,38.7,0,Medicare,0,4,1,2.6,0
39,0,0,Emergency,5,Infection,2,2,6.7,1.41,13.3,140.4,150,60,37.1,0,Medicare,1,1,1,6.7,1
56,0,0,Emergency,4,Neurological,5,5,5.8,0.8,15.1,140.0,115,95,36.7,2,Private,0,1,1,3.7,1
67,1,0,Emergency,4,Neurological,2,1,4.7,0.81,8.5,123.9,120,62,38.0,2,Private,0,3,1,3.6,1
54,1,0,Emergency,1,Respiratory,2,2,4.2,2.56,12.8,142.1,151,69,36.2,2,Private,0,0,1,5.3,1
27,0,2,Elective,3,GI,5,1,5.4,2.38,7.6,139.3,96,62,38.1,0,Medicare,0,2,0,3.3,1
28,0,0,Emergency,2,Orthopedic,2,2,7.5,1.07,4.8,144.0,138,88,37.7,0,Medicare,1,0,1,5.3,1
66,1,0,Emergency,3,GI,1,1,5.5,0.95,6.0,134.0,162,98,38.0,1,Medicaid,0,3,1,2.3,0
68,0,0,Emergency,1,Respiratory,2,0,6.1,0.9,7.5,137.0,124,99,37.3,2,Private,0,5,1,2.4,0
58,1,1,Urgent,4,Neurological,2,3,7.0,0.4,8.9,141.2,102,77,36.0,0,Medicare,0,2,0,5.4,1
78,0,1,Urgent,0,Cardiac,6,3,8.2,1.81,8.7,137.5,102,85,36.7,1,Medicaid,0,0,0,7.0,1
61,1,2,Elective,3,GI,2,2,9.9,1.3,11.2,137.8,140,88,36.7,2,Private,0,1,0,1.5,0
50,0,0,Emergency,4,Neurological,3,1,4.0,0.89,8.3,127.5,114,73,38.0,2,Private,0,1,1,4.8,1
53,1,1,Urgent,3,GI,8,1,10.0,3.34,12.3,137.1,151,74,37.1,2,Private,0,1,0,8.4,2
73,1,1,Urgent,0,Cardiac,5,1,9.0,0.49,6.7,143.5,116,70,37.4,0,Medicare,0,0,0,3.6,1
51,1,1,Urgent,1,Respiratory,3,3,7.9,2.34,7.6,141.0,123,80,37.3,3,Self-Pay,0,1,0,4.0,1
74,1,0,Emergency,2,Orthopedic,2,3,5.9,0.71,14.8,138.2,105,94,37.6,2,Private,1,3,1,7.1,2
42,0,2,Elective,1,Respiratory,1,2,5.7,2.69,1.8,134.0,141,68,36.6,0,Medicare,0,1,0,1.8,0
67,0,0,Emergency,0,Cardiac,3,4,8.4,2.25,17.5,137.2,129,85,36.6,0,Medicare,1,1,1,9.6,2
29,1,0,Emergency,0,Cardiac,5,2,5.9,0.68,10.8,131.1,148,67,36.1,1,Medicaid,1,1,1,7.2,2
78,1,0,Emergency,4,Neurological,3,2,4.0,1.52,19.6,141.7,97,63,35.7,0,Medicare,0,1,1,4.1,1
87,1,0,Emergency,0,Cardiac,2,1,6.2,1.45,13.8,140.7,109,79,37.2,2,Private,0,0,1,6.3,1
61,0,0,Emergency,5,Infection,1,1,5.4,0.89,8.2,137.0,126,67,36.4,2,Private,0,1,1,7.4,2
77,1,1,Urgent,2,Orthopedic,6,2,8.4,1.78,4.6,142.9,125,94,38.1,0,Medicare,0,3,0,5.4,1
57,1,2,Elective,4,Neurological,6,1,4.0,1.89,14.4,141.8,148,80,36.6,2,Private,0,2,0,4.5,1
80,0,1,Urgent,0,Cardiac,6,1,10.9,1.52,3.2,141.4,119,73,37.2,0,Medicare,1,1,0,7.6,2
50,1,0,Emergency,5,Infection,3,4,6.4,0.88,10.7,143.8,132,72,37.8,1,Medicaid,0,1,1,6.9,1
19,0,2,Elective,0,Cardiac,2,2,4.0,2.5,5.7,145.9,123,80,38.2,0,Medicare,1,0,0,6.3,1
65,1,1,Urgent,0,Cardiac,1,1,6.6,0.85,12.4,136.3,135,88,38.3,0,Medicare,0,1,0,4.7,1
55,0,0,Emergency,0,Cardiac,1,1,7.3,1.03,3.4,136.3,115,40,38.5,2,Private,0,1,1,5.4,1
62,0,1,Urgent,0,Cardiac,3,3,8.7,1.15,11.7,135.6,125,65,37.8,0,Medicare,0,1,0,3.4,1
58,0,1,Urgent,2,Orthopedic,4,3,6.6,1.4,10.7,134.2,158,80,37.7,3,Self-Pay,0,3,0,3.6,1
24,1,0,Emergency,4,Neurological,2,2,6.8,0.99,9.8,132.1,145,69,37.5,0,Medicare,0,2,1,4.2,1
59,1,0,Emergency,1,Respiratory,5,2,6.6,1.03,10.4,136.2,149,90,37.3,2,Private,0,1,1,4.3,1
72,0,0,Emergency,4,Neurological,5,1,4.3,0.59,9.7,137.4,106,49,38.6,0,Medicare,1,5,1,9.0,2
60,1,2,Elective,4,Neurological,3,2,6.6,0.46,6.4,133.4,145,79,37.4,1,Medicaid,0,4,0,4.5,1
50,1,0,Emergency,5,Infection,2,4,6.4,1.66,4.7,136.1,160,67,35.6,1,Medicaid,0,0,1,5.0,1
32,1,0,Emergency,0,Cardiac,4,3,5.2,1.75,8.6,137.1,108,76,37.4,2,Private,1,0,1,9.4,2
67,0,1,Urgent,0,Cardiac,3,5,4.0,3.75,16.1,136.5,124,71,37.3,3,Self-Pay,0,1,0,6.6,1
79,0,2,Elective,0,Cardiac,1,1,5.8,1.27,11.0,135.9,116,108,37.5,2,Private,0,2,0,1.7,0
50,1,0,Emergency,1,Respiratory,4,2,7.6,0.72,6.5,136.4,131,85,37.4,0,Medicare,1,0,1,6.4,1
37,0,2,Elective,2,Orthopedic,1,0,9.1,0.64,11.5,139.6,133,80,38.3,2,Private,1,1,0,4.1,1
59,1,1,Urgent,2,Orthopedic,1,4,6.1,0.83,8.0,135.3,123,94,37.7,1,Medicaid,0,1,0,3.6,1
69,0,1,Urgent,1,Respiratory,1,2,6.2,1.39,6.0,133.0,127,107,37.0,0,Medicare,1,1,0,5.6,1
54,0,2,Elective,3,GI,2,2,6.0,0.78,13.3,138.1,126,87,37.8,2,Private,0,2,0,1.0,0
83,0,0,Emergency,1,Respiratory,4,1,7.1,1.7,11.5,134.9,172,80,36.4,0,Medicare,1,3,1,6.2,1
50,1,2,Elective,1,Respiratory,3,1,5.6,1.51,8.9,139.4,119,104,36.4,1,Medicaid,1,1,0,4.8,1
50,0,2,Elective,0,Cardiac,1,2,7.5,1.38,14.2,132.2,185,81,38.3,0,Medicare,0,2,0,4.6,1
65,0,2,Elective,3,GI,5,0,4.0,0.58,10.7,139.6,138,82,36.9,2,Private,0,0,0,2.4,0
90,1,2,Elective,3,GI,3,2,7.5,2.02,9.8,138.0,130,77,36.3,0,Medicare,0,0,0,3.8,1
53,1,2,Elective,4,Neurological,2,2,5.7,3.45,2.8,140.4,162,104,36.8,1,Medicaid,0,1,0,6.9,1
36,1,0,Emergency,5,Infection,2,1,6.3,0.72,13.5,130.8,143,75,38.1,2,Private,1,2,1,6.7,1
50,1,0,Emergency,4,Neurological,4,3,4.0,0.93,3.6,130.6,139,87,38.8,0,Medicare,0,1,1,4.4,1
77,0,0,Emergency,1,Respiratory,5,2,6.4,0.7,9.6,137.7,108,110,37.1,0,Medicare,1,0,1,6.3,1
66,0,0,Emergency,1,Respiratory,7,2,7.4,1.3,10.1,133.4,118,102,37.5,0,Medicare,0,4,1,5.9,1
83,1,1,Urgent,5,Infection,6,1,8.5,1.48,7.2,135.8,110,88,36.0,0,Medicare,1,3,0,7.3,2
66,1,0,Emergency,4,Neurological,5,1,6.5,1.13,5.2,143.8,97,91,37.5,2,Private,0,3,1,6.2,1
36,1,0,Emergency,4,Neurological,1,1,7.1,1.98,9.5,138.8,130,88,37.3,3,Self-Pay,0,1,1,2.3,0
34,0,2,Elective,3,GI,3,3,7.6,2.21,11.2,134.1,152,59,38.2,1,Medicaid,1,1,0,8.0,2
78,0,2,Elective,1,Respiratory,3,0,5.1,0.63,6.6,138.8,125,79,37.3,2,Private,1,1,0,6.5,1
56,0,2,Elective,4,Neurological,6,6,8.8,1.26,7.0,137.6,124,101,37.0,3,Self-Pay,0,2,0,6.5,1
64,1,2,Elective,0,Cardiac,2,0,4.1,1.4,5.0,138.2,118,86,36.7,2,Private,0,2,0,4.3,1
50,0,1,Urgent,1,Respiratory,2,0,8.0,1.33,3.3,148.1,95,112,37.7,2,Private,1,0,0,4.0,1
50,0,2,Elective,1,Respiratory,2,0,4.5,1.0,8.5,141.1,127,83,38.9,1,Medicaid,1,0,0,6.5,1
70,0,1,Urgent,3,GI,5,3,4.0,1.33,6.4,131.0,123,95,36.6,1,Medicaid,1,1,0,5.8,1
62,0,2,Elective,2,Orthopedic,5,3,5.0,0.59,11.3,148.5,157,72,36.9,2,Private,1,2,0,4.7,1
53,0,0,Emergency,2,Orthopedic,4,1,7.6,2.27,11.4,135.7,97,74,35.5,0,Medicare,0,0,1,3.7,1
60,0,2,Elective,3,GI,5,2,4.6,1.02,11.1,138.3,89,75,37.3,2,Private,0,4,0,3.7,1
80,1,1,Urgent,2,Orthopedic,6,2,8.0,0.9,6.5,132.0,113,97,37.4,3,Self-Pay,0,0,0,2.6,0
86,0,1,Urgent,1,Respiratory,4,0,6.6,0.55,12.3,137.5,130,72,38.8,1,Medicaid,1,1,0,6.5,1
51,1,1,Urgent,3,GI,3,2,4.4,2.54,5.7,134.6,167,71,37.7,1,Medicaid,1,0,0,7.3,2
64,0,2,Elective,4,Neurological,1,1,6.0,2.85,11.9,136.2,122,81,36.8,2,Private,0,1,0,2.8,0
50,0,2,Elective,2,Orthopedic,4,1,7.9,1.24,10.7,135.9,106,76,38.8,1,Medicaid,0,1,0,1.0,0
77,1,0,Emergency,3,GI,4,1,8.8,0.64,11.4,142.7,130,82,36.9,2,Private,0,0,1,5.5,1
54,1,0,Emergency,2,Orthopedic,1,3,7.8,1.02,4.1,138.6,141,70,37.6,1,Medicaid,0,1,1,3.4,1
60,1,0,Emergency,0,Cardiac,5,1,8.2,1.09,13.4,145.3,106,78,35.6,0,Medicare,0,2,1,5.9,1
56,1,0,Emergency,2,Orthopedic,2,1,6.5,0.83,9.6,137.1,112,60,37.4,0,Medicare,0,3,1,1.8,0
94,1,0,Emergency,0,Cardiac,2,2,5.7,1.36,8.9,138.5,147,81,37.4,1,Medicaid,0,2,1,3.4,1
68,0,1,Urgent,3,GI,1,2,6.1,1.63,5.7,138.4,115,77,36.4,0,Medicare,0,0,0,2.0,0
81,1,1,Urgent,2,Orthopedic,4,2,9.1,1.16,6.9,142.5,102,104,36.0,2,Private,0,1,0,1.4,0
36,1,2,Elective,0,Cardiac,1,2,5.0,0.57,8.3,142.7,135,88,37.8,0,Medicare,0,3,0,3.0,0
50,0,1,Urgent,2,Orthopedic,4,3,6.6,0.94,8.3,135.6,121,87,38.2,0,Medicare,0,0,0,3.4,1
60,0,1,Urgent,5,Infection,3,6,7.2,0.99,14.8,135.0,122,81,35.8,0,Medicare,0,0,0,6.0,1
42,1,0,Emergency,1,Respiratory,5,0,6.1,0.98,8.8,136.8,140,71,35.9,0,Medicare,0,0,1,2.5,0
63,0,2,Elective,5,Infection,3,3,8.9,2.21,7.9,135.9,141,91,35.6,1,Medicaid,0,0,0,6.0,1
50,0,2,Elective,5,Infection,3,2,7.2,1.07,8.2,131.5,110,71,37.6,1,Medicaid,0,1,0,6.8,1
73,1,0,Emergency,4,Neurological,2,5,6.9,1.47,10.3,138.3,103,84,36.3,2,Private,1,2,1,9.1,2
31,1,0,Emergency,4,Neurological,2,5,6.9,2.41,9.8,140.0,136,45,37.2,1,Medicaid,0,0,1,4.5,1
56,1,0,Emergency,2,Orthopedic,2,0,8.6,1.15,5.3,139.0,134,85,37.7,2,Private,1,0,1,5.7,1
62,0,2,Elective,2,Orthopedic,1,4,5.8,1.16,15.5,137.3,112,79,36.8,2,Private,0,3,0,1.1,0
64,1,1,Urgent,5,Infection,3,1,5.3,1.23,8.2,139.8,111,60,37.0,0,Medicare,1,2,0,8.4,2
32,0,1,Urgent,1,Respiratory,3,3,7.3,2.35,4.4,145.0,152,77,37.3,3,Self-Pay,0,1,0,5.2,1
28,0,0,Emergency,0,Cardiac,3,2,7.6,4.08,6.7,139.4,118,87,37.6,0,Medicare,1,3,1,8.4,2
74,1,0,Emergency,0,Cardiac,5,2,7.5,1.22,8.9,136.2,118,59,37.3,1,Medicaid,0,4,1,5.6,1
67,0,0,Emergency,3,GI,2,2,4.0,2.09,14.8,140.2,153,97,36.7,0,Medicare,0,1,1,8.4,2
80,0,0,Emergency,1,Respiratory,1,2,6.5,2.07,8.1,142.9,110,85,37.6,1,Medicaid,0,1,1,2.9,0
40,1,0,Emergency,0,Cardiac,1,2,6.6,2.1,6.0,140.5,108,84,37.5,2,Private,0,4,1,5.4,1
18,1,0,Emergency,4,Neurological,1,1,7.8,1.66,7.8,142.1,140,95,38.6,0,Medicare,0,2,1,4.3,1
69,1,1,Urgent,2,Orthopedic,2,1,4.5,1.19,8.5,136.2,163,85,37.6,1,Medicaid,0,1,0,4.2,1
62,1,0,Emergency,3,GI,5,1,7.6,2.39,8.5,139.0,161,68,36.3,1,Medicaid,1,3,1,7.6,2
56,1,0,Emergency,0,Cardiac,3,0,5.4,0.54,2.8,146.8,128,62,36.4,0,Medicare,0,1,1,3.4,1
77,0,1,Urgent,0,Cardiac,8,4,6.4,0.89,5.5,139.8,152,79,36.7,2,Private,0,0,0,3.6,1
68,1,1,Urgent,0,Cardiac,2,0,9.0,2.0,11.8,134.6,109,73,35.3,2,Private,0,0,0,4.6,1
70,0,1,Urgent,2,Orthopedic,5,2,6.9,0.7,10.4,136.0,110,74,35.8,3,Self-Pay,0,3,0,4.5,1
73,0,0,Emergency,4,Neurological,5,1,6.9,2.9,10.2,145.3,131,92,37.3,2,Private,0,1,1,4.8,1
79,1,2,Elective,4,Neurological,1,2,7.5,0.68,6.9,137.9,133,93,36.3,1,Medicaid,1,0,0,7.7,2
72,0,2,Elective,1,Respiratory,1,1,7.8,1.84,3.7,141.0,135,102,38.8,0,Medicare,0,1,0,1.6,0
60,0,0,Emergency,4,Neurological,6,2,4.0,0.66,9.3,136.0,125,81,37.2,2,Private,0,2,1,7.0,1
80,0,0,Emergency,0,Cardiac,3,3,8.1,1.73,10.5,134.3,134,65,38.4,0,Medicare,1,1,1,7.5,2
57,0,2,Elective,0,Cardiac,1,1,8.8,0.76,15.4,133.7,119,77,35.9,0,Medicare,0,1,0,4.1,1
70,1,2,Elective,4,Neurological,3,2,6.7,1.65,6.1,139.6,115,76,36.7,0,Medicare,0,0,0,4.2,1
66,1,0,Emergency,1,Respiratory,5,3,4.0,1.19,11.3,146.4,131,93,37.4,0,Medicare,0,1,1,5.8,1
63,1,0,Emergency,3,GI,5,3,5.2,1.44,11.0,139.3,129,74,37.7,1,Medicaid,0,0,1,4.3,1
76,1,2,Elective,0,Cardiac,3,1,4.4,1.54,2.5,140.2,120,88,36.9,1,Medicaid,1,2,0,5.1,1
60,1,0,Emergency,0,Cardiac,1,2,6.6,1.76,10.1,137.2,141,87,36.8,2,Private,0,1,1,3.9,1
27,1,2,Elective,3,GI,1,2,6.7,1.2,6.0,134.9,158,94,36.9,2,Private,0,1,0,1.0,0
69,1,0,Emergency,0,Cardiac,2,6,8.5,1.21,11.0,135.4,144,67,36.0,1,Medicaid,0,2,1,4.5,1
68,1,2,Elective,0,Cardiac,6,2,9.0,1.09,11.6,133.8,135,66,36.8,0,Medicare,0,0,0,4.8,1
64,1,0,Emergency,2,Orthopedic,4,3,11.1,1.01,6.7,136.7,109,93,36.4,2,Private,0,1,1,3.8,1
73,1,0,Emergency,1,Respiratory,4,1,5.3,2.02,10.4,135.4,123,79,36.6,0,Medicare,1,3,1,8.1,2
88,1,2,Elective,4,Neurological,3,2,6.5,1.28,15.5,138.5,147,75,36.2,1,Medicaid,1,2,0,6.2,1
51,1,0,Emergency,4,Neurological,3,4,6.5,1.03,10.2,145.0,123,98,35.5,1,Medicaid,0,0,1,4.1,1
66,0,0,Emergency,3,GI,3,0,5.3,1.8,7.9,143.4,127,78,37.2,2,Private,1,3,1,4.5,1
48,1,2,Elective,1,Respiratory,1,0,7.0,1.62,9.7,137.4,136,79,38.1,2,Private,0,1,0,4.6,1
78,1,0,Emergency,2,Orthopedic,3,2,7.8,2.08,7.0,135.0,152,90,36.2,0,Medicare,0,1,1,2.4,0
73,1,0,Emergency,3,GI,4,3,10.7,0.83,6.0,140.0,117,96,36.2,0,Medicare,0,1,1,5.3,1
41,1,0,Emergency,0,Cardiac,3,3,7.6,0.67,12.5,129.6,147,98,36.5,1,Medicaid,0,3,1,5.7,1
50,0,1,Urgent,1,Respiratory,2,0,4.6,1.24,8.4,139.3,139,97,37.2,1,Medicaid,1,1,0,4.5,1
19,0,1,Urgent,4,Neurological,1,4,4.1,0.52,11.2,131.8,116,80,37.6,3,Self-Pay,1,2,0,7.2,2
36,0,2,Elective,2,Orthopedic,2,1,5.0,1.07,7.3,138.7,81,85,36.7,0,Medicare,0,0,0,1.0,0
63,1,1,Urgent,3,GI,4,2,7.7,0.89,12.2,142.2,98,84,36.0,2,Private,0,1,0,2.9,0
67,0,0,Emergency,0,Cardiac,3,2,6.6,0.86,11.0,141.2,132,67,37.7,1,Medicaid,1,0,1,7.4,2
63,1,0,Emergency,4,Neurological,1,2,4.2,0.49,15.1,143.1,138,83,36.9,2,Private,0,0,1,5.4,1
83,1,2,Elective,0,Cardiac,5,1,4.9,1.36,9.7,137.1,166,74,37.8,1,Medicaid,1,2,0,6.6,1
50,1,1,Urgent,5,Infection,3,1,8.4,1.26,8.9,138.8,138,68,37.7,2,Private,0,0,0,4.3,1
28,1,2,Elective,0,Cardiac,2,1,8.8,1.1,7.8,138.1,120,87,36.8,2,Private,1,0,0,6.4,1
65,1,2,Elective,5,Infection,4,2,4.0,1.79,10.0,140.0,84,78,37.0,0,Medicare,0,1,0,3.3,1
28,1,0,Emergency,1,Respiratory,5,4,7.0,1.24,8.9,132.7,141,69,36.5,1,Medicaid,0,0,1,4.4,1
65,1,1,Urgent,3,GI,1,0,8.0,1.25,10.5,137.7,114,82,36.5,1,Medicaid,0,1,0,1.9,0
71,1,1,Urgent,4,Neurological,4,1,5.9,1.61,6.0,138.5,139,51,37.3,0,Medicare,1,3,0,6.6,1
64,0,0,Emergency,0,Cardiac,1,1,8.4,1.27,10.1,139.2,101,96,37.6,2,Private,0,1,1,5.6,1
87,0,0,Emergency,1,Respiratory,7,1,9.7,1.05,8.9,134.7,142,70,38.0,1,Medicaid,0,0,1,4.7,1
55,1,2,Elective,5,Infection,2,0,8.4,0.99,10.1,142.8,163,88,37.1,0,Medicare,1,0,0,6.5,1
38,1,1,Urgent,1,Respiratory,3,3,7.3,0.7,2.5,138.0,142,99,37.5,2,Private,0,1,0,2.4,0
64,1,1,Urgent,3,GI,3,0,4.9,1.13,7.7,139.6,123,82,37.2,2,Private,0,3,0,5.4,1
75,0,1,Urgent,0,Cardiac,2,2,9.6,1.9,13.8,133.4,126,70,37.1,1,Medicaid,0,1,0,4.9,1
50,0,2,Elective,3,GI,3,3,4.8,1.4,7.0,135.1,158,99,38.5,0,Medicare,1,2,0,5.5,1
65,1,0,Emergency,0,Cardiac,5,3,7.5,0.94,8.1,137.0,138,83,36.9,1,Medicaid,0,2,1,7.7,2
48,0,1,Urgent,3,GI,4,2,5.4,1.67,7.3,144.6,142,94,37.6,2,Private,0,3,0,3.8,1
50,0,1,Urgent,1,Respiratory,3,4,4.7,1.4,4.7,140.8,108,86,38.0,1,Medicaid,0,0,0,4.5,1
70,0,2,Elective,2,Orthopedic,2,1,8.9,0.92,6.3,144.3,98,101,35.8,2,Private,0,3,0,2.7,0
70,1,1,Urgent,0,Cardiac,4,2,9.0,2.13,7.1,134.2,138,88,38.6,0,Medicare,0,1,0,6.5,1
74,1,2,Elective,3,GI,6,4,4.6,0.65,11.1,146.0,103,89,36.9,0,Medicare,0,1,0,3.3,1
18,1,0,Emergency,1,Respiratory,2,3,7.4,1.15,8.2,140.7,100,88,35.0,2,Private,0,1,1,2.6,0
34,1,2,Elective,1,Respiratory,4,4,6.2,0.8,12.0,142.1,97,90,37.4,1,Medicaid,0,1,0,2.9,0
50,1,2,Elective,3,GI,6,4,4.4,1.86,9.6,132.1,165,90,37.5,2,Private,0,2,0,4.4,1
98,1,1,Urgent,0,Cardiac,6,2,4.9,0.68,6.4,132.4,113,79,37.6,2,Private,1,0,0,5.6,1
73,1,0,Emergency,4,Neurological,1,3,5.8,0.77,1.5,135.4,115,76,36.2,1,Medicaid,1,1,1,6.1,1
40,0,0,Emergency,4,Neurological,4,2,7.0,3.13,15.2,139.8,143,84,38.4,0,Medicare,1,1,1,7.3,2
51,0,2,Elective,3,GI,4,2,10.1,1.2,11.0,141.1,120,82,38.4,1,Medicaid,0,1,0,4.6,1
72,1,1,Urgent,0,Cardiac,2,3,8.4,1.62,6.6,138.4,101,42,36.6,2,Private,0,1,0,4.2,1
81,0,0,Emergency,3,GI,3,0,7.0,1.17,13.6,134.2,174,105,37.2,0,Medicare,1,1,1,4.9,1
62,1,1,Urgent,0,Cardiac,2,2,6.3,1.0,9.3,142.7,146,75,36.4,1,Medicaid,1,0,0,7.0,1
78,1,1,Urgent,4,Neurological,1,3,4.0,1.59,8.6,139.9,141,77,38.2,2,Private,0,1,0,4.0,1
75,1,0,Emergency,1,Respiratory,1,1,5.4,1.15,16.2,133.4,113,67,37.8,2,Private,1,2,1,7.5,2
76,1,0,Emergency,0,Cardiac,2,0,8.6,0.87,10.9,131.2,137,64,36.9,2,Private,0,0,1,2.9,0
53,0,0,Emergency,0,Cardiac,1,3,8.2,1.71,14.1,135.9,110,85,37.8,0,Medicare,0,2,1,4.8,1
89,0,0,Emergency,5,Infection,1,4,4.2,1.92,14.0,134.5,117,51,36.2,2,Private,0,0,1,6.9,1
62,1,0,Emergency,4,Neurological,1,1,6.0,1.62,7.6,138.3,133,105,38.2,1,Medicaid,0,0,1,5.1,1
77,0,2,Elective,1,Respiratory,1,1,4.1,1.64,6.7,139.3,112,83,37.1,2,Private,0,0,0,2.0,0
73,0,0,Emergency,5,Infection,3,0,7.8,1.32,12.4,136.4,154,97,36.5,2,Private,0,1,1,6.3,1
58,1,0,Emergency,0,Cardiac,1,4,7.2,1.64,12.0,140.0,140,90,36.6,1,Medicaid,0,0,1,3.7,1
61,1,1,Urgent,4,Neurological,4,2,4.0,0.8,9.8,138.0,137,107,36.8,1,Medicaid,0,0,0,4.6,1
81,1,2,Elective,3,GI,2,0,7.6,1.4,10.7,133.1,102,87,37.8,0,Medicare,0,1,0,2.8,0
39,1,0,Emergency,4,Neurological,5,4,8.1,1.21,8.0,136.4,141,84,37.5,3,Self-Pay,0,0,1,4.0,1
41,0,2,Elective,1,Respiratory,2,1,7.9,0.86,7.0,138.4,118,109,36.7,0,Medicare,1,1,0,4.8,1
76,1,0,Emergency,2,Orthopedic,4,3,6.1,2.64,6.5,133.9,136,83,36.9,2,Private,0,2,1,5.4,1
88,0,0,Emergency,3,GI,3,0,7.6,1.33,13.8,139.2,119,58,38.9,0,Medicare,0,2,1,6.3,1
37,1,1,Urgent,1,Respiratory,3,3,8.2,0.79,17.6,147.8,109,92,36.0,2,Private,0,0,0,4.8,1
27,0,1,Urgent,0,Cardiac,4,2,4.0,1.11,7.9,144.0,148,66,38.5,1,Medicaid,0,1,0,3.7,1
58,1,2,Elective,4,Neurological,1,5,7.6,1.33,10.6,140.8,111,64,36.8,1,Medicaid,0,0,0,6.6,1
75,1,2,Elective,3,GI,1,3,4.0,1.94,9.3,143.9,120,84,38.4,0,Medicare,0,2,0,2.7,0
73,1,0,Emergency,2,Orthopedic,1,2,5.6,1.54,10.8,140.1,87,90,36.7,1,Medicaid,0,1,1,5.2,1
38,1,1,Urgent,1,Respiratory,3,3,6.1,1.35,6.9,139.5,156,68,36.8,0,Medicare,0,2,0,5.1,1
76,0,1,Urgent,1,Respiratory,4,2,7.5,1.44,8.9,138.3,127,72,37.6,2,Private,0,0,0,4.1,1
62,0,2,Elective,4,Neurological,3,6,6.3,1.12,5.9,142.5,147,94,37.2,1,Medicaid,0,1,0,4.5,1
52,1,0,Emergency,4,Neurological,1,3,7.8,1.15,8.8,140.9,127,88,37.5,2,Private,1,0,1,6.9,1
65,1,0,Emergency,4,Neurological,1,2,5.6,2.06,10.1,133.2,91,66,38.0,1,Medicaid,0,1,1,7.3,2
69,1,1,Urgent,4,Neurological,3,1,7.7,3.08,15.3,135.3,152,78,36.9,0,Medicare,1,2,0,9.6,2
67,0,2,Elective,4,Neurological,3,0,7.4,2.71,7.1,145.6,131,91,37.0,1,Medicaid,0,2,0,3.6,1
53,1,0,Emergency,1,Respiratory,2,4,6.9,0.71,10.7,137.6,112,60,37.4,0,Medicare,0,2,1,2.4,0
52,0,0,Emergency,0,Cardiac,4,4,5.9,0.84,15.9,139.1,169,69,36.6,2,Private,0,2,1,6.6,1
86,1,0,Emergency,4,Neurological,1,2,6.1,0.98,9.0,135.5,116,85,38.1,0,Medicare,0,1,1,5.2,1
70,0,2,Elective,0,Cardiac,1,1,6.4,1.4,1.5,142.8,111,71,37.5,2,Private,0,2,0,4.0,1
78,1,0,Emergency,5,Infection,4,2,5.2,0.65,3.5,140.0,80,105,37.0,0,Medicare,0,0,1,7.3,2
50,0,0,Emergency,5,Infection,4,2,6.4,0.91,9.9,137.9,133,60,36.9,2,Private,1,0,1,7.9,2
35,1,1,Urgent,2,Orthopedic,3,0,7.0,1.42,7.9,140.2,130,74,37.0,0,Medicare,0,0,0,2.4,0
71,0,0,Emergency,1,Respiratory,3,4,6.6,0.79,7.2,137.1,126,82,38.3,1,Medicaid,0,1,1,5.5,1
35,0,0,Emergency,2,Orthopedic,2,1,4.6,1.42,16.4,136.4,168,92,36.3,0,Medicare,0,0,1,4.0,1
72,1,0,Emergency,4,Neurological,3,1,6.0,1.8,10.0,133.2,117,84,36.8,2,Private,0,0,1,7.0,1
51,0,0,Emergency,4,Neurological,4,5,6.6,1.92,10.7,140.1,146,66,37.1,2,Private,0,1,1,5.1,1
86,1,0,Emergency,0,Cardiac,6,2,5.7,1.39,11.1,142.9,102,65,37.9,3,Self-Pay,0,0,1,6.3,1
61,0,0,Emergency,4,Neurological,2,3,6.9,1.72,7.0,139.7,145,50,38.6,1,Medicaid,0,1,1,5.5,1
80,1,0,Emergency,3,GI,5,2,5.6,0.69,10.7,135.6,97,95,38.2,2,Private,0,1,1,4.2,1
76,0,2,Elective,0,Cardiac,6,1,6.8,1.53,6.1,138.2,128,89,38.6,0,Medicare,0,4,0,2.7,0
25,0,0,Emergency,1,Respiratory,1,3,7.7,2.66,9.0,145.1,133,85,35.0,1,Medicaid,1,2,1,7.2,2
81,1,1,Urgent,2,Orthopedic,1,1,5.9,0.58,7.6,140.6,104,86,36.7,0,Medicare,0,2,0,3.9,1
72,0,0,Emergency,0,Cardiac,2,0,7.2,1.76,4.6,130.6,124,99,37.4,2,Private,0,1,1,5.5,1
35,0,0,Emergency,0,Cardiac,4,2,8.6,1.43,8.1,136.2,112,92,36.7,1,Medicaid,0,1,1,4.0,1
84,1,2,Elective,0,Cardiac,1,3,6.2,2.15,8.2,130.9,133,91,37.0,2,Private,0,1,0,4.7,1
52,1,0,Emergency,5,Infection,7,0,7.6,0.7,6.7,143.7,138,98,36.9,0,Medicare,0,0,1,4.6,1
80,0,0,Emergency,0,Cardiac,2,1,5.5,0.78,8.9,138.0,136,88,37.4,1,Medicaid,0,1,1,3.7,1
70,1,2,Elective,1,Respiratory,6,3,7.0,2.2,4.1,140.8,113,84,37.6,0,Medicare,0,1,0,3.7,1
68,1,1,Urgent,0,Cardiac,4,0,5.9,0.53,1.5,139.1,141,71,35.9,2,Private,0,0,0,4.8,1
32,0,2,Elective,4,Neurological,5,3,4.0,0.53,1.5,135.5,115,53,36.8,1,Medicaid,1,1,0,5.5,1
50,1,1,Urgent,3,GI,3,0,9.1,1.8,8.5,143.8,120,69,36.7,2,Private,0,2,0,2.7,0
85,1,0,Emergency,4,Neurological,1,1,5.9,0.41,10.7,133.6,173,92,37.5,2,Private,0,2,1,5.0,1
65,0,2,Elective,3,GI,2,2,7.4,1.39,9.8,131.4,123,75,37.6,0,Medicare,0,1,0,4.3,1
54,0,2,Elective,3,GI,6,3,6.1,0.5,13.0,141.5,96,77,36.6,2,Private,0,3,0,2.9,0
63,0,0,Emergency,2,Orthopedic,5,3,4.6,1.33,10.6,141.8,161,93,37.0,1,Medicaid,0,1,1,4.5,1
88,1,2,Elective,3,GI,3,0,8.8,1.09,7.7,139.0,126,55,36.7,2,Private,0,2,0,2.1,0
74,0,0,Emergency,0,Cardiac,3,0,7.7,2.88,6.9,141.8,99,93,37.5,0,Medicare,0,0,1,6.9,1
69,1,1,Urgent,3,GI,1,2,5.0,0.67,13.5,134.2,80,94,36.3,2,Private,1,2,0,5.6,1
60,1,0,Emergency,0,Cardiac,3,4,8.0,1.0,16.9,135.1,108,81,38.2,0,Medicare,0,2,1,4.7,1
64,0,1,Urgent,5,Infection,5,2,9.4,1.34,9.9,136.6,138,81,38.1,1,Medicaid,0,2,0,7.0,1
46,1,0,Emergency,2,Orthopedic,1,2,7.0,0.59,11.3,132.2,140,79,36.5,0,Medicare,0,1,1,3.1,1
23,1,1,Urgent,2,Orthopedic,3,3,8.2,0.77,4.7,143.7,106,92,36.4,0,Medicare,1,1,0,7.1,2
58,0,0,Emergency,3,GI,2,2,8.9,2.22,3.4,138.0,151,70,37.3,2,Private,0,3,1,6.9,1
50,1,1,Urgent,4,Neurological,3,3,5.1,1.13,13.9,133.8,131,77,36.9,2,Private,0,4,0,4.4,1
64,1,1,Urgent,2,Orthopedic,2,1,7.6,0.78,3.5,131.7,122,100,36.5,2,Private,0,1,0,3.1,1
50,0,2,Elective,2,Orthopedic,4,3,4.0,1.32,11.8,135.6,110,75,36.6,0,Medicare,1,0,0,5.4,1
74,0,0,Emergency,1,Respiratory,1,1,6.4,0.98,15.7,139.1,131,88,36.3,0,Medicare,0,2,1,5.4,1
60,0,2,Elective,0,Cardiac,1,7,5.6,1.01,14.7,134.2,103,83,36.6,0,Medicare,0,2,0,4.6,1
38,0,0,Emergency,0,Cardiac,4,0,5.7,2.3,8.3,138.9,131,78,36.1,1,Medicaid,1,1,1,7.7,2
30,0,2,Elective,0,Cardiac,1,2,5.0,1.34,7.6,136.9,118,92,36.6,1,Medicaid,0,2,0,2.4,0
51,1,1,Urgent,5,Infection,8,5,4.9,1.82,9.7,140.6,170,88,35.7,2,Private,1,1,0,7.8,2
77,1,2,Elective,4,Neurological,1,2,4.5,1.34,5.2,132.4,110,89,37.5,0,Medicare,0,1,0,3.1,1
91,0,1,Urgent,0,Cardiac,3,1,4.0,0.87,8.6,131.5,123,104,38.0,3,Self-Pay,1,0,0,9.4,2
43,0,1,Urgent,0,Cardiac,2,2,5.8,1.18,12.7,141.7,127,40,36.7,1,Medicaid,0,0,0,3.4,1
64,0,0,Emergency,2,Orthopedic,4,2,4.0,2.08,16.9,135.2,158,84,36.6,0,Medicare,0,0,1,6.0,1
53,0,2,Elective,2,Orthopedic,5,0,5.2,0.77,13.1,147.6,120,88,38.6,2,Private,0,3,0,1.8,0
71,0,2,Elective,4,Neurological,3,0,4.8,1.05,13.0,133.4,88,62,38.6,0,Medicare,1,4,0,8.5,2
46,0,0,Emergency,2,Orthopedic,6,0,4.0,1.23,14.1,142.9,141,57,36.8,0,Medicare,0,0,1,2.3,0
31,1,0,Emergency,5,Infection,2,0,7.0,0.65,1.5,143.9,84,56,38.3,1,Medicaid,0,1,1,4.4,1
73,0,2,Elective,0,Cardiac,2,5,6.7,1.64,9.4,135.6,157,136,37.1,1,Medicaid,1,1,0,6.6,1
73,1,2,Elective,1,Respiratory,5,2,6.9,1.4,3.7,140.4,141,50,37.7,0,Medicare,1,2,0,7.0,1
50,0,0,Emergency,5,Infection,1,2,6.6,0.58,5.2,137.3,103,55,37.1,0,Medicare,1,2,1,9.6,2
30,0,2,Elective,0,Cardiac,2,1,7.6,0.92,8.4,142.0,130,79,35.0,2,Private,0,1,0,4.9,1
93,1,0,Emergency,1,Respiratory,6,2,6.1,0.61,14.3,135.5,140,102,38.2,2,Private,0,1,1,3.0,0
73,0,2,Elective,1,Respiratory,1,0,9.3,1.1,7.9,139.7,107,93,37.8,2,Private,0,1,0,1.2,0
50,1,1,Urgent,2,Orthopedic,6,3,4.1,1.02,7.0,135.6,158,80,37.5,2,Private,0,1,0,5.7,1
67,0,0,Emergency,1,Respiratory,3,3,4.0,0.93,8.6,146.6,159,94,35.8,2,Private,0,1,1,4.1,1
26,1,0,Emergency,5,Infection,3,0,4.0,0.91,8.8,141.8,114,94,37.1,1,Medicaid,0,0,1,4.3,1
34,1,1,Urgent,5,Infection,1,0,4.0,0.78,3.6,137.4,136,81,37.5,2,Private,1,1,0,5.9,1
57,0,1,Urgent,4,Neurological,1,1,5.7,1.09,13.3,143.0,140,62,37.3,0,Medicare,0,0,0,3.5,1
32,0,2,Elective,1,Respiratory,1,1,6.0,1.51,8.4,135.9,88,108,37.6,2,Private,0,2,0,3.9,1
57,1,2,Elective,5,Infection,3,3,8.2,1.44,6.1,139.1,108,91,36.4,1,Medicaid,0,0,0,5.0,1
79,0,1,Urgent,4,Neurological,1,1,6.0,0.96,12.1,138.0,130,84,37.4,3,Self-Pay,0,1,0,4.6,1
32,1,2,Elective,1,Respiratory,2,4,9.3,0.52,5.6,139.9,114,83,37.4,2,Private,1,2,0,4.1,1
37,0,1,Urgent,0,Cardiac,1,1,7.0,1.27,11.5,139.6,143,101,37.2,3,Self-Pay,1,0,0,6.2,1
50,0,2,Elective,3,GI,5,2,7.4,1.13,9.1,134.3,111,99,36.1,2,Private,0,4,0,2.1,0
64,0,2,Elective,4,Neurological,5,0,8.1,0.94,3.7,142.3,116,47,37.0,2,Private,0,1,0,4.1,1
32,1,2,Elective,0,Cardiac,9,2,5.8,1.61,11.0,134.9,134,50,38.5,1,Medicaid,0,2,0,6.8,1
71,0,0,Emergency,2,Orthopedic,1,2,9.5,1.9,3.7,140.7,141,94,38.6,3,Self-Pay,1,0,1,5.6,1
76,0,1,Urgent,5,Infection,1,4,7.2,2.3,8.5,142.1,92,91,36.6,0,Medicare,1,2,0,8.9,2
55,1,1,Urgent,1,Respiratory,1,3,9.5,2.64,3.9,144.4,127,62,37.1,3,Self-Pay,0,1,0,2.6,0
90,0,1,Urgent,1,Respiratory,1,1,8.4,1.09,11.7,143.7,151,75,38.1,0,Medicare,0,1,0,3.2,1
22,0,1,Urgent,5,Infection,3,1,7.5,3.02,6.0,133.0,144,93,37.4,2,Private,0,2,0,7.4,2
82,0,2,Elective,0,Cardiac,1,0,5.9,0.96,9.0,143.9,134,77,37.0,1,Medicaid,0,0,0,3.7,1
55,1,0,Emergency,5,Infection,1,3,6.4,1.2,12.0,139.8,135,99,37.5,2,Private,0,1,1,5.0,1
60,1,1,Urgent,4,Neurological,3,1,7.1,2.52,4.6,134.0,116,41,36.8,1,Medicaid,0,1,0,7.3,2
85,0,0,Emergency,1,Respiratory,2,1,4.4,0.77,5.8,133.1,128,87,36.9,1,Medicaid,1,2,1,5.5,1
82,0,0,Emergency,0,Cardiac,3,1,4.0,1.49,4.7,129.8,131,87,38.5,2,Private,0,2,1,4.0,1
67,1,1,Urgent,0,Cardiac,3,1,5.8,1.98,5.1,129.4,157,88,37.0,1,Medicaid,0,4,0,3.6,1
71,1,0,Emergency,1,Respiratory,5,0,5.9,0.98,13.1,133.5,140,90,38.3,0,Medicare,0,1,1,3.5,1
70,0,0,Emergency,3,GI,3,0,7.4,1.06,9.3,129.7,137,94,38.0,1,Medicaid,0,0,1,4.0,1
50,0,1,Urgent,2,Orthopedic,4,4,8.9,2.16,7.5,137.8,112,90,37.7,1,Medicaid,1,0,0,6.2,1
79,0,0,Emergency,4,Neurological,1,1,6.5,1.12,5.1,135.1,129,84,35.6,0,Medicare,1,2,1,8.3,2
61,1,0,Emergency,3,GI,3,2,4.3,1.0,7.4,141.0,116,68,36.9,3,Self-Pay,1,2,1,5.2,1
74,1,2,Elective,3,GI,4,2,6.5,0.71,7.6,143.9,121,59,36.9,0,Medicare,1,1,0,5.0,1
57,0,2,Elective,5,Infection,2,2,6.8,0.89,6.0,136.9,140,98,38.0,1,Medicaid,0,1,0,3.8,1
65,0,0,Emergency,4,Neurological,3,1,6.1,0.97,10.3,131.3,140,80,37.4,0,Medicare,0,1,1,3.7,1
50,0,0,Emergency,5,Infection,3,1,4.9,0.82,5.8,134.8,121,69,36.9,0,Medicare,0,2,1,6.8,1
98,0,2,Elective,1,Respiratory,2,1,10.1,2.36,4.0,136.9,123,66,37.8,2,Private,1,0,0,7.1,2
89,0,0,Emergency,3,GI,4,4,7.9,0.88,4.6,145.6,120,80,36.3,2,Private,0,2,1,4.3,1
45,1,1,Urgent,3,GI,6,2,7.6,2.58,7.3,130.6,126,83,35.3,2,Private,0,0,0,4.1,1
40,0,1,Urgent,5,Infection,2,5,4.0,2.73,13.7,141.5,129,84,36.7,2,Private,0,1,0,5.4,1
37,1,2,Elective,2,Orthopedic,2,3,4.3,1.92,14.1,143.8,122,67,37.1,0,Medicare,0,1,0,4.4,1
33,0,2,Elective,1,Respiratory,3,3,4.0,1.0,3.8,142.7,129,80,38.9,0,Medicare,0,1,0,4.2,1
81,1,0,Emergency,1,Respiratory,2,1,6.0,0.91,5.7,132.9,155,69,36.7,2,Private,0,2,1,3.4,1
78,1,0,Emergency,0,Cardiac,5,2,8.6,1.54,1.5,137.1,117,85,37.7,3,Self-Pay,0,0,1,6.0,1
79,0,1,Urgent,0,Cardiac,3,2,6.1,1.18,8.3,134.3,140,91,36.8,1,Medicaid,1,1,0,8.2,2
88,1,2,Elective,2,Orthopedic,3,3,5.9,1.27,6.5,133.1,146,111,36.3,0,Medicare,1,4,0,5.3,1
34,0,2,Elective,5,Infection,4,3,4.0,2.06,9.9,141.0,141,62,38.0,1,Medicaid,0,0,0,6.2,1
76,1,1,Urgent,0,Cardiac,6,1,7.0,0.66,5.8,137.8,111,83,36.9,0,Medicare,0,0,0,4.5,1
59,1,2,Elective,1,Respiratory,2,0,5.6,1.13,12.2,137.1,143,56,37.3,3,Self-Pay,1,1,0,6.8,1
50,0,0,Emergency,4,Neurological,4,2,8.5,1.14,10.4,132.5,137,56,37.5,1,Medicaid,0,0,1,2.9,0
74,1,0,Emergency,1,Respiratory,3,3,5.1,1.23,8.3,133.6,152,77,39.4,2,Private,0,1,1,3.4,1
65,1,0,Emergency,5,Infection,5,0,6.2,1.75,6.0,134.4,143,69,37.5,1,Medicaid,0,1,1,6.6,1
89,1,0,Emergency,1,Respiratory,2,0,5.4,3.42,16.7,136.6,126,76,38.1,2,Private,0,3,1,8.7,2
79,1,1,Urgent,2,Orthopedic,1,2,5.9,1.06,9.0,146.4,149,65,36.6,2,Private,1,0,0,4.8,1
33,0,2,Elective,0,Cardiac,4,2,7.8,1.58,7.9,131.9,103,70,36.9,2,Private,1,1,0,5.7,1
71,1,1,Urgent,5,Infection,6,0,4.4,0.76,9.8,144.3,118,107,37.4,0,Medicare,1,2,0,8.7,2
70,1,1,Urgent,5,Infection,1,0,6.2,1.22,2.1,140.1,134,79,36.2,2,Private,0,2,0,3.6,1
72,1,0,Emergency,4,Neurological,2,2,6.4,2.2,6.6,134.7,94,87,36.4,1,Medicaid,1,0,1,6.3,1
50,1,1,Urgent,0,Cardiac,3,4,7.6,1.32,11.4,141.8,134,84,37.3,0,Medicare,0,2,0,5.1,1
62,0,1,Urgent,5,Infection,1,3,5.8,2.62,11.9,129.5,121,66,37.3,3,Self-Pay,1,0,0,7.6,2
44,0,1,Urgent,5,Infection,1,2,8.4,0.88,10.8,131.1,119,95,37.0,0,Medicare,0,0,0,5.6,1
67,1,0,Emergency,2,Orthopedic,1,2,4.0,1.28,1.5,133.2,106,103,38.2,3,Self-Pay,0,4,1,3.7,1
72,1,1,Urgent,3,GI,3,2,7.3,0.63,8.3,138.2,131,96,36.7,0,Medicare,0,4,0,3.2,1
71,0,0,Emergency,5,Infection,3,1,6.5,1.9,5.9,139.3,125,71,37.4,2,Private,0,2,1,6.2,1
84,1,1,Urgent,2,Orthopedic,2,2,8.2,0.71,10.6,137.2,117,87,38.5,0,Medicare,0,0,0,2.4,0
71,1,0,Emergency,0,Cardiac,2,3,4.6,1.22,9.5,139.0,150,74,37.3,0,Medicare,0,2,1,6.5,1
50,1,0,Emergency,5,Infection,2,1,9.5,2.83,11.8,134.0,147,73,36.5,0,Medicare,1,0,1,7.3,2
33,1,0,Emergency,2,Orthopedic,1,0,9.0,1.51,7.7,149.8,125,79,36.2,0,Medicare,1,3,1,4.6,1
64,1,1,Urgent,5,Infection,2,4,5.7,0.81,9.3,137.2,142,99,36.6,1,Medicaid,0,1,0,7.5,2
72,1,1,Urgent,3,GI,3,1,7.3,0.44,14.0,128.2,103,101,37.7,2,Private,1,1,0,7.8,2
50,1,2,Elective,0,Cardiac,2,0,4.5,0.71,14.4,141.0,118,83,36.8,3,Self-Pay,0,1,0,3.5,1
70,0,1,Urgent,2,Orthopedic,4,1,7.6,1.44,12.5,135.4,80,77,36.6,2,Private,0,0,0,3.4,1
32,0,0,Emergency,3,GI,2,3,5.0,1.7,2.8,134.3,132,115,37.8,0,Medicare,0,1,1,2.1,0
41,0,2,Elective,0,Cardiac,1,1,7.1,1.13,7.4,139.0,112,67,37.0,2,Private,0,2,0,3.7,1
64,0,1,Urgent,2,Orthopedic,4,1,4.7,0.67,13.6,140.8,125,102,37.9,0,Medicare,1,2,0,6.5,1
50,0,0,Emergency,0,Cardiac,1,2,8.6,1.01,8.9,137.9,151,98,37.7,1,Medicaid,1,2,1,5.2,1
50,1,1,Urgent,3,GI,3,2,7.5,1.03,6.6,140.6,112,75,37.0,0,Medicare,0,2,0,3.6,1
84,1,0,Emergency,5,Infection,2,1,10.1,1.96,9.5,135.6,151,89,37.9,2,Private,0,0,1,5.9,1
68,0,0,Emergency,3,GI,5,2,6.8,1.73,6.8,143.7,110,87,36.7,0,Medicare,1,2,1,6.4,1
67,1,2,Elective,3,GI,3,4,4.0,1.33,9.5,139.9,132,67,37.9,3,Self-Pay,1,2,0,4.4,1
46,1,2,Elective,1,Respiratory,6,3,7.0,1.87,9.6,133.0,126,83,37.2,0,Medicare,0,1,0,4.1,1
50,0,2,Elective,3,GI,3,1,11.1,1.38,7.0,140.8,145,89,37.6,2,Private,0,1,0,4.6,1
29,1,0,Emergency,2,Orthopedic,4,2,6.1,1.89,9.7,137.9,127,84,37.5,2,Private,0,0,1,4.8,1
50,0,2,Elective,4,Neurological,5,1,7.4,1.47,7.4,134.4,107,63,37.5,2,Private,0,0,0,5.4,1
69,1,1,Urgent,4,Neurological,4,1,7.6,1.38,7.2,132.5,161,54,37.3,2,Private,0,1,0,4.0,1
62,0,2,Elective,3,GI,4,3,4.2,1.14,10.1,130.9,166,68,37.7,3,Self-Pay,0,2,0,3.6,1
68,1,1,Urgent,5,Infection,6,4,7.0,2.77,11.1,143.8,104,84,36.8,2,Private,0,3,0,8.3,2
50,1,1,Urgent,4,Neurological,4,3,7.8,1.42,9.2,139.7,143,79,37.0,2,Private,1,1,0,8.3,2
70,0,0,Emergency,0,Cardiac,2,1,7.8,0.99,5.2,137.3,125,71,36.8,2,Private,0,0,1,6.1,1
63,1,1,Urgent,2,Orthopedic,2,3,5.8,0.65,5.7,145.1,113,95,36.4,0,Medicare,0,0,0,2.9,0
74,0,1,Urgent,5,Infection,4,0,4.8,2.08,13.5,147.8,102,48,36.7,0,Medicare,1,1,0,9.3,2
83,1,0,Emergency,5,Infection,4,2,5.2,1.09,8.2,141.8,146,97,37.0,0,Medicare,0,2,1,6.9,1
50,1,1,Urgent,1,Respiratory,1,3,6.1,1.29,6.6,139.9,144,84,37.4,0,Medicare,1,1,0,6.2,1
48,1,1,Urgent,4,Neurological,3,2,6.7,2.3,15.9,139.3,142,107,37.9,3,Self-Pay,1,2,0,7.7,2
51,0,1,Urgent,2,Orthopedic,3,3,4.1,1.47,13.6,142.5,142,79,36.2,0,Medicare,0,0,0,5.1,1
65,0,0,Emergency,0,Cardiac,3,1,8.4,1.47,12.8,138.3,99,76,35.8,1,Medicaid,1,3,1,8.9,2
63,1,0,Emergency,5,Infection,2,0,8.1,1.43,9.0,129.9,127,70,37.9,2,Private,0,1,1,7.3,2
84,0,0,Emergency,5,Infection,3,3,11.0,1.25,8.2,136.4,117,101,36.9,0,Medicare,1,0,1,8.3,2
57,1,2,Elective,2,Orthopedic,2,2,7.0,0.98,8.2,136.3,144,83,35.0,2,Private,0,0,0,3.8,1
61,1,0,Emergency,0,Cardiac,5,3,6.2,1.44,7.9,135.4,112,82,36.3,0,Medicare,0,2,1,5.7,1
30,1,0,Emergency,4,Neurological,3,2,4.0,0.79,10.6,140.3,169,78,36.5,0,Medicare,0,1,1,4.7,1
50,0,2,Elective,2,Orthopedic,4,2,4.0,0.99,12.0,127.8,135,104,36.5,3,Self-Pay,1,1,0,5.7,1
59,1,0,Emergency,0,Cardiac,1,3,4.6,0.51,1.5,129.8,156,86,37.3,2,Private,0,1,1,4.2,1
50,1,1,Urgent,0,Cardiac,4,2,4.2,0.78,5.8,138.7,102,74,36.6,0,Medicare,0,2,0,4.7,1
61,1,2,Elective,0,Cardiac,3,3,5.6,1.54,6.8,138.5,118,109,38.2,2,Private,0,3,0,5.9,1
79,1,1,Urgent,3,GI,1,0,5.1,1.51,3.1,138.3,86,65,38.3,0,Medicare,0,1,0,2.6,0
50,0,2,Elective,1,Respiratory,4,2,8.5,1.59,9.7,136.2,115,95,37.5,0,Medicare,1,0,0,6.1,1
74,0,2,Elective,0,Cardiac,2,4,7.5,0.4,4.8,139.3,150,78,35.8,2,Private,0,0,0,2.9,0
54,0,2,Elective,5,Infection,5,2,7.7,1.21,13.1,136.4,134,95,37.5,0,Medicare,0,0,0,5.7,1
50,1,1,Urgent,5,Infection,4,3,4.0,1.87,8.5,141.0,159,80,35.5,1,Medicaid,0,1,0,5.2,1
29,0,0,Emergency,0,Cardiac,1,2,6.6,1.61,9.4,126.1,152,105,36.4,0,Medicare,0,0,1,1.3,0
84,1,1,Urgent,1,Respiratory,2,2,4.0,1.12,11.8,137.9,156,69,37.9,1,Medicaid,1,1,0,4.5,1
51,1,2,Elective,3,GI,3,4,7.6,1.56,10.1,138.6,116,85,37.6,1,Medicaid,0,2,0,1.7,0
64,1,2,Elective,0,Cardiac,2,1,5.2,0.74,9.4,131.4,97,68,38.1,0,Medicare,0,1,0,2.0,0
76,0,2,Elective,0,Cardiac,5,1,4.1,1.81,7.7,129.2,111,99,37.4,1,Medicaid,0,1,0,7.5,2
59,1,1,Urgent,1,Respiratory,2,2,5.7,1.04,8.3,137.7,93,65,36.6,0,Medicare,0,1,0,1.9,0
50,1,1,Urgent,5,Infection,3,1,5.3,0.8,6.5,133.0,109,84,38.1,0,Medicare,0,1,0,6.2,1
82,0,0,Emergency,5,Infection,1,4,7.8,1.14,12.2,134.5,90,84,38.1,0,Medicare,0,0,1,4.9,1
71,0,0,Emergency,4,Neurological,3,0,5.5,0.87,10.8,140.3,119,71,38.3,3,Self-Pay,0,1,1,3.0,0
68,1,2,Elective,3,GI,2,1,6.5,0.68,16.2,139.4,144,92,37.7,2,Private,0,0,0,4.4,1
30,0,0,Emergency,4,Neurological,4,4,4.9,1.05,10.8,141.6,177,58,36.1,0,Medicare,0,3,1,7.2,2
51,0,0,Emergency,2,Orthopedic,3,2,5.5,1.32,9.6,147.3,130,82,36.8,2,Private,0,0,1,3.9,1
83,0,2,Elective,2,Orthopedic,3,6,4.7,1.66,10.0,140.0,147,86,37.3,3,Self-Pay,0,1,0,5.3,1
78,0,0,Emergency,3,GI,3,1,5.8,1.43,6.6,144.2,167,90,38.0,0,Medicare,1,3,1,6.5,1
50,1,2,Elective,4,Neurological,5,1,7.4,3.42,13.2,135.5,147,67,37.0,2,Private,0,0,0,5.6,1
71,1,0,Emergency,0,Cardiac,3,3,7.1,1.31,8.4,130.8,136,109,36.0,3,Self-Pay,0,0,1,4.7,1
80,1,2,Elective,1,Respiratory,1,1,8.9,2.36,1.7,131.7,112,100,37.0,0,Medicare,0,1,0,4.3,1
66,1,1,Urgent,5,Infection,6,1,4.1,1.29,4.2,131.0,123,98,37.4,3,Self-Pay,0,1,0,5.0,1
66,1,0,Emergency,1,Respiratory,2,5,6.3,1.59,8.4,140.9,152,46,37.0,0,Medicare,0,0,1,3.7,1
77,1,1,Urgent,1,Respiratory,1,1,5.5,1.18,3.7,147.5,134,81,37.4,1,Medicaid,1,2,0,4.4,1
90,0,2,Elective,2,Orthopedic,3,3,6.7,1.39,5.6,135.3,117,98,37.6,3,Self-Pay,0,1,0,1.8,0
87,1,0,Emergency,1,Respiratory,3,0,6.7,1.51,11.8,128.6,100,90,37.4,2,Private,0,2,1,6.3,1
50,0,1,Urgent,0,Cardiac,4,3,4.9,1.83,12.0,137.8,127,102,36.8,1,Medicaid,0,3,0,5.4,1
77,0,2,Elective,0,Cardiac,1,3,7.0,0.55,11.2,136.8,112,88,37.2,1,Medicaid,0,2,0,3.5,1
58,0,0,Emergency,3,GI,2,3,6.2,1.03,11.7,133.4,151,82,36.7,0,Medicare,0,2,1,5.7,1
54,0,2,Elective,1,Respiratory,1,3,8.9,0.75,11.3,141.3,102,73,36.9,0,Medicare,0,1,0,3.7,1
90,0,0,Emergency,3,GI,1,1,4.0,0.46,11.6,135.4,159,82,37.7,2,Private,1,3,1,6.4,1
59,0,0,Emergency,0,Cardiac,1,2,5.4,1.49,10.3,138.9,111,75,37.8,0,Medicare,0,3,1,5.6,1
50,1,0,Emergency,0,Cardiac,3,2,8.8,1.03,11.0,139.8,139,86,36.9,0,Medicare,1,1,1,8.1,2
35,0,0,Emergency,5,Infection,1,2,6.9,0.89,14.7,138.1,115,75,36.5,0,Medicare,1,0,1,8.8,2
76,1,0,Emergency,4,Neurological,1,2,4.8,1.26,8.2,136.5,120,60,37.1,0,Medicare,1,2,1,9.2,2
44,1,0,Emergency,3,GI,1,1,6.4,1.6,17.0,137.9,80,68,36.2,1,Medicaid,1,0,1,5.9,1
90,1,0,Emergency,0,Cardiac,3,4,4.0,1.5,7.7,134.6,142,75,38.5,2,Private,1,1,1,7.6,2
72,0,1,Urgent,1,Respiratory,3,3,7.6,0.89,7.3,138.7,112,71,37.3,1,Medicaid,0,1,0,4.9,1
80,1,1,Urgent,4,Neurological,3,3,4.9,1.23,10.1,139.8,140,104,36.6,0,Medicare,0,1,0,4.8,1
54,0,1,Urgent,0,Cardiac,3,1,6.6,1.73,7.6,132.7,122,76,37.2,2,Private,1,1,0,5.5,1
30,1,0,Emergency,4,Neurological,3,1,6.8,0.48,1.5,134.3,122,52,37.5,1,Medicaid,0,1,1,5.9,1
72,1,2,Elective,3,GI,2,1,6.0,0.76,5.9,136.9,80,92,36.4,0,Medicare,0,2,0,2.9,0
81,0,0,Emergency,4,Neurological,5,1,4.0,1.12,6.9,135.4,174,51,36.9,0,Medicare,0,0,1,4.6,1
59,0,0,Emergency,3,GI,3,2,5.9,0.59,7.6,133.8,111,88,37.4,0,Medicare,0,1,1,3.9,1
76,0,1,Urgent,2,Orthopedic,3,1,4.0,0.73,2.8,138.1,158,95,37.5,2,Private,0,1,0,3.6,1
26,1,1,Urgent,1,Respiratory,1,1,9.3,2.08,6.5,140.1,166,63,37.0,0,Medicare,1,3,0,5.3,1
82,1,0,Emergency,3,GI,4,3,5.9,1.28,6.8,128.1,117,78,36.3,0,Medicare,0,1,1,3.8,1
39,1,0,Emergency,4,Neurological,6,3,4.9,1.15,6.4,139.0,112,95,36.2,2,Private,0,0,1,5.5,1
66,0,2,Elective,0,Cardiac,2,1,4.0,0.75,7.7,142.1,129,102,36.3,2,Private,0,2,0,6.0,1
69,0,1,Urgent,1,Respiratory,7,2,7.6,0.96,11.9,132.8,128,90,38.3,0,Medicare,0,1,0,5.7,1
65,0,0,Emergency,1,Respiratory,1,2,7.3,0.63,12.2,143.0,97,93,37.4,2,Private,0,1,1,4.6,1
73,1,2,Elective,3,GI,1,3,6.2,1.02,9.9,140.4,105,66,37.4,3,Self-Pay,0,2,0,2.0,0
79,0,0,Emergency,0,Cardiac,2,2,6.4,0.52,12.7,133.7,150,53,36.6,0,Medicare,0,1,1,6.6,1
64,0,1,Urgent,5,Infection,2,0,5.0,2.09,9.2,133.3,119,81,37.3,1,Medicaid,0,1,0,4.4,1
73,1,0,Emergency,2,Orthopedic,3,3,5.1,0.77,12.9,138.1,142,48,38.2,1,Medicaid,0,2,1,4.4,1
54,1,0,Emergency,5,Infection,4,1,8.7,0.73,10.4,136.0,133,84,37.6,3,Self-Pay,0,2,1,4.3,1
91,1,0,Emergency,4,Neurological,7,1,5.8,1.11,6.7,135.1,134,78,37.8,2,Private,1,1,1,10.9,2
79,0,1,Urgent,0,Cardiac,1,2,7.1,1.4,6.8,146.3,118,75,37.9,1,Medicaid,0,2,0,1.8,0
63,1,0,Emergency,0,Cardiac,5,3,5.8,1.21,11.0,142.1,152,92,36.0,2,Private,0,0,1,4.5,1
50,1,1,Urgent,5,Infection,3,3,6.2,1.59,11.7,135.5,123,72,36.8,1,Medicaid,1,2,0,6.2,1
76,1,2,Elective,2,Orthopedic,3,0,10.3,0.8,5.5,139.3,118,61,37.9,0,Medicare,0,1,0,4.1,1
64,0,2,Elective,0,Cardiac,2,2,8.9,1.23,16.2,138.4,121,86,36.9,0,Medicare,1,0,0,6.1,1
74,0,0,Emergency,5,Infection,2,3,7.8,1.17,12.2,140.9,110,108,37.2,1,Medicaid,0,0,1,7.4,2
88,0,0,Emergency,2,Orthopedic,4,3,6.3,1.41,7.6,137.2,145,93,35.8,2,Private,0,0,1,4.9,1
62,1,1,Urgent,1,Respiratory,4,2,7.9,1.42,5.4,143.8,97,98,36.5,2,Private,0,1,0,4.5,1
30,0,0,Emergency,2,Orthopedic,2,2,4.0,1.69,3.7,144.6,127,88,37.2,0,Medicare,0,3,1,5.5,1
74,1,2,Elective,4,Neurological,4,1,6.4,2.8,13.9,137.8,138,94,38.7,0,Medicare,1,2,0,8.1,2
62,1,2,Elective,0,Cardiac,1,0,5.1,1.09,11.8,139.9,169,94,37.0,2,Private,0,2,0,5.0,1
50,1,0,Emergency,1,Respiratory,1,2,7.8,0.7,9.1,141.1,164,85,37.4,2,Private,1,0,1,7.1,2
54,0,0,Emergency,1,Respiratory,4,3,7.9,0.92,10.2,137.9,136,71,37.2,1,Medicaid,0,2,1,4.9,1
72,1,2,Elective,4,Neurological,2,2,8.6,0.99,1.5,137.0,126,99,37.9,2,Private,0,1,0,4.0,1
63,1,2,Elective,4,Neurological,2,2,6.4,1.57,1.5,140.1,109,90,36.6,0,Medicare,1,0,0,4.6,1
49,0,1,Urgent,2,Orthopedic,1,2,6.3,1.56,10.7,138.8,103,82,37.2,0,Medicare,1,1,0,3.4,1
62,1,0,Emergency,3,GI,1,0,7.6,1.3,9.9,144.1,111,82,36.6,2,Private,0,0,1,4.5,1
68,0,0,Emergency,1,Respiratory,3,1,8.8,1.24,9.5,139.4,141,93,36.6,3,Self-Pay,0,0,1,5.6,1
57,1,2,Elective,3,GI,1,0,4.0,1.01,14.4,145.3,117,78,38.4,2,Private,0,4,0,3.9,1
50,0,0,Emergency,5,Infection,6,3,6.2,1.16,11.5,133.3,154,106,36.2,0,Medicare,0,2,1,6.6,1
36,1,2,Elective,2,Orthopedic,6,1,4.0,0.66,7.3,136.1,128,94,38.0,3,Self-Pay,1,2,0,2.9,0
91,1,0,Emergency,5,Infection,2,2,8.3,1.12,7.3,135.7,117,94,36.0,0,Medicare,0,1,1,5.5,1
51,0,2,Elective,4,Neurological,1,0,5.2,1.27,11.0,137.0,91,75,36.0,2,Private,0,1,0,1.7,0
81,1,1,Urgent,0,Cardiac,3,0,7.2,1.82,10.9,136.6,106,88,36.2,0,Medicare,1,4,0,5.4,1
50,1,0,Emergency,4,Neurological,6,1,4.1,0.59,15.5,131.2,97,71,35.1,2,Private,0,2,1,4.9,1
67,1,0,Emergency,0,Cardiac,3,1,6.3,1.36,6.5,142.9,109,116,36.8,1,Medicaid,0,1,1,3.3,1
65,0,1,Urgent,2,Orthopedic,1,1,5.6,2.59,5.6,137.9,136,104,38.4,2,Private,0,5,0,4.8,1
74,0,0,Emergency,3,GI,3,2,5.1,1.3,9.6,137.2,127,81,37.4,0,Medicare,0,0,1,1.8,0
42,1,1,Urgent,5,Infection,2,2,8.2,1.07,9.2,137.7,116,77,36.6,2,Private,0,2,0,6.1,1
70,0,0,Emergency,0,Cardiac,3,2,4.9,1.57,13.0,137.9,152,100,37.2,0,Medicare,0,4,1,6.3,1
57,1,0,Emergency,5,Infection,2,0,8.6,1.18,9.5,136.5,121,105,35.8,2,Private,0,0,1,4.3,1
34,0,1,Urgent,5,Infection,4,2,9.3,0.7,10.6,131.6,147,75,37.3,2,Private,0,2,0,5.7,1
19,0,1,Urgent,0,Cardiac,2,2,5.6,1.12,2.9,139.4,153,84,36.7,0,Medicare,0,2,0,4.2,1
81,1,1,Urgent,5,Infection,3,2,9.5,1.59,13.4,138.5,109,92,36.4,0,Medicare,0,1,0,7.3,2
25,1,1,Urgent,1,Respiratory,1,2,8.1,0.44,9.0,139.1,113,87,36.8,0,Medicare,0,2,0,3.8,1
75,1,1,Urgent,0,Cardiac,3,3,10.6,0.97,3.0,133.9,169,98,37.9,0,Medicare,0,0,0,5.0,1
50,1,1,Urgent,5,Infection,5,2,9.7,0.65,10.4,139.4,148,122,37.2,1,Medicaid,0,0,0,5.3,1
58,1,0,Emergency,1,Respiratory,3,4,6.8,1.13,6.5,126.8,120,89,37.1,1,Medicaid,1,1,1,7.8,2
52,1,0,Emergency,3,GI,3,3,8.4,1.51,5.6,146.7,148,104,35.4,1,Medicaid,0,0,1,2.2,0
66,1,0,Emergency,3,GI,8,1,6.1,1.06,10.1,141.3,103,70,37.5,0,Medicare,1,1,1,8.4,2
68,1,1,Urgent,0,Cardiac,4,1,8.9,0.93,5.4,135.1,103,101,37.8,1,Medicaid,1,1,0,6.3,1
38,1,1,Urgent,3,GI,4,3,4.4,0.82,10.9,147.4,106,94,37.1,1,Medicaid,0,1,0,3.0,0
58,0,0,Emergency,0,Cardiac,3,2,5.7,0.82,7.7,137.0,137,100,37.6,0,Medicare,0,0,1,5.9,1
64,1,2,Elective,0,Cardiac,4,2,5.3,1.54,8.7,131.4,152,84,38.1,2,Private,0,0,0,3.2,1
87,0,0,Emergency,5,Infection,5,2,5.8,1.49,10.4,131.1,122,88,37.2,3,Self-Pay,1,6,1,9.2,2
56,0,1,Urgent,5,Infection,3,1,5.9,2.49,4.3,133.2,157,72,36.5,1,Medicaid,1,0,0,7.5,2
31,0,0,Emergency,2,Orthopedic,3,2,6.5,1.44,9.2,141.4,124,61,38.1,0,Medicare,0,0,1,3.6,1
55,0,1,Urgent,0,Cardiac,4,3,7.7,1.81,14.0,139.0,109,64,38.6,0,Medicare,0,1,0,4.5,1
44,0,1,Urgent,2,Orthopedic,2,1,6.7,0.72,10.5,143.7,141,92,36.6,0,Medicare,1,2,0,4.7,1
57,1,2,Elective,5,Infection,3,3,7.3,1.04,11.3,143.3,82,78,37.4,0,Medicare,1,2,0,7.5,2
50,1,2,Elective,0,Cardiac,4,2,4.7,0.68,10.8,144.3,156,44,36.4,0,Medicare,0,0,0,3.8,1
85,0,2,Elective,0,Cardiac,2,1,5.3,1.03,3.6,135.5,119,90,37.7,1,Medicaid,0,3,0,6.2,1
77,1,2,Elective,5,Infection,5,2,5.7,0.9,10.4,137.4,139,52,36.3,0,Medicare,0,2,0,6.6,1
43,1,0,Emergency,2,Orthopedic,4,2,6.3,1.32,8.9,134.0,146,75,36.4,0,Medicare,0,1,1,4.0,1
39,1,0,Emergency,0,Cardiac,2,4,8.7,1.13,7.3,140.9,95,56,37.0,1,Medicaid,0,4,1,3.9,1
61,0,2,Elective,0,Cardiac,2,2,6.6,1.53,15.5,132.5,153,82,36.1,2,Private,0,3,0,4.6,1
40,1,2,Elective,5,Infection,2,2,5.2,1.98,1.5,140.2,125,70,36.4,3,Self-Pay,0,2,0,4.0,1
76,0,1,Urgent,2,Orthopedic,5,3,7.6,1.33,20.7,134.0,146,82,35.9,0,Medicare,1,3,0,5.5,1
50,0,0,Emergency,0,Cardiac,2,2,6.6,1.12,12.2,139.6,153,74,36.6,1,Medicaid,0,0,1,5.6,1
37,0,2,Elective,5,Infection,2,2,6.1,1.26,12.1,130.4,119,111,36.8,1,Medicaid,1,0,0,7.4,2
50,1,0,Emergency,4,Neurological,4,1,9.0,2.66,3.8,136.5,143,96,37.7,1,Medicaid,0,1,1,6.3,1
80,1,0,Emergency,0,Cardiac,4,1,7.9,0.81,7.8,133.2,164,79,36.1,3,Self-Pay,1,1,1,6.6,1
90,0,1,Urgent,3,GI,3,3,6.4,1.18,1.5,134.1,111,91,37.8,1,Medicaid,1,2,0,6.4,1
80,0,0,Emergency,1,Respiratory,4,4,6.3,0.75,6.5,137.8,151,92,36.9,0,Medicare,0,2,1,5.8,1
64,1,0,Emergency,2,Orthopedic,3,2,5.9,1.0,7.7,130.8,150,91,36.8,0,Medicare,0,2,1,3.9,1
61,1,2,Elective,1,Respiratory,2,2,4.0,1.5,10.1,133.0,149,73,36.6,2,Private,0,2,0,6.5,1
43,0,0,Emergency,1,Respiratory,1,2,6.0,1.37,7.6,135.0,110,76,37.7,1,Medicaid,0,1,1,5.4,1
63,1,2,Elective,3,GI,3,0,6.5,1.2,8.2,140.8,135,88,36.6,2,Private,0,2,0,4.1,1
71,1,2,Elective,2,Orthopedic,2,4,4.1,0.59,9.2,135.3,200,67,37.9,1,Medicaid,0,1,0,4.5,1
54,0,2,Elective,1,Respiratory,4,1,4.5,1.67,5.3,136.9,149,58,35.9,1,Medicaid,0,0,0,4.0,1
85,1,2,Elective,0,Cardiac,5,1,10.7,2.1,7.6,134.6,108,96,37.5,0,Medicare,1,2,0,8.2,2
42,0,1,Urgent,5,Infection,3,7,9.4,0.57,5.9,135.2,137,58,38.5,3,Self-Pay,0,1,0,4.0,1
53,1,1,Urgent,0,Cardiac,5,0,5.2,1.52,6.9,140.3,89,73,36.9,1,Medicaid,1,1,0,7.7,2
36,0,2,Elective,3,GI,4,1,5.2,0.67,7.8,141.0,144,75,38.2,0,Medicare,1,1,0,4.7,1
50,0,1,Urgent,0,Cardiac,3,2,7.5,1.81,9.9,140.8,158,76,36.8,0,Medicare,0,2,0,6.4,1
60,1,0,Emergency,3,GI,6,0,5.8,1.7,8.1,146.1,136,104,36.8,2,Private,0,0,1,5.0,1
74,1,1,Urgent,0,Cardiac,1,0,6.7,2.14,7.5,141.2,95,79,38.9,3,Self-Pay,1,4,0,7.3,2
31,0,1,Urgent,1,Respiratory,6,3,6.4,0.92,4.8,140.6,120,83,37.0,3,Self-Pay,0,0,0,3.2,1
38,0,2,Elective,3,GI,2,1,5.6,0.88,4.0,133.6,126,89,37.6,0,Medicare,1,0,0,5.3,1
32,0,1,Urgent,1,Respiratory,1,3,4.0,2.72,8.7,136.5,140,81,37.8,3,Self-Pay,0,4,0,4.8,1
84,1,1,Urgent,2,Orthopedic,5,4,5.0,1.08,7.7,139.7,110,96,38.0,2,Private,0,0,0,5.8,1
72,1,1,Urgent,0,Cardiac,3,4,5.8,0.93,10.4,141.0,96,89,36.9,1,Medicaid,0,0,0,4.7,1
81,1,1,Urgent,0,Cardiac,2,4,5.4,0.82,3.2,142.9,127,101,37.5,0,Medicare,0,2,0,4.1,1
76,1,0,Emergency,4,Neurological,1,3,4.2,0.6,11.4,136.0,126,88,36.4,3,Self-Pay,0,2,1,3.8,1
34,1,2,Elective,0,Cardiac,3,1,9.5,0.98,6.4,142.1,115,85,36.6,2,Private,0,2,0,3.3,1
42,1,0,Emergency,0,Cardiac,3,0,7.4,1.73,7.5,137.1,107,52,36.7,1,Medicaid,0,1,1,2.5,0
76,1,2,Elective,0,Cardiac,1,3,6.1,0.61,9.8,140.8,98,67,37.1,0,Medicare,0,1,0,3.6,1
96,1,2,Elective,0,Cardiac,4,3,7.7,1.11,6.6,130.6,116,96,37.3,2,Private,0,2,0,2.5,0
41,1,1,Urgent,0,Cardiac,2,1,6.0,1.18,3.8,144.6,147,72,37.8,2,Private,0,1,0,4.5,1
43,0,2,Elective,1,Respiratory,1,2,10.8,0.67,7.9,141.4,176,81,38.2,0,Medicare,0,0,0,2.8,0
76,0,1,Urgent,0,Cardiac,8,0,11.7,0.62,4.4,136.1,155,84,37.5,0,Medicare,0,2,0,5.4,1
70,0,0,Emergency,5,Infection,2,0,9.6,1.09,3.7,140.6,141,78,39.0,1,Medicaid,1,1,1,9.1,2
79,1,1,Urgent,0,Cardiac,4,1,8.3,1.85,11.3,141.0,114,107,37.3,1,Medicaid,0,1,0,3.3,1
60,0,0,Emergency,5,Infection,2,3,5.8,0.73,9.1,144.5,134,49,37.2,2,Private,0,3,1,4.4,1
42,0,0,Emergency,4,Neurological,2,4,4.0,0.93,9.9,136.7,148,99,38.2,0,Medicare,0,1,1,4.8,1
83,1,1,Urgent,0,Cardiac,1,3,8.9,1.14,11.0,134.4,133,85,37.4,0,Medicare,1,1,0,7.9,2
66,1,2,Elective,0,Cardiac,2,1,5.6,2.35,10.1,140.1,149,74,37.5,2,Private,1,0,0,8.6,2
68,1,1,Urgent,0,Cardiac,2,3,6.5,1.59,6.6,136.6,141,97,37.5,2,Private,0,2,0,4.5,1
50,0,1,Urgent,3,GI,2,2,7.3,2.32,8.3,144.5,183,65,37.0,0,Medicare,0,1,0,3.6,1
71,1,0,Emergency,3,GI,2,1,7.6,1.69,6.3,136.8,152,96,36.2,0,Medicare,0,0,1,2.6,0
79,0,1,Urgent,3,GI,3,3,7.1,1.84,10.2,139.2,86,69,38.0,0,Medicare,0,3,0,4.2,1
71,0,0,Emergency,2,Orthopedic,1,3,5.1,0.57,4.4,135.8,102,75,38.2,2,Private,0,1,1,2.7,0
40,0,0,Emergency,0,Cardiac,1,1,6.2,0.4,5.9,138.8,126,92,38.2,0,Medicare,0,2,1,4.1,1
24,1,2,Elective,4,Neurological,5,2,5.9,1.73,9.2,138.3,162,81,37.2,3,Self-Pay,0,1,0,2.8,0
50,0,0,Emergency,1,Respiratory,1,3,8.4,1.37,8.1,133.2,114,93,37.1,2,Private,0,0,1,2.8,0
44,1,0,Emergency,5,Infection,1,1,5.9,0.44,5.3,138.7,121,85,36.1,2,Private,0,0,1,6.5,1
67,1,0,Emergency,1,Respiratory,1,4,6.0,0.81,1.5,132.1,112,78,36.0,0,Medicare,1,1,1,6.3,1
73,0,1,Urgent,1,Respiratory,1,3,6.7,0.95,7.6,141.8,125,84,37.0,0,Medicare,0,2,0,4.5,1
77,0,2,Elective,5,Infection,1,4,6.0,1.64,8.8,143.4,154,90,38.4,0,Medicare,1,3,0,7.2,2
84,0,2,Elective,3,GI,7,2,6.5,1.21,11.0,135.3,82,77,36.4,0,Medicare,1,1,0,6.0,1
74,1,1,Urgent,4,Neurological,5,1,4.6,1.7,7.6,141.5,122,90,36.3,0,Medicare,0,3,0,6.0,1
27,0,0,Emergency,2,Orthopedic,2,2,4.5,0.67,12.2,137.6,103,79,37.1,1,Medicaid,0,2,1,4.4,1
96,0,0,Emergency,5,Infection,4,2,5.5,0.54,11.8,140.4,147,80,36.9,0,Medicare,1,3,1,8.5,2
65,0,0,Emergency,5,Infection,5,2,7.1,0.49,8.2,139.0,135,89,37.2,2,Private,1,2,1,8.7,2
72,1,1,Urgent,2,Orthopedic,2,1,4.9,1.45,11.3,136.2,115,71,36.8,2,Private,0,1,0,3.5,1
72,0,1,Urgent,1,Respiratory,2,1,7.0,1.09,11.9,133.0,160,59,37.8,2,Private,0,3,0,3.0,0
74,0,1,Urgent,3,GI,4,3,8.2,1.22,7.2,143.6,128,87,36.6,3,Self-Pay,0,1,0,3.6,1
80,0,0,Emergency,5,Infection,3,2,4.0,1.26,7.2,143.6,144,54,38.0,2,Private,1,1,1,6.8,1
76,1,0,Emergency,3,GI,2,2,4.8,0.46,9.7,137.8,156,92,36.4,2,Private,1,0,1,4.8,1
85,0,0,Emergency,5,Infection,4,2,4.0,1.11,7.7,135.8,124,109,36.7,1,Medicaid,0,0,1,7.3,2
82,1,2,Elective,1,Respiratory,5,1,4.0,1.84,15.6,139.3,120,92,37.1,1,Medicaid,0,1,0,3.6,1
50,0,0,Emergency,5,Infection,7,1,4.0,1.9,11.5,136.9,120,109,36.1,0,Medicare,0,0,1,4.6,1
67,1,1,Urgent,0,Cardiac,2,3,6.8,0.85,10.0,133.0,127,71,36.6,0,Medicare,0,1,0,3.4,1
71,1,0,Emergency,1,Respiratory,3,5,4.9,0.87,7.0,140.7,127,56,38.4,2,Private,0,0,1,6.0,1
50,1,1,Urgent,2,Orthopedic,2,2,6.9,1.41,15.0,138.1,166,84,36.7,2,Private,0,2,0,3.0,0
74,0,0,Emergency,3,GI,4,1,8.2,1.18,7.4,136.8,148,98,37.1,1,Medicaid,0,3,1,3.5,1
45,0,0,Emergency,1,Respiratory,3,1,4.8,0.66,10.4,135.5,109,79,36.9,1,Medicaid,0,1,1,3.5,1
50,0,0,Emergency,5,Infection,4,3,7.9,0.95,12.8,138.4,167,105,38.1,0,Medicare,0,2,1,6.6,1
40,1,0,Emergency,5,Infection,2,0,8.5,1.6,10.6,138.0,143,125,37.1,0,Medicare,0,3,1,5.2,1
50,1,0,Emergency,4,Neurological,3,0,5.3,0.73,6.5,140.1,112,44,37.3,0,Medicare,0,3,1,2.9,0
44,0,2,Elective,0,Cardiac,1,2,4.0,2.76,9.7,139.4,130,92,36.7,2,Private,0,4,0,5.1,1
38,1,0,Emergency,0,Cardiac,1,4,4.3,1.15,8.3,141.1,130,103,38.3,0,Medicare,0,2,1,3.2,1
76,0,0,Emergency,2,Orthopedic,2,4,10.9,0.96,7.0,130.0,135,107,37.5,2,Private,0,1,1,4.1,1
68,1,1,Urgent,4,Neurological,3,1,6.0,1.77,13.6,138.7,114,65,37.7,2,Private,1,3,0,9.6,2
80,0,1,Urgent,0,Cardiac,3,1,8.3,1.36,10.2,141.4,140,66,37.3,1,Medicaid,1,0,0,6.3,1
71,0,0,Emergency,3,GI,4,1,6.5,1.58,11.8,140.0,160,71,36.8,2,Private,0,2,1,5.4,1
62,0,1,Urgent,2,Orthopedic,3,2,4.0,0.56,7.3,143.2,147,90,36.7,3,Self-Pay,0,0,0,1.7,0
59,1,2,Elective,4,Neurological,2,4,7.4,1.25,7.8,135.1,89,80,38.1,0,Medicare,0,0,0,2.6,0
38,1,0,Emergency,2,Orthopedic,2,2,5.4,1.6,8.8,139.7,115,104,38.3,1,Medicaid,0,2,1,3.1,1
37,1,1,Urgent,3,GI,4,2,10.0,1.26,10.3,134.3,131,92,36.9,1,Medicaid,0,2,0,2.0,0
62,1,0,Emergency,0,Cardiac,4,3,5.2,1.69,14.2,146.0,129,90,37.6,0,Medicare,0,0,1,6.4,1
57,0,0,Emergency,0,Cardiac,3,2,9.6,2.29,8.9,136.1,157,83,36.6,3,Self-Pay,0,3,1,7.6,2
53,0,2,Elective,5,Infection,4,3,9.5,1.64,5.0,136.8,157,90,37.2,0,Medicare,0,0,0,3.4,1
81,0,0,Emergency,1,Respiratory,3,2,4.0,1.19,11.2,140.6,107,83,36.1,0,Medicare,0,1,1,4.7,1
31,1,0,Emergency,5,Infection,1,0,7.7,2.46,7.3,135.0,116,80,36.7,1,Medicaid,0,1,1,6.7,1
18,1,2,Elective,0,Cardiac,2,1,5.9,2.13,8.3,132.7,145,74,36.9,1,Medicaid,0,1,0,3.0,0
82,1,1,Urgent,2,Orthopedic,3,0,8.6,1.83,14.6,144.4,163,87,38.0,1,Medicaid,0,0,0,4.8,1
52,1,1,Urgent,1,Respiratory,3,2,7.2,0.93,7.0,142.9,144,102,37.7,0,Medicare,0,1,0,5.1,1
69,0,1,Urgent,5,Infection,4,0,6.8,0.79,7.2,139.9,137,72,36.4,2,Private,1,3,0,8.7,2
29,1,1,Urgent,5,Infection,2,2,5.7,1.03,6.5,136.5,125,73,37.3,0,Medicare,1,1,0,9.7,2
90,0,2,Elective,1,Respiratory,4,2,7.6,1.39,5.6,141.5,157,85,36.9,0,Medicare,0,2,0,3.9,1
69,1,0,Emergency,1,Respiratory,1,2,4.0,0.93,6.8,131.8,99,100,36.2,1,Medicaid,0,0,1,6.3,1
23,0,0,Emergency,4,Neurological,1,5,8.2,1.24,9.8,132.0,96,56,36.4,1,Medicaid,0,2,1,6.0,1
56,1,0,Emergency,5,Infection,4,2,8.0,1.36,1.5,133.2,164,94,36.2,2,Private,0,1,1,7.0,1
54,1,0,Emergency,3,GI,2,1,7.4,2.01,6.2,136.6,126,75,36.8,2,Private,1,0,1,6.8,1
58,0,0,Emergency,5,Infection,4,2,4.8,2.5,7.9,139.6,118,104,38.1,2,Private,0,3,1,6.7,1
86,1,1,Urgent,0,Cardiac,1,3,4.8,1.18,12.4,135.6,154,63,37.3,2,Private,0,0,0,4.5,1
60,0,0,Emergency,3,GI,2,3,5.3,0.82,15.9,136.3,135,100,37.3,0,Medicare,0,0,1,3.9,1
71,0,0,Emergency,3,GI,4,1,4.9,1.67,5.6,136.2,126,97,37.7,3,Self-Pay,0,0,1,4.5,1
50,1,1,Urgent,0,Cardiac,5,4,7.0,0.87,11.0,140.6,120,120,37.5,1,Medicaid,1,2,0,6.5,1
43,1,1,Urgent,4,Neurological,2,2,5.6,0.71,10.9,137.4,138,69,35.8,2,Private,0,0,0,5.7,1
50,0,2,Elective,5,Infection,1,1,5.8,2.05,8.8,136.5,142,90,37.2,2,Private,1,0,0,7.9,2
74,0,2,Elective,5,Infection,3,1,5.7,0.9,15.1,132.0,127,83,37.1,2,Private,0,1,0,6.7,1
80,1,2,Elective,1,Respiratory,1,1,4.4,2.02,8.6,136.0,136,78,36.8,2,Private,1,0,0,4.3,1
98,1,1,Urgent,1,Respiratory,4,3,5.5,0.67,11.3,136.6,124,84,37.4,2,Private,0,1,0,4.9,1
56,0,1,Urgent,2,Orthopedic,1,2,8.5,1.66,13.0,130.7,98,116,36.1,1,Medicaid,0,3,0,4.9,1
66,1,2,Elective,0,Cardiac,3,0,8.0,2.75,8.3,136.7,98,77,37.9,1,Medicaid,1,1,0,7.6,2
42,1,2,Elective,5,Infection,3,1,7.4,0.64,5.2,137.3,140,56,36.5,0,Medicare,0,3,0,1.8,0
79,0,1,Urgent,0,Cardiac,2,2,9.2,1.51,3.3,134.6,123,79,36.3,1,Medicaid,0,2,0,4.8,1
64,0,1,Urgent,4,Neurological,5,2,5.5,0.95,10.6,138.6,142,72,36.7,1,Medicaid,0,1,0,5.7,1
95,0,0,Emergency,1,Respiratory,2,0,5.9,0.77,9.1,142.6,103,65,37.5,2,Private,0,1,1,5.3,1
21,1,2,Elective,3,GI,6,0,8.3,4.62,7.6,146.6,153,57,36.3,2,Private,0,1,0,4.1,1
36,0,2,Elective,0,Cardiac,1,1,6.4,0.71,9.3,137.1,124,101,36.1,1,Medicaid,0,1,0,4.3,1
66,1,2,Elective,0,Cardiac,3,2,4.9,1.48,12.7,134.9,132,82,37.0,0,Medicare,1,1,0,6.2,1
50,0,0,Emergency,2,Orthopedic,6,1,4.4,0.78,11.7,134.6,153,69,35.9,3,Self-Pay,0,2,1,5.7,1
85,1,0,Emergency,3,GI,3,2,4.8,1.24,7.8,139.8,120,71,37.9,2,Private,0,1,1,3.0,0
29,0,0,Emergency,4,Neurological,4,1,8.8,1.22,8.5,130.6,141,124,37.3,1,Medicaid,0,2,1,3.3,1
75,1,2,Elective,0,Cardiac,1,1,6.9,1.53,12.8,143.3,138,95,37.7,0,Medicare,0,5,0,1.4,0
83,1,2,Elective,0,Cardiac,3,5,7.1,1.14,6.8,134.2,130,73,35.9,1,Medicaid,0,0,0,5.5,1
77,0,0,Emergency,4,Neurological,4,1,6.6,1.15,8.4,141.3,147,73,37.1,2,Private,0,1,1,5.6,1
73,1,1,Urgent,4,Neurological,2,3,5.2,1.36,11.9,132.6,122,112,35.6,2,Private,0,0,0,5.3,1
60,0,0,Emergency,1,Respiratory,4,6,4.0,1.44,12.3,142.3,147,94,37.2,0,Medicare,1,2,1,8.7,2
50,1,0,Emergency,1,Respiratory,3,3,4.0,1.78,8.6,139.9,173,63,36.6,0,Medicare,0,3,1,3.3,1
48,1,1,Urgent,0,Cardiac,4,1,8.7,0.96,16.0,137.6,148,67,39.2,0,Medicare,0,0,0,4.6,1
51,1,2,Elective,0,Cardiac,3,1,7.9,0.65,9.5,138.2,131,96,36.6,2,Private,0,0,0,5.2,1
62,1,2,Elective,0,Cardiac,2,3,9.4,0.82,4.4,136.9,110,95,37.2,0,Medicare,1,4,0,4.7,1
50,1,0,Emergency,3,GI,6,0,7.0,1.45,12.9,139.2,159,92,35.7,3,Self-Pay,0,0,1,6.3,1
51,1,1,Urgent,5,Infection,2,2,7.8,0.69,7.1,131.0,135,84,36.4,0,Medicare,0,1,0,3.8,1
51,0,1,Urgent,0,Cardiac,4,2,4.2,0.67,11.4,139.2,125,71,35.9,0,Medicare,0,3,0,3.6,1
76,0,0,Emergency,4,Neurological,3,2,4.0,0.75,9.7,138.7,148,104,37.1,2,Private,0,1,1,6.3,1
34,1,2,Elective,3,GI,3,1,8.4,0.86,18.5,133.5,139,83,38.9,0,Medicare,1,0,0,4.7,1
76,1,2,Elective,5,Infection,2,0,7.0,0.78,7.6,137.5,132,101,36.1,0,Medicare,1,3,0,8.9,2
18,1,0,Emergency,4,Neurological,5,2,6.5,1.19,8.9,141.8,124,99,35.3,3,Self-Pay,0,1,1,5.0,1
36,0,1,Urgent,4,Neurological,1,2,5.6,1.09,8.8,135.8,138,93,38.0,2,Private,0,1,0,5.3,1
32,1,0,Emergency,3,GI,5,3,9.8,1.5,8.2,141.6,137,81,37.8,2,Private,1,3,1,6.3,1
66,1,1,Urgent,4,Neurological,2,0,5.0,0.84,4.8,138.9,93,78,37.0,0,Medicare,0,1,0,3.7,1
26,0,1,Urgent,1,Respiratory,6,3,9.2,1.61,4.5,139.8,126,81,36.7,0,Medicare,0,2,0,3.8,1
31,0,0,Emergency,0,Cardiac,2,1,6.5,0.76,7.8,134.9,152,103,37.4,0,Medicare,1,2,1,9.1,2
72,0,2,Elective,5,Infection,1,6,4.0,2.89,9.1,143.1,121,76,38.4,1,Medicaid,0,1,0,6.4,1
68,0,1,Urgent,4,Neurological,6,2,7.6,0.61,7.5,137.1,154,80,36.4,0,Medicare,0,0,0,7.0,1
31,1,2,Elective,0,Cardiac,1,0,6.4,1.18,7.6,136.1,130,90,37.7,1,Medicaid,0,1,0,2.6,0
35,1,0,Emergency,5,Infection,4,1,5.7,1.38,11.3,141.4,149,110,37.4,0,Medicare,0,0,1,5.9,1
75,0,2,Elective,1,Respiratory,4,2,6.7,1.63,7.4,138.4,134,90,37.8,2,Private,0,1,0,4.2,1
74,1,2,Elective,1,Respiratory,2,0,4.0,0.53,3.9,137.3,137,84,36.8,2,Private,0,0,0,3.7,1
94,1,0,Emergency,3,GI,5,1,6.8,0.68,11.2,142.4,114,77,37.7,2,Private,0,3,1,4.4,1
55,0,0,Emergency,3,GI,5,2,6.7,1.09,12.8,138.7,109,120,38.1,2,Private,1,1,1,8.2,2
75,1,2,Elective,2,Orthopedic,1,1,9.8,0.89,10.9,139.9,106,80,38.5,2,Private,0,1,0,2.2,0
79,1,1,Urgent,1,Respiratory,4,2,10.7,1.5,7.5,137.7,112,68,36.7,2,Private,0,1,0,5.2,1
19,1,0,Emergency,5,Infection,5,0,6.0,0.95,8.5,134.6,123,97,38.8,0,Medicare,1,2,1,9.8,2
70,0,2,Elective,5,Infection,8,0,8.3,1.58,7.7,137.3,122,89,36.7,2,Private,0,2,0,4.2,1
57,1,0,Emergency,0,Cardiac,3,0,8.9,0.54,10.5,133.6,127,71,37.4,3,Self-Pay,0,1,1,4.4,1
75,0,1,Urgent,1,Respiratory,1,1,6.7,1.99,13.2,142.0,160,84,38.1,2,Private,0,2,0,3.9,1
60,0,1,Urgent,0,Cardiac,1,1,6.9,2.37,10.4,134.9,140,92,37.7,0,Medicare,0,2,0,7.3,2
35,0,1,Urgent,4,Neurological,4,1,5.8,2.06,8.9,143.1,110,94,36.5,3,Self-Pay,0,1,0,7.7,2
81,0,0,Emergency,5,Infection,1,3,4.1,1.48,9.2,137.3,117,79,36.3,2,Private,0,0,1,8.4,2
44,0,1,Urgent,2,Orthopedic,3,2,8.5,0.68,10.4,136.3,113,91,36.7,0,Medicare,1,1,0,5.8,1
52,0,1,Urgent,4,Neurological,1,0,4.7,1.06,15.4,142.0,128,108,37.7,2,Private,1,0,0,8.1,2
46,1,1,Urgent,3,GI,4,4,6.0,1.0,11.7,145.1,113,87,36.9,0,Medicare,0,2,0,4.9,1
68,1,1,Urgent,2,Orthopedic,1,3,8.4,1.16,5.6,139.6,90,95,36.9,0,Medicare,0,0,0,1.8,0
59,0,0,Emergency,1,Respiratory,1,2,4.0,0.94,5.6,140.1,148,79,37.6,0,Medicare,0,0,1,4.4,1
69,0,2,Elective,1,Respiratory,3,3,6.0,1.31,15.3,139.3,122,77,36.9,0,Medicare,0,0,0,4.7,1
86,1,0,Emergency,1,Respiratory,2,2,9.1,0.77,11.5,136.5,96,78,36.7,3,Self-Pay,0,2,1,3.6,1
50,0,2,Elective,3,GI,2,1,4.0,0.64,5.4,140.4,116,67,38.2,3,Self-Pay,1,0,0,5.5,1
18,0,0,Emergency,0,Cardiac,2,1,5.7,1.4,6.0,136.5,90,60,36.8,0,Medicare,1,1,1,4.2,1
76,1,0,Emergency,0,Cardiac,1,2,4.2,1.48,8.9,139.6,106,94,36.2,1,Medicaid,0,0,1,4.7,1
39,0,0,Emergency,0,Cardiac,3,1,8.3,0.7,13.0,132.3,100,92,37.4,3,Self-Pay,0,0,1,5.4,1
82,0,1,Urgent,3,GI,3,2,10.0,1.28,5.8,142.6,124,87,38.0,0,Medicare,1,0,0,5.8,1
82,0,0,Emergency,5,Infection,3,4,8.7,1.98,10.3,135.4,174,64,36.3,0,Medicare,1,3,1,7.1,2
73,0,1,Urgent,5,Infection,7,3,7.2,1.16,13.9,134.1,86,116,37.1,0,Medicare,0,3,0,7.5,2
62,1,2,Elective,3,GI,1,3,6.2,1.55,6.4,139.4,95,64,36.8,0,Medicare,0,0,0,3.6,1
50,0,0,Emergency,4,Neurological,3,2,7.9,0.54,7.8,138.4,106,73,37.7,1,Medicaid,0,1,1,4.6,1
55,1,0,Emergency,2,Orthopedic,1,2,7.7,1.05,17.6,136.5,148,75,36.9,1,Medicaid,0,2,1,2.5,0
70,1,2,Elective,1,Respiratory,7,2,4.2,1.05,8.6,135.7,152,75,36.0,0,Medicare,0,0,0,5.5,1
53,0,0,Emergency,1,Respiratory,4,1,4.5,1.51,8.6,134.2,139,96,36.9,0,Medicare,0,1,1,5.5,1
66,0,0,Emergency,0,Cardiac,3,1,4.0,1.23,9.3,140.4,91,81,37.7,0,Medicare,0,1,1,5.2,1
55,1,0,Emergency,3,GI,4,1,6.9,1.71,8.6,138.6,127,67,37.2,2,Private,0,2,1,2.8,0
37,1,0,Emergency,0,Cardiac,5,3,6.0,0.7,11.7,141.4,105,92,36.8,2,Private,0,2,1,7.2,2
41,0,0,Emergency,4,Neurological,6,1,7.6,0.85,9.9,140.2,100,72,36.2,2,Private,0,1,1,5.4,1
69,0,1,Urgent,0,Cardiac,3,0,8.7,1.68,7.2,138.5,128,74,37.0,2,Private,0,0,0,4.5,1
72,1,1,Urgent,1,Respiratory,1,3,7.1,1.61,7.0,135.4,121,62,37.0,1,Medicaid,1,1,0,6.9,1
45,0,2,Elective,5,Infection,7,3,6.3,0.88,10.1,144.5,122,93,36.6,1,Medicaid,0,2,0,5.4,1
31,0,0,Emergency,0,Cardiac,3,5,8.8,1.06,4.8,135.0,136,66,38.1,1,Medicaid,0,2,1,6.5,1
71,0,1,Urgent,2,Orthopedic,4,2,4.0,0.92,12.0,139.2,141,62,37.3,1,Medicaid,0,0,0,3.9,1
78,0,0,Emergency,0,Cardiac,3,3,6.6,0.53,16.8,143.3,138,104,35.5,0,Medicare,1,3,1,6.6,1
84,0,2,Elective,0,Cardiac,1,3,6.1,1.26,9.7,141.8,120,102,35.8,0,Medicare,0,1,0,1.9,0
79,1,1,Urgent,3,GI,1,2,6.2,0.67,3.9,140.2,106,87,38.5,2,Private,0,1,0,2.4,0
92,1,0,Emergency,3,GI,7,2,5.6,1.07,8.6,135.0,102,65,37.1,2,Private,0,2,1,5.9,1
79,1,0,Emergency,0,Cardiac,3,3,8.8,0.85,7.4,145.3,130,93,37.1,2,Private,0,4,1,7.4,2
62,0,0,Emergency,5,Infection,3,0,4.0,1.01,9.4,137.0,124,72,38.2,1,Medicaid,1,3,1,7.1,2
43,0,0,Emergency,3,GI,4,5,7.7,2.72,8.9,133.3,123,76,37.9,0,Medicare,0,1,1,7.2,2
59,1,1,Urgent,1,Respiratory,1,3,4.7,0.51,13.4,139.6,98,88,36.8,1,Medicaid,0,1,0,4.0,1
71,0,0,Emergency,1,Respiratory,3,2,4.0,3.09,7.3,137.6,136,115,37.8,3,Self-Pay,0,3,1,6.3,1
64,0,2,Elective,4,Neurological,1,0,7.3,1.14,8.8,135.8,118,100,38.5,2,Private,0,0,0,2.5,0
29,0,0,Emergency,4,Neurological,4,0,7.4,1.55,5.8,133.1,142,104,37.9,0,Medicare,0,0,1,2.9,0
28,0,2,Elective,0,Cardiac,4,1,9.0,0.59,10.2,143.2,128,77,37.2,0,Medicare,0,0,0,3.4,1
18,1,0,Emergency,1,Respiratory,3,2,6.6,1.96,12.0,142.3,136,86,36.7,0,Medicare,0,2,1,1.7,0
66,1,0,Emergency,0,Cardiac,4,4,8.2,1.13,13.8,131.5,87,100,37.2,2,Private,1,0,1,8.7,2
48,0,2,Elective,1,Respiratory,4,0,8.1,0.91,10.4,141.9,152,83,38.2,0,Medicare,1,1,0,5.5,1
78,1,2,Elective,1,Respiratory,3,3,6.8,0.88,9.9,138.0,134,58,37.4,0,Medicare,1,2,0,4.3,1
54,0,1,Urgent,5,Infection,4,1,4.2,0.46,6.3,133.1,104,56,38.1,1,Medicaid,0,0,0,3.7,1
50,0,1,Urgent,4,Neurological,1,2,7.8,0.74,1.6,136.8,132,69,36.5,0,Medicare,0,2,0,4.4,1
73,0,2,Elective,4,Neurological,1,2,8.1,0.76,7.1,140.4,104,92,36.8,2,Private,1,0,0,6.3,1
51,1,1,Urgent,1,Respiratory,1,1,4.9,0.73,8.2,132.8,136,68,36.2,2,Private,0,1,0,1.4,0
60,0,0,Emergency,0,Cardiac,2,4,5.9,1.8,8.6,137.1,122,94,38.8,1,Medicaid,0,1,1,6.2,1
30,0,0,Emergency,0,Cardiac,6,1,4.0,1.35,3.4,131.8,105,106,38.0,0,Medicare,0,2,1,3.5,1
50,0,1,Urgent,3,GI,4,3,8.2,2.14,8.0,137.5,133,60,36.2,2,Private,0,0,0,3.9,1
41,0,1,Urgent,1,Respiratory,3,3,4.8,0.56,1.5,136.4,99,117,37.0,1,Medicaid,0,0,0,4.0,1
54,1,1,Urgent,0,Cardiac,1,4,7.6,0.78,4.5,142.1,146,87,36.6,0,Medicare,1,2,0,8.2,2
50,1,0,Emergency,0,Cardiac,2,4,8.0,1.33,12.8,139.5,148,68,37.3,2,Private,0,1,1,7.4,2
50,1,2,Elective,5,Infection,1,2,7.6,0.86,13.6,136.0,131,98,37.2,1,Medicaid,0,0,0,4.5,1
66,1,1,Urgent,3,GI,4,4,6.7,0.87,8.5,136.0,125,73,38.5,0,Medicare,1,0,0,5.1,1
82,1,1,Urgent,0,Cardiac,3,4,8.3,1.34,9.8,144.6,116,119,37.6,0,Medicare,0,1,0,5.3,1
59,0,0,Emergency,4,Neurological,4,3,6.3,0.82,10.4,138.2,120,73,37.5,3,Self-Pay,0,0,1,5.7,1
19,0,2,Elective,4,Neurological,2,3,8.4,0.43,10.4,135.4,118,73,38.2,2,Private,1,1,0,4.7,1
29,0,1,Urgent,1,Respiratory,7,0,5.7,0.86,5.9,137.7,126,97,38.5,1,Medicaid,0,1,0,2.8,0
86,0,1,Urgent,0,Cardiac,4,1,8.7,2.01,9.6,143.8,134,91,37.3,1,Medicaid,0,0,0,5.3,1
53,0,2,Elective,4,Neurological,1,4,6.9,1.14,9.9,139.5,105,66,35.8,2,Private,1,1,0,4.2,1
79,0,2,Elective,1,Respiratory,3,1,6.5,1.04,9.8,142.3,127,81,37.8,1,Medicaid,0,1,0,2.3,0
44,0,0,Emergency,4,Neurological,2,6,6.5,1.49,6.3,134.6,123,89,35.7,0,Medicare,0,3,1,7.2,2
81,1,2,Elective,0,Cardiac,3,3,8.7,0.95,5.0,138.7,114,81,36.8,0,Medicare,0,0,0,6.9,1
50,1,1,Urgent,2,Orthopedic,8,5,5.7,0.4,8.3,135.7,145,116,38.2,0,Medicare,0,2,0,4.2,1
57,0,0,Emergency,0,Cardiac,2,1,7.0,0.59,4.2,143.9,146,71,37.6,1,Medicaid,0,3,1,3.4,1
66,0,0,Emergency,3,GI,3,2,4.7,0.84,6.2,142.1,134,91,35.7,2,Private,0,0,1,2.4,0
80,1,0,Emergency,5,Infection,4,2,5.7,1.18,10.6,141.2,137,122,37.7,1,Medicaid,1,3,1,9.6,2
76,0,1,Urgent,2,Orthopedic,2,2,7.5,1.95,12.8,137.3,149,81,37.3,1,Medicaid,0,1,0,7.0,1
50,0,1,Urgent,0,Cardiac,7,1,5.4,0.88,12.0,144.1,102,69,37.0,0,Medicare,1,0,0,8.5,2
63,0,0,Emergency,1,Respiratory,3,4,8.2,1.92,6.7,136.9,102,89,37.8,0,Medicare,0,0,1,6.2,1
31,1,2,Elective,5,Infection,2,3,9.1,1.79,7.6,141.8,121,66,37.1,0,Medicare,1,2,0,6.5,1
43,1,2,Elective,4,Neurological,1,2,5.5,0.88,7.3,145.1,136,66,36.4,2,Private,1,0,0,4.8,1
81,1,1,Urgent,1,Respiratory,4,4,5.5,1.3,9.7,142.1,119,54,37.4,3,Self-Pay,0,0,0,3.7,1
69,0,2,Elective,5,Infection,5,1,8.1,1.42,6.0,139.4,142,44,36.2,3,Self-Pay,0,2,0,4.1,1
42,0,2,Elective,3,GI,1,2,7.1,1.44,9.2,132.0,140,99,35.9,0,Medicare,1,0,0,5.5,1
57,0,0,Emergency,0,Cardiac,1,4,4.0,1.07,8.6,142.7,146,85,37.4,1,Medicaid,1,2,1,7.3,2
57,1,2,Elective,3,GI,5,7,5.0,1.56,11.1,132.2,115,79,37.5,0,Medicare,0,1,0,4.3,1
80,1,2,Elective,2,Orthopedic,7,0,6.8,2.2,5.1,135.9,125,84,38.3,1,Medicaid,1,2,0,5.8,1
63,0,0,Emergency,4,Neurological,1,3,10.0,3.21,5.6,138.7,108,56,37.0,1,Medicaid,0,3,1,7.4,2
61,1,2,Elective,1,Respiratory,2,2,8.2,1.34,10.1,137.7,121,96,36.9,0,Medicare,1,1,0,6.8,1
82,0,0,Emergency,5,Infection,2,2,11.1,1.23,9.4,142.5,105,91,36.3,0,Medicare,0,0,1,5.2,1
88,1,1,Urgent,4,Neurological,4,2,6.5,0.99,5.0,131.0,119,98,36.0,1,Medicaid,0,2,0,3.9,1
57,1,2,Elective,3,GI,3,3,4.0,0.85,2.5,137.8,136,73,35.5,3,Self-Pay,0,0,0,3.8,1
70,0,2,Elective,1,Respiratory,2,2,11.0,0.56,10.8,136.6,146,72,37.5,0,Medicare,0,3,0,2.2,0
62,1,1,Urgent,5,Infection,5,0,4.8,0.54,9.4,136.9,126,91,37.9,1,Medicaid,0,1,0,4.6,1
58,1,1,Urgent,2,Orthopedic,2,1,4.0,1.58,8.1,149.8,88,99,37.9,2,Private,1,1,0,4.8,1
85,0,1,Urgent,5,Infection,3,2,8.1,0.89,10.8,137.8,131,91,37.4,1,Medicaid,0,1,0,4.4,1
60,1,1,Urgent,0,Cardiac,1,3,9.1,0.88,6.2,136.0,134,79,36.9,0,Medicare,0,3,0,6.3,1
38,1,1,Urgent,5,Infection,2,2,8.8,1.21,10.4,145.9,129,69,36.9,0,Medicare,1,1,0,7.8,2
50,0,1,Urgent,4,Neurological,1,0,7.3,1.79,12.7,134.0,138,78,36.6,0,Medicare,1,1,0,7.7,2
66,1,2,Elective,5,Infection,1,0,4.0,0.96,10.4,142.6,127,72,38.2,0,Medicare,0,1,0,3.7,1
37,1,0,Emergency,0,Cardiac,6,2,7.1,0.42,4.3,139.4,122,70,36.7,1,Medicaid,1,1,1,7.2,2
55,0,1,Urgent,2,Orthopedic,2,2,9.0,0.65,12.1,141.2,140,81,35.2,1,Medicaid,0,2,0,2.5,0
68,0,0,Emergency,0,Cardiac,3,2,7.3,2.78,5.1,135.7,134,91,36.9,0,Medicare,0,1,1,5.0,1
50,1,1,Urgent,0,Cardiac,2,0,6.5,2.26,7.8,138.2,133,68,37.6,0,Medicare,1,1,0,5.0,1
59,0,0,Emergency,1,Respiratory,6,1,8.4,2.93,10.5,140.6,149,88,37.3,0,Medicare,0,0,1,6.2,1
62,1,1,Urgent,5,Infection,4,2,8.3,1.13,11.6,139.2,140,99,36.5,1,Medicaid,1,1,0,9.8,2
73,0,0,Emergency,3,GI,3,4,5.8,0.75,8.8,138.8,153,83,36.8,1,Medicaid,0,0,1,4.6,1
63,0,0,Emergency,1,Respiratory,3,0,7.4,1.11,16.2,145.4,131,55,36.0,2,Private,0,2,1,5.1,1
60,0,1,Urgent,5,Infection,3,1,6.4,0.89,4.8,127.5,168,55,37.7,3,Self-Pay,0,1,0,4.2,1
83,1,0,Emergency,4,Neurological,1,4,7.0,2.44,16.1,139.0,143,78,35.6,0,Medicare,1,0,1,7.0,1
18,1,0,Emergency,5,Infection,5,1,6.4,1.03,2.8,145.0,119,96,38.8,0,Medicare,0,1,1,5.9,1
40,0,0,Emergency,5,Infection,4,1,6.0,5.04,8.8,139.9,94,76,37.1,1,Medicaid,0,0,1,7.2,2
67,0,2,Elective,4,Neurological,3,3,5.2,1.56,3.6,134.5,131,90,36.2,2,Private,1,2,0,6.9,1
53,1,0,Emergency,1,Respiratory,3,0,7.3,2.18,10.2,139.4,156,78,35.3,1,Medicaid,1,0,1,8.1,2
55,0,2,Elective,5,Infection,3,0,7.7,0.56,3.6,146.5,136,90,36.3,3,Self-Pay,1,1,0,4.7,1
75,0,1,Urgent,1,Respiratory,3,4,5.5,2.92,10.6,132.2,144,80,36.7,0,Medicare,0,0,0,5.2,1
55,0,0,Emergency,3,GI,4,1,4.5,1.15,6.8,135.5,94,81,36.5,2,Private,1,3,1,4.6,1
87,0,1,Urgent,4,Neurological,4,1,6.3,1.03,2.9,138.5,143,121,36.1,0,Medicare,0,1,0,6.4,1
39,0,2,Elective,0,Cardiac,4,3,6.0,0.75,14.3,142.7,162,92,37.6,2,Private,0,1,0,5.0,1
33,0,1,Urgent,3,GI,5,1,8.3,0.64,11.4,139.7,130,92,36.7,0,Medicare,0,0,0,1.8,0
69,0,0,Emergency,1,Respiratory,1,2,8.3,1.37,10.8,144.5,139,76,36.3,1,Medicaid,0,0,1,5.2,1
78,1,1,Urgent,1,Respiratory,7,2,4.3,0.73,15.4,138.3,162,85,39.6,3,Self-Pay,1,2,0,3.9,1
66,0,1,Urgent,0,Cardiac,1,2,6.1,2.06,7.4,139.1,143,81,36.2,1,Medicaid,0,1,0,5.9,1
50,1,2,Elective,5,Infection,1,2,7.1,1.01,13.2,137.8,119,89,37.0,0,Medicare,0,0,0,6.4,1
66,1,2,Elective,0,Cardiac,3,2,5.8,1.08,5.4,136.2,107,75,36.4,0,Medicare,0,1,0,4.4,1
65,0,0,Emergency,5,Infection,3,4,9.0,0.72,9.0,140.4,103,68,39.5,2,Private,0,1,1,5.9,1
62,1,0,Emergency,3,GI,1,4,4.0,1.58,3.3,139.7,147,118,38.2,2,Private,0,1,1,2.0,0
50,0,0,Emergency,3,GI,7,4,5.3,0.99,15.5,140.3,175,86,37.9,0,Medicare,0,0,1,4.7,1
53,0,2,Elective,4,Neurological,3,2,6.6,0.85,8.2,142.8,153,72,36.4,1,Medicaid,0,2,0,7.3,2
39,1,1,Urgent,2,Orthopedic,3,2,5.2,0.76,6.4,137.4,122,72,38.3,0,Medicare,1,1,0,2.6,0
58,1,2,Elective,1,Respiratory,2,5,5.8,1.81,15.7,137.6,170,73,35.0,2,Private,0,1,0,3.1,1
31,1,0,Emergency,0,Cardiac,1,2,4.0,1.21,11.3,141.1,108,70,39.0,1,Medicaid,0,0,1,3.8,1
50,1,1,Urgent,3,GI,5,3,8.7,0.98,6.3,130.3,138,69,36.8,0,Medicare,0,0,0,6.8,1
74,0,0,Emergency,3,GI,2,2,7.6,1.85,7.0,132.0,115,82,37.0,2,Private,0,3,1,6.0,1
50,0,2,Elective,1,Respiratory,1,1,4.0,1.29,9.7,143.6,82,104,36.8,0,Medicare,0,2,0,2.4,0
83,0,1,Urgent,3,GI,2,6,8.3,1.21,17.6,134.1,153,54,37.9,2,Private,0,2,0,4.6,1
71,1,2,Elective,2,Orthopedic,1,2,6.1,0.88,6.2,138.4,144,71,36.5,0,Medicare,1,1,0,6.0,1
81,1,0,Emergency,4,Neurological,1,2,5.8,1.59,11.5,139.2,104,70,36.7,0,Medicare,0,1,1,5.9,1
94,1,1,Urgent,3,GI,5,2,6.8,1.63,7.9,142.3,141,77,37.0,0,Medicare,0,2,0,4.8,1
66,0,0,Emergency,5,Infection,4,3,5.8,1.32,12.3,135.7,125,73,38.1,0,Medicare,0,0,1,9.1,2
38,0,0,Emergency,2,Orthopedic,2,1,6.4,1.21,7.9,140.7,126,84,38.9,2,Private,1,1,1,4.8,1
79,1,0,Emergency,5,Infection,3,2,4.7,2.7,8.5,134.7,124,74,37.0,2,Private,1,0,1,7.9,2
66,1,1,Urgent,2,Orthopedic,3,2,5.8,0.79,3.3,135.6,163,87,36.5,0,Medicare,0,1,0,1.6,0
32,0,0,Emergency,3,GI,5,2,5.2,1.0,8.5,136.1,140,88,37.8,2,Private,0,1,1,5.9,1
34,0,0,Emergency,1,Respiratory,1,1,7.4,0.79,18.2,136.6,134,86,38.6,0,Medicare,0,3,1,2.4,0
85,0,1,Urgent,2,Orthopedic,6,0,6.3,1.26,5.1,135.2,118,87,36.1,0,Medicare,1,1,0,6.7,1
32,0,0,Emergency,5,Infection,3,2,6.4,0.74,8.2,137.3,134,49,37.6,2,Private,0,2,1,5.7,1
61,1,0,Emergency,1,Respiratory,4,3,4.7,1.01,9.1,139.1,134,82,38.9,2,Private,1,1,1,6.2,1
56,1,1,Urgent,0,Cardiac,5,1,7.7,1.7,12.5,141.9,138,59,37.2,0,Medicare,1,1,0,7.2,2
61,1,0,Emergency,4,Neurological,3,4,7.3,0.72,9.1,133.4,179,71,37.6,2,Private,0,0,1,5.6,1
80,0,0,Emergency,3,GI,2,5,8.6,1.69,13.5,133.1,135,83,37.5,0,Medicare,0,0,1,4.5,1
33,0,2,Elective,1,Respiratory,3,1,7.1,0.7,6.1,134.2,117,86,37.1,0,Medicare,1,1,0,5.2,1
83,0,0,Emergency,2,Orthopedic,5,0,6.4,1.26,9.0,138.4,132,80,39.4,0,Medicare,1,1,1,5.9,1
77,1,1,Urgent,2,Orthopedic,3,1,7.6,1.39,8.8,140.2,123,69,37.6,2,Private,0,2,0,3.6,1
67,1,0,Emergency,3,GI,2,1,5.2,1.87,7.0,136.1,130,83,37.8,2,Private,0,1,1,3.7,1
56,0,2,Elective,4,Neurological,1,1,5.7,1.74,9.1,143.4,101,112,35.8,2,Private,0,1,0,1.7,0
71,0,0,Emergency,1,Respiratory,2,4,5.5,0.79,6.3,139.7,117,92,37.0,0,Medicare,1,2,1,9.4,2
77,0,2,Elective,3,GI,8,7,8.7,1.31,11.7,139.5,102,102,37.9,0,Medicare,0,1,0,4.8,1
82,0,1,Urgent,4,Neurological,6,1,6.3,0.81,4.5,141.7,114,76,36.8,2,Private,0,1,0,5.6,1
70,1,0,Emergency,4,Neurological,2,1,6.7,1.52,3.6,141.9,121,70,38.2,0,Medicare,0,0,1,6.8,1
56,1,0,Emergency,1,Respiratory,5,3,5.4,1.85,5.5,140.1,91,94,36.8,1,Medicaid,0,0,1,4.8,1
57,0,0,Emergency,1,Respiratory,1,1,7.0,1.14,9.2,132.6,142,119,37.3,2,Private,0,1,1,6.0,1
29,1,0,Emergency,3,GI,2,0,6.4,1.18,10.5,147.8,99,71,38.4,1,Medicaid,0,2,1,5.6,1
76,1,0,Emergency,5,Infection,2,2,9.0,1.12,6.7,134.9,115,74,37.2,1,Medicaid,0,1,1,6.1,1
77,0,2,Elective,4,Neurological,4,4,6.3,0.91,10.9,144.2,114,102,38.1,2,Private,0,0,0,6.8,1
32,0,0,Emergency,3,GI,2,3,7.7,0.86,1.5,129.3,104,64,37.7,0,Medicare,0,1,1,5.1,1
92,1,0,Emergency,5,Infection,5,3,4.8,1.8,7.6,136.2,151,80,36.6,2,Private,1,1,1,11.1,2
83,1,2,Elective,2,Orthopedic,2,2,6.7,1.04,7.1,137.2,143,106,36.4,0,Medicare,0,0,0,5.1,1
37,0,2,Elective,4,Neurological,4,2,7.1,1.24,10.2,142.3,138,84,38.4,3,Self-Pay,1,1,0,5.2,1
50,1,0,Emergency,4,Neurological,2,0,4.8,1.52,12.6,140.4,133,54,37.8,0,Medicare,0,3,1,5.1,1
51,0,1,Urgent,5,Infection,2,3,6.9,1.28,18.4,140.7,133,62,36.7,1,Medicaid,1,0,0,7.0,1
76,1,1,Urgent,5,Infection,1,2,4.5,0.85,8.6,146.0,128,58,37.0,3,Self-Pay,1,1,0,6.5,1
26,1,0,Emergency,2,Orthopedic,4,2,4.0,1.13,1.5,145.5,155,93,36.4,2,Private,0,2,1,4.3,1
50,1,0,Emergency,0,Cardiac,4,1,6.8,1.52,9.3,142.0,134,71,35.7,2,Private,0,3,1,4.7,1
29,1,0,Emergency,2,Orthopedic,3,6,8.3,1.36,8.1,136.1,143,100,37.5,3,Self-Pay,1,1,1,7.4,2
53,0,0,Emergency,4,Neurological,2,2,4.0,0.63,10.4,137.7,96,75,37.1,0,Medicare,0,0,1,4.9,1
76,1,0,Emergency,4,Neurological,2,5,7.8,0.61,10.6,133.6,102,85,36.5,0,Medicare,0,1,1,5.9,1
73,1,0,Emergency,1,Respiratory,5,1,8.5,0.84,6.9,141.3,140,65,35.5,2,Private,1,1,1,7.2,2
38,1,1,Urgent,0,Cardiac,1,3,4.0,1.01,4.6,134.9,137,83,37.6,2,Private,0,2,0,2.5,0
71,1,1,Urgent,2,Orthopedic,3,1,6.3,0.86,11.2,136.6,140,86,38.0,0,Medicare,0,2,0,3.6,1
42,1,1,Urgent,2,Orthopedic,5,0,4.3,0.53,13.1,136.8,118,78,37.0,3,Self-Pay,1,1,0,5.2,1
38,0,1,Urgent,0,Cardiac,5,2,10.1,0.63,11.2,139.1,153,99,37.7,2,Private,0,3,0,6.0,1
63,0,2,Elective,4,Neurological,5,2,6.6,0.98,10.8,137.2,150,74,37.4,0,Medicare,0,3,0,5.0,1
63,1,2,Elective,1,Respiratory,4,1,4.0,2.45,9.3,136.6,123,72,37.4,1,Medicaid,0,1,0,3.9,1
60,1,2,Elective,3,GI,1,0,8.2,3.24,12.3,137.7,107,80,37.5,2,Private,0,0,0,1.8,0
54,1,0,Emergency,0,Cardiac,3,0,5.8,1.54,4.9,141.0,127,102,37.6,1,Medicaid,0,1,1,2.5,0
51,1,0,Emergency,5,Infection,4,3,6.5,1.08,10.3,142.6,151,74,37.5,0,Medicare,0,0,1,6.4,1
75,1,1,Urgent,4,Neurological,5,1,4.6,1.18,6.1,138.5,126,87,37.5,0,Medicare,0,1,0,5.5,1
31,1,0,Emergency,1,Respiratory,3,4,7.8,1.21,4.0,138.0,147,93,37.4,2,Private,0,5,1,6.8,1
62,0,0,Emergency,3,GI,4,3,7.4,1.32,13.1,137.8,135,105,38.4,2,Private,1,1,1,5.8,1
59,1,0,Emergency,0,Cardiac,7,2,7.9,1.09,6.4,129.6,153,66,36.8,2,Private,1,0,1,8.3,2
74,0,2,Elective,5,Infection,4,3,5.6,0.95,10.4,139.5,94,76,36.4,0,Medicare,0,0,0,5.8,1
88,0,0,Emergency,4,Neurological,5,4,4.9,2.5,11.8,129.8,130,99,36.9,0,Medicare,0,0,1,6.1,1
75,0,0,Emergency,4,Neurological,3,0,8.0,0.67,9.3,139.4,159,70,36.3,2,Private,0,1,1,6.6,1
78,0,0,Emergency,0,Cardiac,3,2,8.3,1.76,6.0,144.9,99,101,36.7,0,Medicare,0,1,1,3.3,1
86,0,1,Urgent,0,Cardiac,2,1,4.0,0.52,14.3,134.4,162,106,36.0,2,Private,0,1,0,5.8,1
70,0,0,Emergency,3,GI,3,3,7.1,1.41,3.3,133.3,130,99,37.3,0,Medicare,0,2,1,2.0,0
31,0,0,Emergency,0,Cardiac,1,2,7.0,0.55,9.7,138.5,113,74,37.3,2,Private,0,0,1,4.9,1
89,0,2,Elective,4,Neurological,4,1,6.5,2.7,15.9,132.7,113,85,37.6,0,Medicare,0,0,0,6.2,1
51,1,2,Elective,2,Orthopedic,7,4,7.6,0.83,14.6,134.2,120,90,36.6,2,Private,1,5,0,7.3,2
51,1,1,Urgent,1,Respiratory,1,1,4.0,1.24,6.6,144.1,128,90,38.6,1,Medicaid,1,1,0,6.5,1
59,1,2,Elective,0,Cardiac,3,2,9.6,1.78,13.4,137.9,146,75,37.7,2,Private,0,0,0,5.2,1
19,1,0,Emergency,5,Infection,3,3,10.7,0.71,5.7,131.7,139,91,36.2,1,Medicaid,0,0,1,4.7,1
50,0,1,Urgent,5,Infection,4,3,7.0,1.22,6.3,142.5,106,97,36.1,0,Medicare,0,0,0,6.5,1
34,1,0,Emergency,0,Cardiac,4,2,7.4,1.02,11.0,135.4,122,98,36.8,2,Private,1,0,1,7.3,2
78,0,1,Urgent,1,Respiratory,3,2,5.1,1.82,5.4,143.4,124,83,36.2,0,Medicare,0,1,0,4.4,1
65,0,0,Emergency,1,Respiratory,3,1,7.8,1.85,6.3,134.6,142,53,37.3,1,Medicaid,1,1,1,6.4,1
73,1,0,Emergency,1,Respiratory,4,1,6.5,1.36,8.1,142.1,132,80,37.3,1,Medicaid,0,3,1,3.3,1
51,1,0,Emergency,5,Infection,3,0,6.1,0.64,9.8,146.1,149,61,36.6,1,Medicaid,0,2,1,5.2,1
50,1,0,Emergency,4,Neurological,2,3,6.1,0.93,8.4,139.3,149,89,36.7,0,Medicare,0,1,1,4.4,1
50,1,1,Urgent,5,Infection,1,5,4.8,1.12,7.9,141.5,143,73,36.7,3,Self-Pay,0,0,0,5.3,1
64,0,1,Urgent,5,Infection,3,0,8.8,2.05,5.7,137.8,80,78,37.4,0,Medicare,0,2,0,6.8,1
50,1,1,Urgent,4,Neurological,6,1,9.4,0.62,2.2,140.8,110,74,37.3,2,Private,0,0,0,4.8,1
50,1,0,Emergency,3,GI,5,3,5.0,1.03,5.0,143.8,110,106,36.7,2,Private,1,0,1,3.5,1
80,1,0,Emergency,5,Infection,1,1,7.3,2.09,13.3,132.2,140,95,36.9,2,Private,0,2,1,4.6,1
84,1,1,Urgent,3,GI,1,0,7.9,1.05,9.8,132.8,143,80,35.9,0,Medicare,0,2,0,4.2,1
31,0,1,Urgent,0,Cardiac,4,1,4.6,1.16,10.0,128.1,154,100,36.6,2,Private,0,1,0,4.7,1
74,0,0,Emergency,3,GI,6,2,5.5,0.51,12.4,143.2,150,94,37.7,2,Private,0,0,1,6.2,1
69,0,1,Urgent,2,Orthopedic,1,2,5.4,0.94,8.0,134.4,132,97,37.0,0,Medicare,1,1,0,3.7,1
35,0,2,Elective,5,Infection,1,1,8.6,1.49,11.6,141.4,119,46,35.9,0,Medicare,0,2,0,3.7,1
19,0,0,Emergency,2,Orthopedic,3,0,8.1,0.81,11.7,146.5,149,120,37.1,3,Self-Pay,0,1,1,2.3,0
72,0,0,Emergency,0,Cardiac,5,2,7.8,0.53,6.3,146.1,104,100,37.7,1,Medicaid,0,2,1,5.2,1
20,1,0,Emergency,1,Respiratory,3,2,5.8,0.75,11.7,135.2,109,80,38.1,3,Self-Pay,1,2,1,6.1,1
18,1,2,Elective,5,Infection,4,4,7.1,2.05,10.1,139.0,93,96,35.9,1,Medicaid,1,2,0,9.3,2
66,1,0,Emergency,5,Infection,3,1,8.6,1.37,6.0,139.5,137,80,37.6,0,Medicare,0,3,1,6.1,1
64,0,0,Emergency,4,Neurological,6,2,9.1,1.74,15.3,141.5,96,99,37.7,2,Private,0,1,1,4.7,1
72,0,2,Elective,0,Cardiac,1,1,5.1,1.52,12.1,133.1,105,88,37.2,1,Medicaid,1,0,0,4.9,1
34,1,0,Emergency,0,Cardiac,1,3,4.0,3.56,5.5,145.7,133,60,37.6,0,Medicare,0,1,1,7.0,1
42,0,1,Urgent,2,Orthopedic,2,3,4.4,1.84,8.8,139.7,124,74,36.0,2,Private,0,1,0,3.3,1
77,1,0,Emergency,5,Infection,2,2,5.6,1.14,6.7,149.2,117,105,37.4,2,Private,0,1,1,4.0,1
61,1,2,Elective,5,Infection,2,1,7.0,1.04,14.2,137.2,80,68,36.7,3,Self-Pay,1,1,0,4.5,1
50,0,2,Elective,5,Infection,2,1,7.4,1.44,6.4,140.5,154,85,36.4,2,Private,0,1,0,4.0,1
58,1,1,Urgent,3,GI,1,1,6.4,2.01,11.0,139.5,150,105,38.5,1,Medicaid,1,0,0,5.4,1
73,0,0,Emergency,4,Neurological,4,2,7.2,0.8,5.8,135.7,129,100,37.9,1,Medicaid,0,1,1,4.9,1
58,1,0,Emergency,1,Respiratory,5,0,7.7,1.42,14.9,134.4,143,76,35.9,2,Private,1,2,1,9.1,2
50,0,1,Urgent,0,Cardiac,3,2,5.4,1.27,11.2,138.3,163,76,39.4,0,Medicare,0,1,0,3.9,1
63,0,0,Emergency,5,Infection,1,2,5.7,1.34,11.1,130.9,120,62,37.6,2,Private,1,0,1,6.6,1
55,1,1,Urgent,0,Cardiac,4,3,7.5,1.01,10.0,136.8,92,94,36.2,1,Medicaid,0,1,0,4.0,1
66,1,1,Urgent,4,Neurological,1,1,7.2,1.5,9.2,142.7,146,78,37.0,2,Private,0,1,0,4.0,1
67,1,2,Elective,3,GI,1,4,4.1,2.09,1.5,135.1,98,86,38.1,1,Medicaid,0,1,0,4.1,1
77,1,0,Emergency,0,Cardiac,2,1,7.9,1.37,11.0,133.9,130,122,38.0,1,Medicaid,0,1,1,5.0,1
35,1,1,Urgent,0,Cardiac,2,4,6.7,0.52,9.4,135.2,127,84,36.5,3,Self-Pay,0,1,0,4.5,1
29,1,2,Elective,1,Respiratory,1,3,4.6,0.76,4.5,136.1,170,93,37.1,2,Private,0,3,0,2.0,0
85,1,1,Urgent,4,Neurological,4,1,6.1,2.52,9.7,135.3,149,95,38.3,2,Private,0,0,0,8.8,2
55,1,2,Elective,0,Cardiac,4,2,6.1,0.68,4.9,127.9,156,75,37.8,2,Private,0,0,0,3.2,1
33,1,0,Emergency,2,Orthopedic,3,4,4.9,0.66,15.1,142.8,158,79,37.7,0,Medicare,1,0,1,5.8,1
70,1,1,Urgent,3,GI,6,1,6.7,0.89,9.2,144.9,128,68,37.3,0,Medicare,0,2,0,5.2,1
65,1,2,Elective,0,Cardiac,3,0,7.0,0.82,9.0,133.1,115,71,35.0,1,Medicaid,0,2,0,3.8,1
42,0,0,Emergency,0,Cardiac,1,4,8.7,1.17,11.1,136.1,156,82,37.4,1,Medicaid,0,2,1,3.8,1
50,0,0,Emergency,1,Respiratory,3,2,4.0,1.43,7.4,140.5,158,79,36.4,3,Self-Pay,0,0,1,3.4,1
67,1,0,Emergency,1,Respiratory,3,1,6.7,1.4,8.4,143.7,137,70,37.4,1,Medicaid,0,3,1,3.2,1
56,1,1,Urgent,3,GI,1,0,5.7,0.94,7.6,132.9,127,77,35.0,2,Private,0,2,0,4.4,1
69,1,1,Urgent,5,Infection,5,3,5.9,0.91,6.2,135.7,153,66,36.5,0,Medicare,0,1,0,5.5,1
73,0,0,Emergency,0,Cardiac,4,2,10.2,1.0,6.5,142.3,117,75,38.2,0,Medicare,0,5,1,4.1,1
55,0,2,Elective,5,Infection,6,4,8.4,2.03,8.9,142.8,141,96,37.0,2,Private,0,2,0,7.7,2
60,0,2,Elective,2,Orthopedic,2,3,8.6,0.95,7.8,130.3,123,91,37.0,2,Private,1,0,0,4.8,1
67,0,2,Elective,3,GI,7,3,7.0,1.37,10.1,135.5,135,79,37.7,2,Private,0,2,0,3.8,1
87,1,1,Urgent,4,Neurological,2,0,6.7,1.1,4.5,138.8,141,57,36.9,2,Private,1,0,0,6.2,1
80,1,1,Urgent,3,GI,1,4,4.4,0.91,5.8,139.6,80,100,37.5,1,Medicaid,0,3,0,5.5,1
63,0,2,Elective,0,Cardiac,1,1,9.6,1.68,9.3,135.7,149,82,36.2,1,Medicaid,0,5,0,2.9,0
70,1,0,Emergency,0,Cardiac,6,0,4.8,0.89,11.5,134.5,108,95,36.4,1,Medicaid,1,4,1,6.7,1
72,0,1,Urgent,4,Neurological,5,4,7.3,1.29,8.1,136.9,149,56,38.5,1,Medicaid,0,0,0,4.2,1
72,1,1,Urgent,1,Respiratory,3,4,5.8,1.55,8.0,139.7,136,96,37.1,2,Private,0,1,0,5.0,1
55,1,0,Emergency,3,GI,5,3,5.9,1.41,9.0,131.1,127,58,38.9,2,Private,0,2,1,4.8,1
64,0,0,Emergency,2,Orthopedic,8,2,4.0,1.35,9.3,131.6,132,81,37.2,0,Medicare,0,2,1,5.1,1
54,1,0,Emergency,1,Respiratory,4,3,7.0,1.19,14.6,139.3,123,72,36.6,2,Private,0,1,1,6.8,1
58,1,0,Emergency,4,Neurological,6,1,4.0,1.22,10.8,138.6,156,75,36.1,0,Medicare,0,1,1,4.2,1
70,0,1,Urgent,4,Neurological,2,4,4.0,1.15,6.8,137.1,118,76,38.2,1,Medicaid,1,0,0,6.3,1
52,1,2,Elective,3,GI,2,2,5.5,0.92,9.9,140.2,114,68,37.4,0,Medicare,0,1,0,2.6,0
51,0,0,Emergency,1,Respiratory,3,5,7.3,0.89,9.6,140.2,146,75,36.7,3,Self-Pay,0,3,1,3.3,1
70,1,0,Emergency,1,Respiratory,4,3,4.4,1.16,3.5,137.3,85,83,37.9,2,Private,0,2,1,4.9,1
89,1,1,Urgent,2,Orthopedic,4,1,4.0,1.25,1.5,137.2,127,84,38.1,3,Self-Pay,0,1,0,2.2,0
49,1,0,Emergency,4,Neurological,5,3,9.8,1.31,11.5,135.4,132,83,36.7,3,Self-Pay,0,2,1,6.7,1
33,0,0,Emergency,3,GI,4,4,10.2,1.51,5.7,136.7,116,95,39.1,0,Medicare,1,1,1,5.8,1
81,0,0,Emergency,5,Infection,5,1,7.7,0.7,13.0,138.4,100,89,37.2,0,Medicare,0,0,1,5.8,1
71,0,0,Emergency,0,Cardiac,1,3,5.8,1.36,10.3,139.1,111,90,37.1,1,Medicaid,0,2,1,5.0,1
56,0,0,Emergency,5,Infection,2,2,7.4,1.34,8.7,129.5,140,99,38.9,0,Medicare,0,1,1,5.2,1
42,0,0,Emergency,3,GI,3,1,7.7,1.35,8.6,136.9,98,84,37.9,2,Private,0,1,1,4.2,1
59,1,2,Elective,4,Neurological,4,2,7.5,1.41,7.7,139.7,100,124,37.6,1,Medicaid,1,2,0,6.9,1
84,1,0,Emergency,1,Respiratory,2,3,7.8,0.83,4.3,137.0,109,94,38.8,3,Self-Pay,1,2,1,6.8,1
64,1,0,Emergency,2,Orthopedic,2,1,7.5,1.28,7.4,144.0,135,77,36.9,2,Private,0,3,1,4.2,1
67,0,2,Elective,4,Neurological,1,2,5.9,1.29,4.0,136.9,105,86,37.2,2,Private,0,0,0,3.1,1
78,0,1,Urgent,4,Neurological,8,2,6.6,0.54,12.1,138.0,133,100,37.3,0,Medicare,0,0,0,8.7,2
61,0,0,Emergency,1,Respiratory,3,7,7.9,2.19,10.6,140.7,147,64,37.8,2,Private,0,2,1,7.6,2
36,0,0,Emergency,1,Respiratory,5,2,7.3,0.78,8.3,136.7,135,53,35.6,2,Private,1,1,1,7.0,1
51,0,1,Urgent,3,GI,1,0,8.1,1.29,10.1,147.3,114,82,36.6,0,Medicare,1,0,0,5.3,1
53,0,1,Urgent,5,Infection,4,2,4.9,0.45,12.6,136.8,164,40,36.0,0,Medicare,0,1,0,4.3,1
70,1,0,Emergency,2,Orthopedic,7,2,7.0,1.89,1.5,131.7,174,73,36.5,2,Private,1,3,1,7.1,2
67,1,0,Emergency,1,Respiratory,4,1,5.0,0.89,8.3,132.6,116,82,37.9,0,Medicare,0,1,1,8.4,2
31,0,2,Elective,5,Infection,6,1,6.6,0.96,8.1,137.0,84,88,37.7,0,Medicare,0,2,0,4.6,1
77,1,1,Urgent,3,GI,3,4,5.3,0.74,9.0,139.2,135,63,37.2,1,Medicaid,1,2,0,6.2,1
72,0,0,Emergency,1,Respiratory,5,0,6.0,0.93,6.9,135.0,147,116,38.1,0,Medicare,1,3,1,6.6,1
83,1,0,Emergency,0,Cardiac,4,2,8.2,1.23,11.2,143.0,80,85,37.5,2,Private,0,1,1,4.2,1
25,0,0,Emergency,4,Neurological,4,0,7.5,2.34,12.2,141.3,137,67,37.8,0,Medicare,0,1,1,8.5,2
84,0,0,Emergency,1,Respiratory,1,3,4.7,1.72,8.4,139.1,104,96,36.9,3,Self-Pay,0,3,1,3.9,1
72,0,2,Elective,0,Cardiac,4,0,5.6,1.7,12.5,140.9,148,73,35.9,0,Medicare,0,0,0,6.2,1
36,0,0,Emergency,3,GI,1,1,8.0,0.68,10.6,142.6,100,97,38.8,0,Medicare,0,1,1,2.0,0
70,1,2,Elective,1,Respiratory,5,0,9.9,1.29,8.1,135.9,137,104,36.6,0,Medicare,0,1,0,4.5,1
64,1,0,Emergency,1,Respiratory,2,4,8.0,0.96,9.6,138.2,134,76,36.2,1,Medicaid,0,0,1,2.8,0
63,1,0,Emergency,2,Orthopedic,3,2,5.3,0.71,7.8,133.3,125,83,37.1,1,Medicaid,0,3,1,2.4,0
62,0,0,Emergency,3,GI,4,1,6.2,0.87,10.8,147.0,80,97,36.7,1,Medicaid,0,4,1,3.5,1
36,1,1,Urgent,1,Respiratory,1,3,7.1,1.17,12.6,136.0,115,85,37.5,0,Medicare,0,2,0,5.2,1
54,1,1,Urgent,0,Cardiac,3,1,7.1,0.98,12.0,130.0,111,95,36.6,2,Private,1,2,0,6.5,1
83,1,1,Urgent,2,Orthopedic,3,2,6.9,1.34,10.0,136.3,98,75,36.9,0,Medicare,0,4,0,4.1,1
50,1,1,Urgent,0,Cardiac,3,1,4.9,0.66,13.4,136.2,118,122,36.3,2,Private,0,3,0,1.7,0
63,1,0,Emergency,3,GI,1,5,5.7,3.4,8.5,140.9,131,72,37.0,1,Medicaid,1,1,1,6.0,1
64,1,1,Urgent,5,Infection,5,1,7.0,1.28,11.7,140.6,144,85,36.3,0,Medicare,0,0,0,2.9,0
58,1,0,Emergency,3,GI,9,1,5.8,0.94,5.7,141.4,158,70,37.0,2,Private,0,0,1,5.6,1
74,0,1,Urgent,1,Respiratory,2,1,8.3,1.0,11.0,137.5,149,75,36.8,0,Medicare,0,1,0,4.3,1
78,0,0,Emergency,0,Cardiac,1,1,4.0,0.61,11.0,139.7,151,82,37.2,0,Medicare,0,2,1,5.1,1
46,1,0,Emergency,1,Respiratory,2,1,8.8,0.58,8.0,129.1,131,68,36.4,2,Private,0,0,1,4.6,1
65,1,2,Elective,1,Respiratory,6,2,10.3,1.07,10.7,136.7,148,40,36.3,0,Medicare,1,1,0,4.5,1
48,0,0,Emergency,1,Respiratory,1,3,7.2,1.28,8.9,144.5,83,99,36.6,1,Medicaid,0,2,1,5.1,1
50,1,2,Elective,0,Cardiac,3,4,5.2,0.65,15.1,144.6,158,56,35.7,1,Medicaid,0,2,0,5.9,1
50,0,2,Elective,5,Infection,1,3,9.4,0.78,9.9,134.9,159,106,36.7,0,Medicare,0,0,0,2.1,0
39,0,0,Emergency,5,Infection,3,2,5.9,1.23,1.5,137.7,135,82,35.4,2,Private,0,0,1,5.5,1
67,0,0,Emergency,3,GI,1,0,5.1,0.72,4.7,137.0,114,63,36.7,0,Medicare,1,1,1,7.5,2
74,1,2,Elective,0,Cardiac,3,1,7.1,1.74,9.0,132.2,149,76,37.6,0,Medicare,0,1,0,4.2,1
61,0,2,Elective,4,Neurological,3,2,8.6,1.33,3.7,138.6,167,97,37.5,0,Medicare,0,1,0,3.9,1
51,1,0,Emergency,0,Cardiac,3,2,10.0,0.95,8.4,136.1,185,81,37.3,1,Medicaid,0,1,1,3.4,1
80,0,2,Elective,0,Cardiac,4,3,5.4,1.24,12.0,133.4,130,74,36.6,0,Medicare,0,1,0,4.2,1
85,1,2,Elective,1,Respiratory,4,2,6.7,0.79,11.9,131.6,126,77,37.8,2,Private,0,2,0,5.5,1
81,1,1,Urgent,2,Orthopedic,3,1,6.7,0.8,11.6,141.7,109,73,36.0,0,Medicare,0,2,0,4.6,1
35,0,2,Elective,1,Respiratory,3,1,5.7,2.24,2.7,131.3,141,79,36.7,2,Private,0,1,0,5.6,1
83,1,0,Emergency,0,Cardiac,1,1,7.0,2.46,12.0,140.1,128,64,36.6,2,Private,1,0,1,7.1,2
64,1,1,Urgent,0,Cardiac,3,1,7.5,0.96,9.8,141.5,141,82,37.2,0,Medicare,1,0,0,7.1,2
58,0,0,Emergency,4,Neurological,2,0,7.1,1.17,17.3,135.8,120,80,36.8,0,Medicare,0,2,1,2.6,0
67,1,0,Emergency,1,Respiratory,5,1,4.8,0.96,7.2,140.0,136,90,37.0,1,Medicaid,0,1,1,4.4,1
31,0,1,Urgent,0,Cardiac,3,0,6.6,1.93,11.6,131.6,144,78,36.7,0,Medicare,0,0,0,3.7,1
78,0,0,Emergency,2,Orthopedic,8,0,4.5,2.79,6.9,140.9,130,76,38.4,1,Medicaid,1,2,1,11.2,2
86,1,1,Urgent,0,Cardiac,3,1,4.0,0.89,6.7,140.7,130,71,37.0,2,Private,1,2,0,6.9,1
55,1,2,Elective,3,GI,5,4,6.5,0.66,11.6,138.5,156,96,35.6,1,Medicaid,0,2,0,3.8,1
51,0,0,Emergency,1,Respiratory,3,4,7.3,1.75,3.7,139.8,124,87,38.3,0,Medicare,0,3,1,3.5,1
54,0,0,Emergency,3,GI,5,3,6.6,1.6,5.3,138.2,148,113,37.1,3,Self-Pay,0,1,1,4.6,1
76,1,1,Urgent,3,GI,3,1,6.0,2.07,9.6,133.1,140,84,38.6,1,Medicaid,0,1,0,6.6,1
40,1,0,Emergency,4,Neurological,3,2,7.1,1.28,7.2,139.3,161,83,37.9,2,Private,1,1,1,7.3,2
79,0,2,Elective,1,Respiratory,2,5,9.6,0.46,9.9,139.1,147,92,36.0,0,Medicare,0,2,0,4.4,1
33,1,0,Emergency,2,Orthopedic,4,4,6.9,0.68,9.6,140.0,146,84,35.9,1,Medicaid,0,1,1,4.4,1
61,0,1,Urgent,5,Infection,2,0,10.4,2.64,8.1,137.8,155,89,38.0,3,Self-Pay,0,1,0,3.7,1
77,0,0,Emergency,4,Neurological,2,4,6.2,1.13,1.8,137.3,108,78,37.3,1,Medicaid,1,1,1,8.3,2
37,1,0,Emergency,5,Infection,1,1,6.3,0.79,9.6,140.6,143,62,35.6,2,Private,1,0,1,6.7,1
50,1,0,Emergency,5,Infection,4,5,7.0,0.49,12.0,125.0,160,52,36.3,2,Private,1,4,1,9.3,2
50,0,0,Emergency,3,GI,8,2,4.0,1.44,10.6,141.2,102,89,36.2,2,Private,0,0,1,3.8,1
83,1,1,Urgent,1,Respiratory,2,3,6.8,1.2,2.6,136.1,139,80,36.6,2,Private,0,3,0,3.6,1
52,0,1,Urgent,4,Neurological,3,3,4.7,0.67,6.8,138.1,163,72,36.5,0,Medicare,0,3,0,6.5,1
67,1,0,Emergency,3,GI,2,5,7.8,0.76,12.0,134.0,112,77,38.4,3,Self-Pay,0,1,1,3.7,1
79,0,0,Emergency,3,GI,3,3,5.5,0.81,13.8,142.1,149,59,36.0,3,Self-Pay,1,0,1,7.5,2
68,0,1,Urgent,3,GI,1,1,5.3,1.42,9.0,141.6,131,106,36.2,2,Private,0,0,0,3.4,1
71,0,2,Elective,3,GI,4,0,6.8,2.49,3.1,138.6,114,89,36.6,0,Medicare,0,2,0,5.5,1
62,1,1,Urgent,2,Orthopedic,6,3,5.3,0.99,6.3,133.8,147,85,37.5,0,Medicare,1,1,0,6.1,1
21,0,0,Emergency,2,Orthopedic,2,4,5.2,2.42,6.2,133.8,138,77,37.3,0,Medicare,0,0,1,5.2,1
76,0,2,Elective,0,Cardiac,2,2,6.4,1.15,9.4,137.3,150,90,36.7,0,Medicare,1,0,0,6.7,1
73,0,2,Elective,5,Infection,3,3,9.0,0.8,9.0,132.3,125,72,37.1,0,Medicare,0,2,0,4.8,1
45,1,0,Emergency,5,Infection,3,0,6.1,2.17,7.3,141.3,124,65,37.8,2,Private,0,1,1,7.7,2
50,0,1,Urgent,3,GI,4,2,10.5,1.44,2.2,138.4,80,100,36.3,0,Medicare,0,1,0,3.8,1
74,1,1,Urgent,1,Respiratory,9,5,8.7,2.13,5.1,136.5,132,76,37.7,0,Medicare,0,1,0,7.5,2
55,0,2,Elective,0,Cardiac,3,2,5.9,1.38,10.2,135.5,150,78,37.7,2,Private,0,0,0,2.8,0
57,1,1,Urgent,0,Cardiac,1,0,7.2,3.46,7.8,139.1,107,70,35.9,1,Medicaid,0,4,0,7.3,2
71,1,2,Elective,0,Cardiac,4,2,7.1,1.31,8.0,137.4,113,61,37.9,2,Private,1,4,0,6.5,1
54,1,0,Emergency,1,Respiratory,2,4,6.3,1.46,4.6,138.8,138,90,37.7,2,Private,0,0,1,5.9,1
87,1,0,Emergency,0,Cardiac,3,2,7.0,0.84,13.4,133.2,142,83,37.8,1,Medicaid,0,1,1,7.5,2
64,1,2,Elective,1,Respiratory,5,2,4.7,1.79,1.5,133.6,145,82,35.8,3,Self-Pay,0,6,0,5.4,1
42,1,2,Elective,3,GI,1,1,8.8,1.09,14.5,145.7,128,75,38.3,3,Self-Pay,1,1,0,5.1,1
63,0,1,Urgent,5,Infection,2,2,6.6,1.59,10.5,142.0,116,66,37.3,1,Medicaid,1,0,0,6.2,1
72,1,2,Elective,0,Cardiac,5,4,8.3,2.23,6.9,136.2,110,97,37.7,1,Medicaid,0,0,0,5.0,1
43,1,1,Urgent,2,Orthopedic,3,1,5.6,1.2,7.8,134.5,112,58,38.1,0,Medicare,0,0,0,4.3,1
24,0,1,Urgent,5,Infection,2,1,10.0,1.59,8.2,134.7,110,61,37.3,2,Private,1,1,0,8.2,2
59,0,1,Urgent,5,Infection,4,1,6.1,2.19,11.0,135.6,109,61,38.2,0,Medicare,0,0,0,5.1,1
77,1,1,Urgent,1,Respiratory,1,1,5.1,0.74,8.4,135.9,127,129,37.0,0,Medicare,1,2,0,6.6,1
50,1,0,Emergency,1,Respiratory,3,2,4.0,1.24,13.7,139.8,114,79,36.4,0,Medicare,0,1,1,3.3,1
64,0,1,Urgent,1,Respiratory,4,3,6.8,0.56,4.7,146.0,141,76,37.0,3,Self-Pay,0,1,0,5.7,1
73,1,0,Emergency,0,Cardiac,2,1,7.9,1.09,11.5,146.5,103,62,37.5,2,Private,0,0,1,5.5,1
67,0,0,Emergency,2,Orthopedic,4,0,8.1,1.77,12.0,146.1,139,75,37.1,2,Private,0,1,1,5.3,1
31,0,0,Emergency,1,Respiratory,2,2,6.6,0.51,5.4,134.5,122,105,38.5,2,Private,1,1,1,7.5,2
75,1,2,Elective,4,Neurological,1,1,4.7,0.79,9.8,141.8,136,99,37.7,1,Medicaid,0,2,0,2.8,0
50,1,0,Emergency,1,Respiratory,1,3,9.4,0.66,9.1,139.3,132,55,35.7,1,Medicaid,0,1,1,3.4,1
87,1,0,Emergency,4,Neurological,3,1,6.0,1.7,10.7,137.8,139,74,37.6,2,Private,0,3,1,5.3,1
73,0,0,Emergency,1,Respiratory,1,1,4.0,1.45,9.7,138.8,119,110,38.8,3,Self-Pay,0,0,1,3.9,1
67,1,0,Emergency,3,GI,1,4,6.2,1.96,8.6,140.8,125,81,37.9,2,Private,0,0,1,2.6,0
63,0,0,Emergency,3,GI,9,3,4.0,1.78,8.3,139.8,146,62,38.5,1,Medicaid,0,0,1,5.2,1
90,1,0,Emergency,3,GI,1,2,4.0,0.91,8.5,139.2,121,76,38.9,0,Medicare,0,4,1,4.9,1
79,0,0,Emergency,0,Cardiac,6,2,5.6,1.09,6.4,139.7,100,85,35.5,2,Private,0,0,1,6.0,1
53,0,2,Elective,1,Respiratory,3,2,4.5,0.98,6.6,138.2,132,114,38.5,2,Private,0,0,0,3.6,1
81,1,2,Elective,1,Respiratory,3,2,5.4,2.23,8.2,135.0,123,71,37.7,0,Medicare,1,1,0,7.9,2
52,0,0,Emergency,3,GI,4,1,6.3,1.48,11.4,135.9,118,87,37.0,2,Private,0,1,1,2.4,0
50,1,1,Urgent,0,Cardiac,4,1,4.3,1.8,6.0,127.7,137,65,38.0,0,Medicare,0,1,0,5.1,1
70,0,1,Urgent,2,Orthopedic,3,2,7.5,1.62,11.1,141.7,137,79,38.8,0,Medicare,0,1,0,1.0,0
80,0,1,Urgent,0,Cardiac,4,2,4.6,0.93,1.9,134.3,152,92,37.8,1,Medicaid,0,1,0,3.7,1
52,0,1,Urgent,1,Respiratory,3,2,5.6,0.77,6.4,137.8,145,63,37.3,0,Medicare,0,0,0,1.9,0
88,1,0,Emergency,3,GI,7,0,7.1,1.45,10.6,138.2,143,91,39.1,1,Medicaid,0,1,1,3.0,0
79,0,1,Urgent,2,Orthopedic,3,1,9.4,2.26,13.9,139.8,121,111,38.3,0,Medicare,0,0,0,5.4,1
68,1,0,Emergency,1,Respiratory,2,3,5.5,1.35,10.9,139.8,108,87,37.7,3,Self-Pay,0,0,1,5.7,1
44,1,0,Emergency,3,GI,1,0,5.5,0.68,6.9,141.4,116,99,37.4,2,Private,1,0,1,5.5,1
67,0,0,Emergency,4,Neurological,1,4,7.9,1.5,13.2,136.7,100,61,37.2,0,Medicare,0,1,1,2.9,0
74,1,2,Elective,1,Respiratory,3,2,6.4,0.92,10.0,133.0,127,76,35.4,2,Private,1,0,0,6.4,1
65,0,1,Urgent,1,Respiratory,3,2,6.5,0.53,8.3,138.0,93,51,36.2,0,Medicare,0,1,0,3.7,1
39,1,0,Emergency,3,GI,5,2,7.0,2.4,8.2,135.7,153,86,38.1,1,Medicaid,0,1,1,3.4,1
42,0,2,Elective,5,Infection,5,2,5.3,0.8,10.4,140.5,137,87,37.8,2,Private,0,0,0,5.8,1
21,0,2,Elective,0,Cardiac,1,1,6.8,2.08,10.5,139.5,137,79,37.7,1,Medicaid,0,2,0,5.1,1
18,0,0,Emergency,3,GI,6,1,10.3,2.16,4.8,133.7,172,82,36.9,0,Medicare,0,0,1,4.5,1
50,1,0,Emergency,5,Infection,2,1,6.3,1.4,7.7,139.7,121,96,38.2,0,Medicare,0,1,1,4.5,1
57,1,1,Urgent,2,Orthopedic,4,1,10.2,0.79,8.3,134.1,101,77,37.1,0,Medicare,1,1,0,4.4,1
33,1,0,Emergency,1,Respiratory,7,3,4.0,1.97,6.8,136.4,144,93,36.4,3,Self-Pay,0,0,1,3.2,1
36,1,1,Urgent,3,GI,2,3,6.0,0.81,13.4,137.4,123,83,37.9,2,Private,1,0,0,4.9,1
83,0,2,Elective,0,Cardiac,2,4,6.5,1.14,11.2,130.5,102,91,37.4,2,Private,0,1,0,4.5,1
70,0,0,Emergency,1,Respiratory,3,1,4.0,1.04,5.2,143.0,158,80,37.5,1,Medicaid,0,1,1,4.4,1
59,1,0,Emergency,1,Respiratory,3,1,6.0,0.98,13.9,135.3,149,110,37.4,2,Private,0,1,1,3.4,1
70,1,0,Emergency,1,Respiratory,3,4,5.2,1.3,11.7,134.1,156,65,37.0,3,Self-Pay,0,1,1,6.0,1
55,0,1,Urgent,0,Cardiac,5,2,5.2,0.55,6.3,137.2,118,99,38.0,3,Self-Pay,0,3,0,6.4,1
53,0,0,Emergency,4,Neurological,3,2,6.6,0.85,5.6,134.3,119,78,39.6,0,Medicare,0,1,1,5.1,1
58,1,1,Urgent,5,Infection,3,3,9.4,0.77,8.3,148.1,150,84,37.4,0,Medicare,1,2,0,5.8,1
86,0,0,Emergency,1,Respiratory,1,1,7.6,1.49,3.9,140.3,117,86,36.7,2,Private,1,0,1,8.3,2
62,1,0,Emergency,0,Cardiac,2,2,8.0,1.6,13.0,132.2,122,81,36.9,2,Private,0,2,1,5.2,1
72,1,1,Urgent,3,GI,4,1,7.0,1.06,7.1,141.5,139,103,37.2,1,Medicaid,1,0,0,7.3,2
58,1,1,Urgent,2,Orthopedic,6,3,4.9,1.53,11.3,132.6,161,69,36.8,0,Medicare,0,0,0,2.3,0
52,0,1,Urgent,4,Neurological,4,0,6.2,1.13,8.6,139.0,81,94,38.0,0,Medicare,0,1,0,4.1,1
50,0,0,Emergency,3,GI,1,4,6.5,1.02,7.3,143.2,121,99,37.8,1,Medicaid,1,0,1,7.3,2
71,0,0,Emergency,5,Infection,4,4,6.1,1.34,10.1,136.8,108,91,37.8,2,Private,1,1,1,9.8,2
35,1,2,Elective,0,Cardiac,1,2,6.0,1.28,9.5,133.5,147,102,37.5,1,Medicaid,0,0,0,2.9,0
82,1,1,Urgent,0,Cardiac,5,0,7.5,0.72,8.0,137.4,102,62,37.6,1,Medicaid,0,0,0,6.4,1
74,1,2,Elective,1,Respiratory,1,4,8.2,1.77,8.4,133.5,137,85,36.3,1,Medicaid,0,2,0,4.2,1
65,1,0,Emergency,2,Orthopedic,3,3,9.0,0.61,11.8,128.9,87,88,36.6,0,Medicare,1,1,1,6.1,1
68,0,0,Emergency,5,Infection,1,4,6.4,0.64,6.0,141.8,144,79,37.8,0,Medicare,1,0,1,8.4,2
68,1,1,Urgent,5,Infection,4,2,8.9,0.73,15.6,139.9,146,77,36.6,2,Private,1,0,0,8.4,2
40,0,2,Elective,5,Infection,4,0,6.3,1.15,9.6,133.9,129,90,36.1,0,Medicare,1,4,0,7.8,2
31,1,2,Elective,1,Respiratory,4,1,6.7,2.35,9.0,140.8,93,67,37.6,2,Private,0,3,0,2.8,0
83,1,2,Elective,4,Neurological,2,1,7.2,2.07,10.3,137.9,131,97,37.5,0,Medicare,1,0,0,7.6,2
50,1,0,Emergency,1,Respiratory,4,1,8.2,0.77,8.2,135.1,131,91,37.2,1,Medicaid,1,1,1,7.6,2
78,1,2,Elective,5,Infection,3,2,10.1,1.11,5.7,139.6,130,74,37.1,0,Medicare,1,0,0,6.6,1
79,0,2,Elective,0,Cardiac,1,0,4.2,0.67,10.5,136.5,141,75,37.0,0,Medicare,0,2,0,5.0,1
54,1,0,Emergency,0,Cardiac,4,0,6.0,0.85,9.0,131.0,95,65,36.8,2,Private,0,1,1,4.1,1
90,0,0,Emergency,4,Neurological,4,2,7.5,2.77,11.4,145.9,147,78,38.1,0,Medicare,0,2,1,7.6,2
72,1,1,Urgent,3,GI,1,1,4.5,1.06,9.1,144.9,151,79,37.3,0,Medicare,0,1,0,1.0,0
62,1,0,Emergency,4,Neurological,2,2,4.0,1.98,6.6,142.2,84,91,35.7,2,Private,1,0,1,7.8,2
78,0,1,Urgent,0,Cardiac,2,1,6.2,1.67,8.0,137.5,94,80,37.2,0,Medicare,0,2,0,4.3,1
27,0,2,Elective,5,Infection,4,2,4.8,0.86,11.7,143.4,128,107,35.4,2,Private,0,3,0,4.9,1
50,0,2,Elective,3,GI,3,1,7.6,0.79,7.9,135.9,101,40,37.8,0,Medicare,0,0,0,4.5,1
50,0,2,Elective,3,GI,5,2,5.3,1.14,12.9,132.7,138,83,36.7,2,Private,0,1,0,2.2,0
70,1,1,Urgent,3,GI,7,1,7.4,1.09,6.9,134.3,140,89,36.9,1,Medicaid,0,3,0,4.2,1
31,0,0,Emergency,4,Neurological,2,2,9.2,1.73,8.7,143.2,141,63,37.9,1,Medicaid,1,0,1,7.6,2
50,1,1,Urgent,2,Orthopedic,4,1,10.0,1.03,14.0,133.4,91,86,38.1,0,Medicare,0,1,0,4.1,1
55,0,0,Emergency,0,Cardiac,4,1,7.1,1.73,10.2,133.1,115,76,36.7,0,Medicare,0,1,1,6.7,1
80,1,0,Emergency,2,Orthopedic,3,2,5.2,0.86,13.9,136.1,127,105,37.7,2,Private,0,0,1,3.8,1
43,1,1,Urgent,4,Neurological,1,1,9.0,1.18,12.9,133.4,101,72,37.1,3,Self-Pay,0,0,0,5.6,1
65,0,0,Emergency,0,Cardiac,1,2,7.0,0.74,1.5,138.9,114,81,37.9,2,Private,0,2,1,4.6,1
53,1,0,Emergency,1,Respiratory,3,1,7.0,0.54,6.6,143.9,132,83,38.9,1,Medicaid,0,0,1,5.0,1
87,1,0,Emergency,3,GI,1,4,7.5,0.77,15.5,146.1,125,55,37.5,0,Medicare,0,3,1,4.9,1
85,0,2,Elective,1,Respiratory,2,2,4.6,1.46,6.6,138.7,141,97,36.1,0,Medicare,1,2,0,4.5,1
90,1,0,Emergency,0,Cardiac,5,1,4.3,2.15,10.5,138.7,91,71,37.6,3,Self-Pay,1,0,1,9.3,2
63,0,0,Emergency,5,Infection,5,1,7.9,1.09,12.7,137.7,131,75,36.7,3,Self-Pay,0,0,1,6.6,1
50,0,2,Elective,0,Cardiac,1,1,5.8,1.43,14.0,137.8,124,73,37.4,1,Medicaid,0,1,0,5.1,1
59,1,1,Urgent,1,Respiratory,4,1,7.6,1.0,7.6,135.8,126,57,36.7,0,Medicare,0,0,0,5.2,1
29,0,0,Emergency,2,Orthopedic,1,1,6.5,0.94,11.7,133.2,122,76,37.9,2,Private,0,2,1,3.8,1
66,1,1,Urgent,2,Orthopedic,1,2,8.5,1.91,12.2,145.9,115,93,37.3,0,Medicare,0,2,0,4.8,1
76,0,0,Emergency,1,Respiratory,5,1,9.5,2.09,5.0,134.4,122,88,37.6,1,Medicaid,0,2,1,7.0,1
28,0,0,Emergency,5,Infection,1,4,6.9,2.19,12.5,143.8,120,114,37.5,0,Medicare,0,2,1,6.1,1
61,1,2,Elective,3,GI,2,4,8.1,1.7,12.5,140.4,109,81,37.9,0,Medicare,0,2,0,4.0,1
46,1,0,Emergency,1,Respiratory,2,2,6.5,1.01,9.4,139.2,129,79,36.4,2,Private,0,3,1,6.0,1
70,1,1,Urgent,1,Respiratory,4,2,8.9,0.89,11.9,144.1,135,93,38.0,2,Private,1,0,0,7.3,2
90,0,1,Urgent,2,Orthopedic,5,1,4.0,0.55,13.2,137.6,94,84,36.1,0,Medicare,0,0,0,5.4,1
53,1,0,Emergency,0,Cardiac,3,2,7.6,2.77,6.9,138.8,131,84,36.7,1,Medicaid,0,3,1,5.9,1
33,1,1,Urgent,5,Infection,3,3,5.8,0.59,13.5,133.2,111,67,38.3,2,Private,0,0,0,4.8,1
67,1,0,Emergency,1,Respiratory,1,3,7.6,1.18,16.1,132.2,114,92,36.5,2,Private,0,1,1,2.5,0
38,1,0,Emergency,3,GI,2,1,6.3,0.57,17.4,132.4,149,113,37.5,2,Private,0,2,1,4.9,1
70,1,1,Urgent,4,Neurological,4,1,7.3,1.88,8.7,142.8,80,100,36.2,1,Medicaid,1,1,0,6.8,1
54,0,0,Emergency,4,Neurological,4,4,5.9,1.38,13.2,134.3,123,113,36.9,0,Medicare,0,2,1,7.1,2
54,0,1,Urgent,0,Cardiac,4,0,4.0,2.1,8.8,135.7,152,75,36.6,1,Medicaid,0,1,0,5.0,1
70,0,0,Emergency,2,Orthopedic,1,1,8.7,1.28,4.9,143.2,115,65,37.8,1,Medicaid,0,0,1,5.1,1
54,1,1,Urgent,0,Cardiac,5,2,4.0,1.59,8.9,134.2,145,75,36.3,2,Private,0,1,0,4.8,1
84,0,1,Urgent,4,Neurological,1,2,4.6,1.36,10.4,142.5,132,66,35.9,2,Private,0,2,0,5.3,1
53,1,0,Emergency,2,Orthopedic,2,2,7.4,2.06,8.2,134.3,90,110,37.8,2,Private,0,4,1,4.6,1
22,0,2,Elective,0,Cardiac,4,2,7.4,1.36,5.7,144.6,139,84,36.7,0,Medicare,1,2,0,4.8,1
57,1,1,Urgent,3,GI,4,2,8.3,1.81,10.9,135.5,119,53,37.3,1,Medicaid,0,2,0,1.3,0
39,0,2,Elective,1,Respiratory,4,2,7.3,2.88,17.0,132.9,125,79,36.5,1,Medicaid,0,0,0,4.7,1
74,1,0,Emergency,0,Cardiac,3,1,8.7,0.81,8.1,132.0,124,90,36.1,1,Medicaid,0,1,1,5.0,1
69,0,2,Elective,2,Orthopedic,2,2,7.9,0.84,10.0,138.8,131,79,36.2,1,Medicaid,1,3,0,5.0,1
50,1,1,Urgent,1,Respiratory,4,3,4.0,2.03,9.1,149.0,164,77,36.0,1,Medicaid,0,0,0,3.7,1
84,1,1,Urgent,5,Infection,4,4,6.8,1.3,11.7,138.6,127,89,36.5,2,Private,0,1,0,7.8,2
20,1,2,Elective,1,Respiratory,5,1,5.5,1.31,9.1,141.1,119,63,37.6,2,Private,0,1,0,3.2,1
77,0,1,Urgent,3,GI,2,1,9.7,1.56,10.1,133.4,123,80,38.1,1,Medicaid,1,1,0,5.2,1
39,0,2,Elective,5,Infection,3,0,5.4,1.29,12.9,143.5,104,51,36.2,1,Medicaid,0,1,0,4.1,1
58,1,1,Urgent,1,Respiratory,2,1,7.9,0.57,13.1,141.1,104,91,37.3,2,Private,1,1,0,6.4,1
83,0,1,Urgent,1,Respiratory,1,0,4.0,1.31,15.5,133.7,139,91,36.7,0,Medicare,0,0,0,3.8,1
80,0,0,Emergency,0,Cardiac,2,4,6.2,0.71,8.0,137.4,100,84,36.3,1,Medicaid,0,0,1,5.2,1
74,1,0,Emergency,5,Infection,3,3,6.7,1.48,7.0,138.8,118,87,37.5,0,Medicare,0,4,1,4.7,1
82,0,1,Urgent,4,Neurological,2,0,4.0,1.43,2.3,130.5,108,75,37.4,1,Medicaid,1,5,0,5.6,1
24,0,2,Elective,1,Respiratory,5,1,5.9,1.34,8.1,137.9,122,87,37.8,2,Private,1,0,0,5.8,1
18,1,2,Elective,1,Respiratory,5,3,7.4,1.1,6.8,134.6,99,91,37.1,1,Medicaid,0,1,0,2.6,0
42,0,1,Urgent,5,Infection,3,2,8.3,2.99,9.7,139.1,132,87,36.4,2,Private,0,0,0,8.1,2
82,0,1,Urgent,2,Orthopedic,1,1,8.1,3.19,8.4,138.1,138,88,37.8,1,Medicaid,0,0,0,2.1,0
59,1,0,Emergency,3,GI,1,2,6.7,0.52,1.6,143.2,144,102,36.8,3,Self-Pay,0,0,1,2.8,0
34,0,0,Emergency,3,GI,4,1,7.3,0.94,3.6,135.0,129,80,38.1,2,Private,1,0,1,6.2,1
57,1,0,Emergency,4,Neurological,4,0,4.5,2.52,6.3,137.9,130,74,37.3,1,Medicaid,0,1,1,7.5,2
60,0,0,Emergency,5,Infection,2,2,4.0,1.83,8.1,139.6,118,77,37.6,3,Self-Pay,0,1,1,5.8,1
83,1,1,Urgent,4,Neurological,6,2,6.5,1.03,17.0,139.9,127,68,37.6,2,Private,1,2,0,8.3,2
50,0,2,Elective,5,Infection,3,4,4.1,2.01,9.1,135.9,130,71,36.5,0,Medicare,0,1,0,6.6,1
80,0,0,Emergency,4,Neurological,2,3,4.0,0.82,9.2,140.6,150,89,37.3,0,Medicare,0,1,1,5.7,1
32,0,0,Emergency,0,Cardiac,2,3,6.0,0.85,7.5,143.1,128,72,37.7,0,Medicare,0,0,1,3.7,1
84,0,0,Emergency,0,Cardiac,3,2,5.9,1.17,6.5,138.9,80,100,36.9,0,Medicare,0,2,1,4.7,1
63,1,0,Emergency,5,Infection,1,1,5.0,1.45,11.2,140.9,122,51,38.8,1,Medicaid,1,2,1,8.2,2
82,0,1,Urgent,0,Cardiac,6,0,7.2,1.42,13.1,136.4,141,79,36.9,0,Medicare,0,1,0,4.5,1
94,1,0,Emergency,4,Neurological,4,5,7.4,1.31,16.2,134.1,107,81,39.1,2,Private,0,3,1,6.5,1
44,1,0,Emergency,4,Neurological,2,1,7.3,1.25,11.0,145.8,118,84,38.0,0,Medicare,1,0,1,9.8,2
50,1,2,Elective,2,Orthopedic,7,1,6.1,1.08,7.6,143.1,110,76,38.0,1,Medicaid,1,0,0,5.8,1
61,0,0,Emergency,1,Respiratory,4,3,5.7,0.97,10.1,136.2,119,62,39.1,0,Medicare,0,0,1,3.7,1
50,0,2,Elective,0,Cardiac,3,1,4.3,1.16,12.0,138.0,136,85,38.1,0,Medicare,1,0,0,7.2,2
65,1,1,Urgent,0,Cardiac,2,1,6.3,1.35,11.6,134.7,127,109,37.8,1,Medicaid,0,0,0,3.5,1
66,1,0,Emergency,4,Neurological,2,5,7.8,0.81,9.7,142.5,138,54,36.7,2,Private,0,1,1,6.4,1
21,1,2,Elective,0,Cardiac,4,1,6.2,0.63,10.1,138.6,141,76,37.1,1,Medicaid,1,2,0,5.8,1
77,0,1,Urgent,5,Infection,4,7,6.7,1.21,10.6,141.6,160,105,36.7,2,Private,0,2,0,6.6,1
69,1,0,Emergency,1,Respiratory,5,0,6.9,1.26,6.5,142.8,142,99,36.8,0,Medicare,0,1,1,5.4,1
40,1,0,Emergency,4,Neurological,1,3,6.3,0.99,1.8,137.4,144,78,38.4,2,Private,1,1,1,6.6,1
82,0,2,Elective,0,Cardiac,3,2,5.3,0.91,9.2,132.4,106,74,36.7,0,Medicare,1,1,0,8.0,2
51,1,0,Emergency,2,Orthopedic,3,1,6.5,1.25,11.9,137.2,120,78,37.6,3,Self-Pay,0,0,1,5.8,1
70,0,0,Emergency,1,Respiratory,3,1,7.0,1.14,4.0,140.0,126,93,38.2,0,Medicare,0,3,1,4.2,1
28,0,0,Emergency,0,Cardiac,2,3,7.5,1.13,6.7,134.0,135,66,37.8,0,Medicare,0,2,1,5.8,1
32,1,0,Emergency,3,GI,1,2,10.3,2.81,1.5,136.6,157,94,37.9,2,Private,0,0,1,5.2,1
82,0,2,Elective,5,Infection,1,1,6.7,0.51,6.8,132.5,143,87,36.1,0,Medicare,0,0,0,4.2,1
54,1,2,Elective,0,Cardiac,1,2,7.3,0.65,3.9,139.2,117,85,37.7,1,Medicaid,0,1,0,4.2,1
72,0,1,Urgent,1,Respiratory,3,0,5.2,1.08,1.5,140.4,140,62,37.8,0,Medicare,0,0,0,3.1,1
85,0,0,Emergency,3,GI,3,4,6.7,1.6,5.7,139.3,140,79,37.7,1,Medicaid,0,1,1,5.8,1
76,1,2,Elective,5,Infection,2,2,4.7,0.85,7.3,138.4,134,76,36.9,2,Private,1,0,0,5.8,1
32,1,1,Urgent,0,Cardiac,3,2,4.0,0.68,7.5,140.1,113,78,36.5,2,Private,0,2,0,3.7,1
72,0,2,Elective,0,Cardiac,2,3,4.6,1.07,7.3,140.4,105,78,36.2,0,Medicare,0,4,0,5.5,1
50,0,0,Emergency,0,Cardiac,2,1,6.5,1.07,8.6,135.6,126,55,36.3,1,Medicaid,0,1,1,5.5,1
26,1,1,Urgent,0,Cardiac,2,2,4.0,0.54,14.9,138.8,130,75,37.9,3,Self-Pay,1,0,0,7.8,2
50,0,2,Elective,0,Cardiac,6,0,7.0,1.4,6.9,136.3,130,74,35.2,2,Private,0,1,0,6.1,1
76,0,0,Emergency,1,Respiratory,1,2,6.6,1.08,14.2,132.3,154,98,37.3,0,Medicare,1,2,1,7.2,2
66,0,1,Urgent,2,Orthopedic,1,6,4.2,1.46,14.8,141.8,119,92,36.7,0,Medicare,0,0,0,5.1,1
78,0,1,Urgent,2,Orthopedic,1,7,5.9,1.42,7.6,136.7,150,86,37.8,2,Private,0,0,0,3.6,1
54,0,0,Emergency,0,Cardiac,3,1,5.9,0.42,4.5,139.3,132,94,38.2,2,Private,0,3,1,5.7,1
59,0,2,Elective,2,Orthopedic,3,2,7.9,1.14,10.3,142.8,110,79,37.3,3,Self-Pay,1,2,0,4.7,1
31,0,0,Emergency,0,Cardiac,1,2,5.0,1.11,14.6,137.8,109,94,36.9,1,Medicaid,0,0,1,4.3,1
54,1,1,Urgent,1,Respiratory,6,0,8.8,0.94,1.5,139.1,101,78,36.7,2,Private,0,1,0,4.0,1
50,0,2,Elective,1,Respiratory,4,0,5.9,1.32,8.1,137.6,121,87,36.7,2,Private,1,1,0,3.7,1
73,1,2,Elective,0,Cardiac,3,3,5.8,1.0,9.5,128.3,103,101,37.4,3,Self-Pay,1,2,0,5.3,1
60,1,2,Elective,4,Neurological,3,0,4.0,0.85,15.0,139.0,140,63,36.9,0,Medicare,0,2,0,4.9,1
52,0,1,Urgent,0,Cardiac,4,5,4.0,1.04,2.6,134.6,113,70,36.9,0,Medicare,0,0,0,6.2,1
64,1,1,Urgent,4,Neurological,4,3,5.7,0.8,10.3,137.3,120,91,38.5,2,Private,0,2,0,3.7,1
84,0,1,Urgent,2,Orthopedic,5,4,4.0,1.21,11.5,133.1,123,97,37.0,2,Private,1,0,0,6.3,1
35,0,0,Emergency,2,Orthopedic,1,1,4.5,0.9,6.0,134.6,138,88,36.7,2,Private,0,0,1,3.2,1
81,0,0,Emergency,3,GI,2,2,6.0,1.01,9.9,133.2,123,95,36.8,0,Medicare,1,0,1,5.8,1
18,1,1,Urgent,0,Cardiac,6,2,8.5,0.59,10.1,134.9,101,76,38.7,3,Self-Pay,1,1,0,5.9,1
86,1,0,Emergency,0,Cardiac,6,2,6.0,0.7,13.2,137.2,121,89,36.8,0,Medicare,0,0,1,7.3,2
38,0,2,Elective,1,Respiratory,1,2,5.9,1.37,13.6,138.7,121,76,36.6,2,Private,0,1,0,4.9,1
89,0,1,Urgent,2,Orthopedic,1,2,5.4,2.05,10.2,139.6,94,83,35.5,2,Private,0,2,0,3.8,1
64,1,0,Emergency,2,Orthopedic,4,1,7.0,1.16,9.7,139.1,137,89,37.7,2,Private,1,1,1,6.4,1
58,0,0,Emergency,3,GI,4,1,10.8,2.46,4.5,142.1,124,86,38.2,0,Medicare,0,1,1,4.3,1
61,0,2,Elective,0,Cardiac,4,5,7.4,1.5,9.2,132.6,159,97,37.3,2,Private,0,1,0,6.0,1
57,1,2,Elective,5,Infection,3,2,4.4,1.04,9.2,138.8,113,82,37.2,1,Medicaid,0,0,0,3.7,1
42,1,0,Emergency,0,Cardiac,3,2,7.0,2.31,6.0,130.1,80,95,37.0,0,Medicare,0,1,1,5.6,1
81,0,2,Elective,1,Respiratory,1,2,5.0,0.81,12.0,135.4,128,61,36.7,2,Private,1,1,0,7.2,2
62,0,1,Urgent,5,Infection,5,5,8.1,1.37,10.2,131.5,111,89,37.7,2,Private,0,0,0,4.0,1
81,1,1,Urgent,0,Cardiac,2,0,6.3,1.27,10.0,142.3,115,91,36.7,2,Private,0,2,0,4.7,1
63,0,2,Elective,5,Infection,3,0,7.2,0.4,10.9,144.7,130,105,36.3,2,Private,0,1,0,3.7,1
64,1,0,Emergency,0,Cardiac,3,3,8.2,1.03,5.9,137.8,85,72,37.6,0,Medicare,1,0,1,7.2,2
71,1,1,Urgent,0,Cardiac,3,4,10.1,2.54,3.9,135.4,147,78,37.3,0,Medicare,0,2,0,7.0,1
40,1,0,Emergency,1,Respiratory,1,2,5.3,0.93,11.0,136.7,107,72,36.0,0,Medicare,0,1,1,6.0,1
65,0,0,Emergency,2,Orthopedic,4,2,4.0,0.92,3.8,134.7,129,99,37.5,1,Medicaid,0,0,1,2.7,0
65,0,0,Emergency,2,Orthopedic,1,1,4.0,1.48,16.2,139.7,118,77,38.4,0,Medicare,0,2,1,5.7,1
37,0,0,Emergency,0,Cardiac,3,2,5.8,0.42,8.6,131.3,142,71,37.7,2,Private,0,1,1,4.1,1
81,1,1,Urgent,0,Cardiac,1,2,7.4,1.65,8.3,141.8,134,110,37.7,2,Private,1,1,0,6.6,1
60,1,0,Emergency,0,Cardiac,3,2,6.2,0.97,12.2,131.5,95,94,37.0,0,Medicare,0,0,1,6.8,1
80,0,1,Urgent,1,Respiratory,1,0,6.5,0.72,10.1,127.5,112,96,38.6,0,Medicare,1,0,0,5.2,1
81,1,1,Urgent,5,Infection,4,3,4.2,1.74,15.1,133.2,143,74,37.8,0,Medicare,0,0,0,7.1,2
48,1,2,Elective,1,Respiratory,4,1,6.8,1.41,12.5,135.7,135,67,37.9,2,Private,1,0,0,5.9,1
83,0,1,Urgent,4,Neurological,3,5,7.0,2.27,9.3,139.9,134,102,37.3,2,Private,0,1,0,7.3,2
55,0,2,Elective,0,Cardiac,5,4,4.0,1.37,7.2,142.3,152,87,37.9,0,Medicare,0,2,0,3.1,1
22,0,0,Emergency,0,Cardiac,1,4,10.1,1.25,13.4,143.1,115,94,37.0,0,Medicare,1,1,1,6.5,1
65,0,1,Urgent,3,GI,2,3,7.9,1.29,5.1,136.2,136,100,38.0,0,Medicare,1,2,0,5.2,1
78,1,0,Emergency,4,Neurological,3,1,6.9,1.09,8.7,141.6,128,94,37.4,3,Self-Pay,0,2,1,7.6,2
70,1,1,Urgent,5,Infection,7,1,10.4,0.75,8.8,142.5,119,95,36.8,0,Medicare,0,2,0,6.7,1
43,0,0,Emergency,2,Orthopedic,4,2,5.6,1.57,7.7,142.3,132,66,38.6,0,Medicare,0,1,1,3.6,1
42,0,1,Urgent,1,Respiratory,2,3,7.0,1.1,18.0,127.2,126,66,37.0,2,Private,1,1,0,8.8,2
94,0,0,Emergency,0,Cardiac,2,5,4.0,1.71,14.9,134.0,91,69,36.5,2,Private,1,3,1,7.6,2
25,1,0,Emergency,3,GI,5,3,9.6,0.86,12.1,136.9,160,68,39.2,1,Medicaid,0,0,1,5.3,1
58,1,1,Urgent,1,Respiratory,2,2,7.7,0.8,18.4,145.4,120,72,37.3,2,Private,0,1,0,6.6,1
67,1,2,Elective,4,Neurological,3,1,5.2,1.22,13.2,139.8,145,83,37.2,2,Private,0,1,0,5.6,1
65,1,0,Emergency,3,GI,3,3,5.4,1.19,9.9,136.2,93,70,37.6,2,Private,0,2,1,4.6,1
59,0,2,Elective,4,Neurological,3,2,8.2,1.28,7.7,135.8,120,66,37.6,0,Medicare,1,0,0,8.1,2
53,1,0,Emergency,3,GI,9,0,9.3,1.09,5.3,135.9,124,97,36.7,2,Private,0,2,1,6.1,1
51,1,1,Urgent,4,Neurological,5,2,5.5,1.94,6.5,134.5,128,67,35.4,0,Medicare,0,1,0,5.8,1
46,0,2,Elective,1,Respiratory,4,3,7.9,0.52,9.3,141.1,140,73,38.5,0,Medicare,0,2,0,4.7,1
34,1,0,Emergency,2,Orthopedic,2,3,4.8,0.9,4.7,140.9,117,78,37.1,2,Private,0,1,1,2.2,0
59,0,0,Emergency,0,Cardiac,1,2,7.6,1.21,3.6,133.5,134,50,38.8,0,Medicare,0,0,1,5.1,1
70,1,0,Emergency,3,GI,3,1,6.6,1.21,13.0,131.1,144,70,38.3,2,Private,0,0,1,8.0,2
70,1,0,Emergency,2,Orthopedic,5,5,4.0,1.03,4.0,136.0,132,74,39.0,2,Private,0,1,1,3.2,1
67,1,2,Elective,4,Neurological,1,5,5.6,0.75,8.8,135.2,134,72,37.5,3,Self-Pay,0,2,0,3.6,1
62,1,1,Urgent,4,Neurological,3,0,8.0,0.4,12.1,139.0,133,63,36.9,2,Private,0,2,0,3.4,1
67,0,2,Elective,3,GI,4,0,7.4,1.66,8.7,144.6,131,71,36.2,1,Medicaid,1,2,0,4.6,1
65,1,0,Emergency,0,Cardiac,5,1,4.3,1.25,5.9,134.6,129,101,36.9,0,Medicare,0,1,1,3.7,1
64,0,1,Urgent,5,Infection,3,3,4.6,1.75,12.0,140.9,85,73,37.4,1,Medicaid,1,1,0,6.4,1
30,1,0,Emergency,0,Cardiac,2,3,4.0,0.47,5.4,140.8,151,82,37.1,0,Medicare,0,0,1,7.2,2
38,0,2,Elective,4,Neurological,3,1,5.0,0.74,12.7,130.8,111,99,36.7,0,Medicare,0,0,0,1.0,0
75,1,0,Emergency,2,Orthopedic,3,2,6.8,1.06,7.8,135.4,147,71,36.5,0,Medicare,0,2,1,3.1,1
76,0,2,Elective,4,Neurological,1,1,7.8,0.59,11.1,133.5,125,74,36.8,0,Medicare,0,2,0,3.8,1
75,0,1,Urgent,2,Orthopedic,2,2,4.0,0.98,9.9,141.1,142,104,36.9,0,Medicare,0,0,0,2.8,0
74,0,1,Urgent,3,GI,2,1,6.7,1.73,13.5,136.6,149,75,38.1,2,Private,0,1,0,5.4,1
57,1,0,Emergency,1,Respiratory,4,1,4.5,0.8,7.2,137.5,110,104,37.4,0,Medicare,0,2,1,3.5,1
50,0,2,Elective,4,Neurological,2,3,6.5,2.03,11.1,136.5,125,66,36.6,2,Private,1,0,0,7.8,2
70,0,1,Urgent,1,Respiratory,3,0,9.8,0.81,6.3,139.3,127,75,38.0,1,Medicaid,0,1,0,3.6,1
54,0,1,Urgent,3,GI,3,3,4.3,1.65,5.1,135.0,111,83,37.1,0,Medicare,0,2,0,3.1,1
69,0,1,Urgent,0,Cardiac,1,3,6.5,0.81,10.1,136.0,125,55,38.0,0,Medicare,0,1,0,3.2,1
85,0,0,Emergency,4,Neurological,4,2,4.0,2.14,11.7,134.7,125,76,36.8,0,Medicare,0,0,1,6.2,1
18,1,0,Emergency,1,Respiratory,4,3,7.5,1.36,11.1,134.4,130,85,38.0,0,Medicare,0,3,1,2.9,0
33,0,2,Elective,1,Respiratory,2,4,5.7,1.42,10.7,136.6,150,80,38.4,2,Private,1,1,0,3.5,1
74,1,0,Emergency,4,Neurological,2,3,8.6,0.75,9.1,139.1,148,78,38.0,0,Medicare,0,1,1,5.7,1
63,0,2,Elective,4,Neurological,5,3,6.1,0.86,13.0,131.9,154,115,37.1,0,Medicare,1,1,0,5.4,1
28,0,1,Urgent,3,GI,1,2,7.4,1.4,6.4,140.6,104,65,36.1,0,Medicare,1,0,0,5.6,1
54,1,0,Emergency,5,Infection,1,0,9.9,1.51,5.5,130.7,106,112,39.3,0,Medicare,1,1,1,5.7,1
61,0,1,Urgent,0,Cardiac,4,1,7.6,0.75,10.9,137.4,114,100,36.0,2,Private,0,3,0,3.4,1
62,0,1,Urgent,1,Respiratory,2,5,7.7,2.06,7.0,142.3,146,88,36.8,0,Medicare,0,0,0,4.0,1
48,0,1,Urgent,1,Respiratory,2,0,8.7,1.25,5.9,143.5,117,73,38.8,0,Medicare,1,1,0,4.5,1
60,0,2,Elective,1,Respiratory,2,2,7.2,1.47,11.2,140.3,125,50,37.9,0,Medicare,0,2,0,4.3,1
32,1,0,Emergency,1,Respiratory,2,3,5.1,1.36,12.5,131.5,135,70,37.7,2,Private,1,0,1,7.0,1
50,1,2,Elective,3,GI,1,1,4.0,0.64,9.5,137.2,89,98,36.4,2,Private,1,1,0,5.1,1
76,1,0,Emergency,1,Respiratory,3,1,5.4,2.32,3.1,145.6,122,61,37.2,2,Private,1,0,1,9.0,2
31,0,2,Elective,1,Respiratory,8,2,7.7,2.26,16.6,143.3,123,73,37.1,0,Medicare,0,1,0,4.2,1
85,0,0,Emergency,3,GI,3,7,5.7,1.01,12.6,137.6,125,91,37.6,2,Private,1,2,1,8.2,2
60,0,0,Emergency,0,Cardiac,1,2,6.2,2.82,1.5,143.1,147,66,36.1,2,Private,0,0,1,4.9,1
71,1,1,Urgent,1,Respiratory,3,1,6.1,1.25,3.1,137.3,91,60,37.5,1,Medicaid,0,3,0,3.9,1
25,0,0,Emergency,0,Cardiac,4,1,5.5,1.27,9.8,140.4,108,72,37.3,1,Medicaid,0,0,1,6.5,1
72,0,2,Elective,5,Infection,2,0,7.7,1.06,10.8,132.9,130,84,37.6,2,Private,0,0,0,3.4,1
63,1,0,Emergency,1,Respiratory,3,3,7.5,1.08,6.6,130.0,139,104,39.0,1,Medicaid,1,1,1,7.7,2
46,0,0,Emergency,4,Neurological,3,2,6.3,2.76,9.5,134.7,154,97,36.2,1,Medicaid,0,1,1,5.0,1
63,1,0,Emergency,2,Orthopedic,4,3,7.8,1.7,11.6,138.8,149,89,37.0,1,Medicaid,0,4,1,5.0,1
65,0,0,Emergency,1,Respiratory,6,0,6.6,1.24,11.4,133.8,120,106,37.5,2,Private,1,1,1,8.2,2
25,1,1,Urgent,0,Cardiac,5,2,6.7,0.94,5.5,136.0,99,66,38.8,0,Medicare,0,2,0,3.7,1
35,0,1,Urgent,3,GI,6,2,5.9,0.94,16.2,130.5,129,89,37.1,0,Medicare,0,0,0,3.8,1
78,1,0,Emergency,5,Infection,3,3,5.7,1.06,14.6,133.4,127,98,38.3,0,Medicare,0,1,1,6.1,1
69,0,0,Emergency,0,Cardiac,1,1,5.6,0.74,12.1,131.5,144,62,37.1,2,Private,0,3,1,4.4,1
44,0,0,Emergency,0,Cardiac,2,3,6.3,1.28,5.7,134.3,148,76,38.3,1,Medicaid,0,1,1,5.8,1
75,0,0,Emergency,1,Respiratory,4,2,7.4,2.27,13.1,129.3,121,88,36.5,2,Private,0,3,1,6.5,1
75,1,1,Urgent,1,Respiratory,2,1,5.6,2.04,5.8,136.0,110,76,35.3,0,Medicare,0,0,0,5.4,1
37,1,2,Elective,4,Neurological,2,3,6.6,0.49,11.5,138.1,148,77,37.0,2,Private,0,1,0,3.7,1
69,0,2,Elective,2,Orthopedic,1,1,8.5,1.22,10.3,139.2,114,95,36.8,0,Medicare,0,0,0,2.3,0
27,1,2,Elective,0,Cardiac,2,2,8.5,0.43,11.9,142.6,110,104,36.6,1,Medicaid,1,2,0,6.2,1
40,1,2,Elective,5,Infection,3,5,4.7,1.7,7.5,133.9,105,62,36.6,2,Private,0,0,0,2.1,0
50,0,1,Urgent,1,Respiratory,3,0,10.8,1.13,13.7,133.9,104,102,37.3,3,Self-Pay,0,1,0,4.9,1
78,0,0,Emergency,3,GI,3,2,7.6,2.95,10.1,134.5,178,69,37.0,0,Medicare,0,0,1,5.9,1
59,1,2,Elective,3,GI,1,1,5.6,1.41,6.4,140.0,130,79,38.3,2,Private,0,0,0,1.0,0
73,0,1,Urgent,0,Cardiac,1,3,4.0,0.76,11.5,139.1,120,95,37.9,0,Medicare,0,2,0,5.8,1
41,0,0,Emergency,0,Cardiac,3,2,8.1,0.62,10.5,136.2,96,95,37.5,2,Private,0,1,1,6.4,1
75,0,1,Urgent,0,Cardiac,3,2,7.3,1.2,12.1,144.4,118,61,37.7,0,Medicare,1,1,0,8.1,2
62,0,2,Elective,5,Infection,2,1,4.8,1.32,7.0,137.5,166,105,36.3,0,Medicare,0,0,0,5.7,1
43,1,2,Elective,4,Neurological,1,1,6.7,0.96,8.1,136.1,115,75,37.2,1,Medicaid,0,1,0,4.2,1
82,0,0,Emergency,0,Cardiac,1,4,4.0,1.06,9.8,136.4,130,96,37.2,1,Medicaid,1,1,1,6.0,1
63,0,2,Elective,3,GI,5,1,4.0,0.83,6.9,137.4,120,98,36.9,0,Medicare,1,3,0,5.7,1
75,0,2,Elective,3,GI,4,2,6.0,1.27,6.5,135.3,154,91,37.0,0,Medicare,0,0,0,3.2,1
60,0,0,Emergency,0,Cardiac,3,5,6.1,0.95,4.5,125.4,124,75,38.2,2,Private,1,2,1,8.1,2
80,0,2,Elective,2,Orthopedic,3,2,9.2,0.91,9.0,139.7,151,76,37.3,1,Medicaid,1,5,0,7.1,2
40,1,2,Elective,3,GI,6,3,6.5,0.69,6.8,140.8,109,78,37.6,2,Private,1,0,0,4.0,1
88,0,0,Emergency,0,Cardiac,6,4,5.7,2.51,6.7,143.2,133,58,36.9,0,Medicare,0,2,1,6.1,1
71,1,1,Urgent,4,Neurological,4,0,5.2,0.78,6.9,137.8,87,81,38.7,3,Self-Pay,0,3,0,6.2,1
50,0,0,Emergency,3,GI,2,4,7.0,1.61,4.0,129.5,130,77,38.3,2,Private,0,2,1,3.5,1
74,1,1,Urgent,0,Cardiac,1,4,4.0,1.04,7.0,140.0,135,78,37.5,2,Private,0,3,0,4.5,1
50,0,2,Elective,4,Neurological,4,1,6.7,1.34,9.6,131.7,124,71,38.1,1,Medicaid,0,2,0,3.6,1
50,1,1,Urgent,0,Cardiac,8,3,9.6,1.13,6.7,141.9,151,79,36.9,3,Self-Pay,0,1,0,4.7,1
39,1,0,Emergency,5,Infection,1,2,8.3,0.93,3.9,142.2,120,99,37.3,0,Medicare,1,0,1,4.3,1
73,0,2,Elective,1,Respiratory,2,2,10.3,1.06,12.3,131.3,138,93,36.7,2,Private,1,0,0,7.6,2
87,0,2,Elective,3,GI,1,3,5.2,0.74,8.0,140.9,141,113,38.2,2,Private,0,3,0,4.9,1
90,1,0,Emergency,4,Neurological,1,4,7.3,2.53,8.5,137.3,107,77,38.2,2,Private,0,2,1,5.5,1
67,0,2,Elective,1,Respiratory,7,0,6.2,1.02,5.8,133.1,156,72,38.7,2,Private,0,0,0,1.6,0
55,1,0,Emergency,1,Respiratory,1,1,8.7,1.54,5.9,139.2,137,66,37.4,1,Medicaid,0,0,1,3.3,1
56,0,0,Emergency,2,Orthopedic,3,2,6.3,1.6,9.4,134.7,127,88,37.5,0,Medicare,0,1,1,4.4,1
55,1,2,Elective,3,GI,2,2,8.4,1.46,1.9,128.0,140,83,37.3,2,Private,0,1,0,2.9,0
75,1,2,Elective,1,Respiratory,4,0,4.7,1.46,2.4,143.0,105,97,36.8,0,Medicare,0,2,0,4.7,1
41,0,1,Urgent,5,Infection,5,2,6.2,0.67,10.5,139.5,114,58,37.0,2,Private,1,2,0,7.0,1
79,1,0,Emergency,4,Neurological,2,0,5.9,0.54,10.1,140.9,138,71,36.7,1,Medicaid,0,4,1,4.8,1
77,0,0,Emergency,1,Respiratory,2,2,8.7,0.51,5.8,144.6,105,73,35.6,2,Private,0,0,1,5.9,1
72,0,2,Elective,3,GI,4,4,4.7,0.74,7.7,139.1,128,80,38.3,0,Medicare,0,2,0,1.9,0
43,0,0,Emergency,2,Orthopedic,2,3,5.7,1.44,6.8,141.6,178,76,36.7,2,Private,0,1,1,3.0,0
65,1,0,Emergency,5,Infection,1,3,6.2,3.81,4.4,141.5,148,89,36.9,1,Medicaid,0,2,1,7.6,2
68,0,2,Elective,1,Respiratory,1,1,4.0,2.7,8.0,136.2,128,112,37.2,1,Medicaid,1,1,0,7.4,2
76,1,1,Urgent,0,Cardiac,2,3,6.0,2.2,7.8,136.6,103,61,37.1,1,Medicaid,0,1,0,3.9,1
56,1,0,Emergency,0,Cardiac,4,3,6.7,0.71,12.7,138.0,142,71,36.9,0,Medicare,0,0,1,5.5,1
27,0,0,Emergency,5,Infection,4,3,9.3,1.85,4.6,142.2,130,67,37.6,2,Private,0,1,1,4.7,1
57,1,2,Elective,1,Respiratory,1,2,5.9,1.23,18.1,136.7,143,70,36.7,0,Medicare,0,3,0,5.6,1
74,0,2,Elective,1,Respiratory,2,4,6.3,0.63,5.0,132.9,130,111,39.0,0,Medicare,0,0,0,3.5,1
59,1,0,Emergency,2,Orthopedic,1,2,5.5,2.51,10.7,140.1,135,105,36.7,1,Medicaid,0,1,1,1.6,0
25,0,1,Urgent,1,Respiratory,6,2,5.6,0.91,9.2,144.0,127,70,36.8,0,Medicare,1,0,0,5.2,1
59,1,0,Emergency,1,Respiratory,3,2,6.0,2.59,17.9,139.2,161,73,38.2,3,Self-Pay,0,1,1,7.0,1
49,1,2,Elective,3,GI,1,4,6.3,1.55,11.7,133.4,132,41,38.1,2,Private,0,1,0,2.3,0
72,1,0,Emergency,0,Cardiac,1,3,7.1,0.92,11.3,146.0,133,82,37.6,1,Medicaid,0,4,1,5.3,1
30,0,1,Urgent,2,Orthopedic,1,0,7.6,0.62,13.4,140.3,122,70,37.4,2,Private,0,0,0,2.6,0
85,0,1,Urgent,1,Respiratory,3,1,5.8,1.33,8.5,136.8,100,74,37.6,0,Medicare,0,2,0,4.5,1
50,0,1,Urgent,2,Orthopedic,3,0,6.9,2.02,7.2,140.1,160,86,37.6,0,Medicare,0,2,0,4.2,1
62,0,2,Elective,1,Respiratory,1,0,5.7,1.22,10.9,136.6,120,77,36.7,1,Medicaid,0,0,0,3.8,1
29,0,1,Urgent,3,GI,2,2,5.2,1.84,7.6,129.9,140,73,37.2,1,Medicaid,0,2,0,3.1,1
26,1,2,Elective,0,Cardiac,1,3,8.7,1.16,8.5,141.0,152,96,38.7,0,Medicare,0,2,0,3.9,1
72,1,0,Emergency,1,Respiratory,1,3,6.5,0.94,12.3,141.9,125,88,37.7,0,Medicare,0,1,1,5.8,1
53,0,0,Emergency,1,Respiratory,5,2,5.5,1.02,4.2,143.4,158,103,36.8,2,Private,0,0,1,4.2,1
57,0,1,Urgent,2,Orthopedic,2,2,7.0,1.43,9.2,137.7,115,70,37.7,1,Medicaid,0,2,0,2.8,0
54,1,1,Urgent,1,Respiratory,3,3,8.5,0.95,8.4,140.4,89,104,36.2,2,Private,0,2,0,3.3,1
81,1,1,Urgent,3,GI,1,4,5.5,0.91,7.9,138.6,113,107,36.3,0,Medicare,1,0,0,7.6,2
56,0,2,Elective,3,GI,6,4,7.2,0.6,10.8,144.5,135,76,37.5,2,Private,0,2,0,4.8,1
50,0,1,Urgent,2,Orthopedic,3,2,7.5,1.26,3.7,137.1,130,70,38.2,1,Medicaid,0,1,0,2.5,0
27,1,2,Elective,0,Cardiac,3,1,6.8,0.95,6.0,137.2,138,83,37.2,0,Medicare,0,2,0,4.2,1
37,1,1,Urgent,3,GI,4,1,6.5,0.64,7.4,136.2,118,75,36.4,0,Medicare,1,0,0,7.2,2
80,0,0,Emergency,5,Infection,3,1,9.8,0.96,4.3,138.1,80,113,37.4,1,Medicaid,0,0,1,6.3,1
68,1,0,Emergency,0,Cardiac,6,1,5.9,1.19,13.1,141.4,133,84,38.1,1,Medicaid,0,1,1,2.9,0
28,1,2,Elective,0,Cardiac,3,0,6.4,1.37,6.7,145.0,135,88,37.8,0,Medicare,0,1,0,3.6,1
66,0,0,Emergency,1,Respiratory,1,1,5.8,1.53,16.0,137.1,135,95,37.7,2,Private,0,0,1,5.1,1
66,1,0,Emergency,2,Orthopedic,3,0,7.2,1.24,7.3,136.3,122,91,36.9,1,Medicaid,0,1,1,2.9,0
59,0,0,Emergency,1,Respiratory,3,2,4.0,0.8,6.2,130.0,131,63,35.8,1,Medicaid,0,2,1,3.1,1
26,1,0,Emergency,4,Neurological,2,2,8.5,1.39,11.8,137.0,129,81,38.5,0,Medicare,1,0,1,6.5,1
50,1,1,Urgent,2,Orthopedic,2,3,4.1,0.81,5.8,133.1,129,93,37.9,1,Medicaid,0,3,0,4.1,1
20,0,0,Emergency,1,Respiratory,3,2,7.3,0.89,1.5,148.1,142,94,37.6,0,Medicare,1,0,1,5.7,1
28,1,1,Urgent,5,Infection,1,3,5.4,0.85,10.8,138.7,97,57,37.2,0,Medicare,1,1,0,6.3,1
56,1,0,Emergency,0,Cardiac,2,0,9.4,0.94,15.1,132.1,123,88,35.8,3,Self-Pay,0,1,1,4.7,1
84,1,2,Elective,0,Cardiac,2,1,7.0,1.71,3.3,137.2,138,80,39.3,1,Medicaid,0,2,0,4.7,1
62,0,2,Elective,1,Respiratory,1,1,4.0,1.45,10.5,140.0,113,84,38.0,2,Private,0,4,0,5.5,1
19,0,1,Urgent,0,Cardiac,3,1,6.1,1.55,12.9,142.5,125,90,38.4,1,Medicaid,0,0,0,5.0,1
43,1,1,Urgent,4,Neurological,1,3,7.3,1.96,9.5,139.2,101,89,37.4,0,Medicare,0,1,0,5.7,1
18,1,0,Emergency,1,Respiratory,1,2,6.0,0.71,13.5,142.6,94,86,36.9,0,Medicare,1,2,1,6.9,1
57,1,2,Elective,4,Neurological,2,0,4.7,1.17,8.4,139.1,90,78,37.2,2,Private,0,4,0,2.9,0
52,0,0,Emergency,4,Neurological,1,3,4.0,1.09,6.1,135.9,130,54,36.6,3,Self-Pay,0,1,1,3.1,1
50,0,0,Emergency,1,Respiratory,7,3,10.0,1.34,5.9,132.6,115,67,35.9,2,Private,0,2,1,5.1,1
41,0,2,Elective,2,Orthopedic,5,0,11.3,1.33,10.7,133.2,131,71,36.1,2,Private,0,0,0,2.5,0
74,1,2,Elective,2,Orthopedic,1,2,4.6,0.58,8.3,137.8,155,79,36.8,0,Medicare,0,1,0,1.5,0
50,1,2,Elective,5,Infection,2,1,6.9,2.03,7.7,138.1,122,62,37.8,3,Self-Pay,1,1,0,7.3,2
58,1,2,Elective,0,Cardiac,3,3,5.7,0.91,11.9,129.0,136,74,37.3,1,Medicaid,0,0,0,4.0,1
64,0,2,Elective,1,Respiratory,5,4,8.3,1.27,13.4,131.8,101,97,37.9,2,Private,1,1,0,5.4,1
55,0,1,Urgent,5,Infection,4,1,6.0,1.41,8.0,139.1,105,107,37.0,1,Medicaid,0,2,0,5.1,1
61,1,0,Emergency,1,Respiratory,6,4,5.9,1.15,5.1,135.4,81,75,36.3,2,Private,0,0,1,6.7,1
67,1,2,Elective,0,Cardiac,3,1,4.1,0.7,13.0,137.2,99,60,36.8,0,Medicare,1,0,0,8.2,2
38,1,2,Elective,3,GI,1,2,5.1,1.23,15.6,137.2,111,75,37.4,1,Medicaid,0,0,0,3.4,1
58,0,0,Emergency,1,Respiratory,2,4,8.1,1.14,4.7,132.8,120,91,37.4,0,Medicare,0,0,1,4.2,1
65,0,1,Urgent,2,Orthopedic,4,3,7.6,1.14,7.0,135.9,115,61,37.1,0,Medicare,0,1,0,4.0,1
20,0,0,Emergency,4,Neurological,4,4,6.3,1.05,15.7,139.2,122,79,36.7,0,Medicare,0,0,1,7.2,2
34,1,2,Elective,2,Orthopedic,1,3,9.0,1.57,8.2,139.7,135,80,37.4,1,Medicaid,1,1,0,5.0,1
75,0,1,Urgent,2,Orthopedic,6,0,4.2,2.41,16.1,139.0,112,69,37.8,1,Medicaid,0,2,0,6.2,1
51,1,0,Emergency,1,Respiratory,3,3,4.4,2.58,8.5,144.4,124,65,35.2,2,Private,0,2,1,3.4,1
66,1,0,Emergency,4,Neurological,7,1,6.2,1.63,10.4,144.4,132,103,36.6,0,Medicare,0,0,1,8.0,2
90,0,2,Elective,4,Neurological,2,2,8.3,1.57,4.5,138.0,115,96,36.5,1,Medicaid,0,1,0,5.7,1
35,0,1,Urgent,1,Respiratory,4,1,9.4,0.58,1.7,134.8,120,87,37.7,2,Private,0,3,0,3.8,1
50,1,0,Emergency,1,Respiratory,5,2,4.0,1.24,8.1,142.5,136,77,37.5,3,Self-Pay,0,2,1,6.0,1
38,0,1,Urgent,4,Neurological,7,0,5.3,1.43,9.8,134.3,161,108,37.7,1,Medicaid,0,2,0,4.4,1
31,0,0,Emergency,1,Respiratory,2,1,8.8,0.46,11.3,134.8,140,87,36.6,2,Private,0,0,1,4.3,1
71,1,0,Emergency,2,Orthopedic,4,2,4.1,2.75,14.1,136.4,104,72,37.2,2,Private,0,3,1,6.0,1
63,1,1,Urgent,1,Respiratory,2,2,4.0,1.12,7.8,142.3,112,79,37.2,0,Medicare,0,5,0,2.4,0
22,1,1,Urgent,0,Cardiac,4,3,6.0,0.79,10.2,135.6,105,73,36.4,3,Self-Pay,1,1,0,5.5,1
64,0,0,Emergency,1,Respiratory,2,3,8.6,0.73,8.8,144.3,136,83,36.8,2,Private,0,4,1,5.2,1
81,1,1,Urgent,4,Neurological,2,1,6.9,1.3,6.0,144.9,144,77,36.7,1,Medicaid,1,1,0,6.8,1
64,0,0,Emergency,2,Orthopedic,4,4,8.7,1.4,9.7,131.0,93,79,36.3,2,Private,0,1,1,3.4,1
66,0,2,Elective,2,Orthopedic,2,3,9.5,2.12,15.4,134.1,127,95,36.0,0,Medicare,0,1,0,3.9,1
31,0,0,Emergency,0,Cardiac,4,1,8.7,0.78,12.2,141.9,117,97,37.5,3,Self-Pay,0,2,1,5.0,1
66,0,0,Emergency,0,Cardiac,3,1,9.1,1.13,10.6,137.2,116,94,37.9,0,Medicare,1,1,1,6.5,1
21,1,0,Emergency,0,Cardiac,3,3,4.0,1.08,6.7,142.3,122,80,37.7,0,Medicare,0,0,1,3.5,1
65,1,0,Emergency,0,Cardiac,2,1,5.5,0.95,7.3,132.8,122,82,36.8,0,Medicare,0,0,1,6.3,1
80,1,0,Emergency,2,Orthopedic,3,3,4.8,0.83,9.7,134.9,113,70,39.2,2,Private,0,1,1,4.6,1
67,1,0,Emergency,2,Orthopedic,6,2,5.8,2.8,11.0,142.2,135,61,36.7,1,Medicaid,0,2,1,4.4,1
70,0,1,Urgent,1,Respiratory,1,1,8.3,1.72,8.5,135.4,112,58,37.3,1,Medicaid,0,1,0,5.1,1
35,0,0,Emergency,5,Infection,3,5,8.0,1.21,9.0,133.7,121,71,37.8,2,Private,0,1,1,4.3,1
28,1,0,Emergency,1,Respiratory,2,2,6.1,1.41,5.1,136.3,119,77,37.3,3,Self-Pay,0,1,1,3.6,1
62,1,2,Elective,4,Neurological,2,4,8.7,1.8,7.9,143.7,153,74,38.5,3,Self-Pay,0,0,0,4.8,1
87,1,0,Emergency,0,Cardiac,1,1,4.1,0.85,9.8,139.9,120,61,38.5,1,Medicaid,0,0,1,5.0,1
18,0,2,Elective,1,Respiratory,3,0,10.6,0.76,9.8,136.3,168,106,37.8,2,Private,0,7,0,3.6,1
86,0,0,Emergency,3,GI,4,2,7.9,1.03,13.6,134.0,140,85,37.0,2,Private,0,1,1,6.3,1
24,0,0,Emergency,0,Cardiac,3,2,9.3,1.77,6.0,135.5,96,48,36.8,0,Medicare,0,1,1,4.4,1
48,0,1,Urgent,0,Cardiac,6,2,5.8,3.16,8.1,136.4,106,86,36.8,2,Private,1,2,0,10.3,2
58,0,0,Emergency,0,Cardiac,2,6,5.1,1.06,15.4,142.0,113,94,38.8,0,Medicare,0,1,1,5.3,1
50,0,2,Elective,1,Respiratory,2,1,9.1,0.7,4.8,134.4,157,79,37.1,2,Private,1,2,0,4.8,1
71,0,0,Emergency,2,Orthopedic,1,0,6.8,1.31,8.3,133.8,150,81,38.4,0,Medicare,1,2,1,3.9,1
18,0,1,Urgent,3,GI,2,1,5.5,1.1,14.7,139.4,165,78,37.8,0,Medicare,0,2,0,4.9,1
53,1,1,Urgent,1,Respiratory,4,2,6.7,2.01,15.0,145.2,128,85,36.4,2,Private,0,3,0,3.0,0
41,1,0,Emergency,1,Respiratory,1,0,5.9,1.22,8.9,140.2,120,70,38.0,3,Self-Pay,0,1,1,4.6,1
85,1,1,Urgent,4,Neurological,1,4,7.1,1.46,5.9,140.4,109,97,37.2,0,Medicare,0,0,0,4.9,1
28,1,1,Urgent,0,Cardiac,2,0,8.8,0.97,8.1,139.2,147,76,37.0,2,Private,0,2,0,3.0,0
68,1,1,Urgent,3,GI,2,3,6.6,1.28,9.2,142.1,106,67,37.0,1,Medicaid,1,1,0,7.1,2
50,0,2,Elective,5,Infection,5,3,4.0,0.66,9.0,132.8,134,99,37.1,0,Medicare,0,2,0,6.1,1
73,0,0,Emergency,1,Respiratory,1,5,5.0,1.01,14.1,130.9,120,91,36.6,0,Medicare,0,3,1,4.1,1
67,1,1,Urgent,0,Cardiac,4,5,6.0,0.83,6.8,141.7,145,90,36.6,2,Private,0,3,0,3.6,1
50,1,0,Emergency,5,Infection,4,0,6.3,1.29,10.7,136.9,124,87,37.5,1,Medicaid,0,1,1,5.8,1
45,0,0,Emergency,1,Respiratory,7,4,4.0,1.04,9.0,136.1,142,85,37.5,0,Medicare,0,2,1,5.5,1
34,1,0,Emergency,1,Respiratory,5,3,5.7,0.66,9.5,137.3,127,102,37.1,0,Medicare,0,0,1,5.0,1
50,0,2,Elective,2,Orthopedic,2,2,6.3,1.43,9.9,139.4,124,78,35.0,0,Medicare,0,1,0,3.5,1
72,0,0,Emergency,1,Respiratory,1,1,5.2,1.38,7.1,143.1,140,68,36.8,2,Private,0,1,1,5.3,1
50,0,0,Emergency,5,Infection,1,1,6.4,1.79,12.5,140.6,154,62,37.5,2,Private,0,1,1,4.1,1
26,0,0,Emergency,0,Cardiac,4,0,8.8,1.05,11.1,136.7,141,78,38.3,1,Medicaid,0,2,1,7.8,2
67,0,0,Emergency,2,Orthopedic,1,0,5.5,0.92,11.1,139.5,149,81,38.6,1,Medicaid,0,0,1,3.4,1
75,1,0,Emergency,2,Orthopedic,4,4,4.0,0.81,6.3,137.7,100,94,37.9,2,Private,1,1,1,6.7,1
50,0,0,Emergency,2,Orthopedic,1,2,10.4,1.38,14.8,133.9,142,63,37.2,3,Self-Pay,0,2,1,4.7,1
55,0,0,Emergency,2,Orthopedic,1,2,5.4,1.39,9.8,132.2,140,71,38.5,0,Medicare,0,1,1,2.8,0
50,0,0,Emergency,5,Infection,4,0,6.0,0.92,7.7,144.1,131,76,38.4,0,Medicare,0,1,1,6.1,1
70,1,1,Urgent,5,Infection,1,2,6.6,1.07,5.9,139.9,115,108,36.0,0,Medicare,1,1,0,8.6,2
82,1,2,Elective,1,Respiratory,6,2,4.0,1.34,6.8,135.8,137,67,37.1,1,Medicaid,0,1,0,3.7,1
86,0,0,Emergency,3,GI,1,1,6.9,1.15,8.4,143.7,155,78,37.9,0,Medicare,0,1,1,2.8,0
81,0,2,Elective,0,Cardiac,1,1,5.6,1.19,1.5,139.9,125,91,36.5,0,Medicare,0,2,0,6.6,1
41,0,0,Emergency,2,Orthopedic,3,3,6.9,2.19,14.8,140.4,122,89,37.4,2,Private,0,1,1,6.2,1
39,1,2,Elective,0,Cardiac,1,3,7.5,0.66,11.4,140.9,116,78,36.2,0,Medicare,1,0,0,4.3,1
34,0,0,Emergency,3,GI,3,0,8.6,1.0,13.3,138.4,177,78,36.7,2,Private,0,0,1,4.9,1
63,0,2,Elective,1,Respiratory,4,4,9.7,2.29,8.6,137.6,130,95,36.9,1,Medicaid,0,1,0,3.1,1
58,0,2,Elective,4,Neurological,1,1,6.1,1.31,12.9,142.1,109,92,35.9,2,Private,0,3,0,4.1,1
63,0,2,Elective,1,Respiratory,4,1,5.5,0.8,11.5,138.3,119,85,37.6,3,Self-Pay,0,0,0,4.6,1
59,1,2,Elective,5,Infection,5,2,4.3,1.33,10.2,145.3,114,88,37.4,0,Medicare,1,3,0,8.1,2
81,0,1,Urgent,2,Orthopedic,6,2,7.5,1.34,8.0,141.4,119,88,36.0,3,Self-Pay,0,3,0,4.2,1
70,0,0,Emergency,4,Neurological,3,2,6.5,1.79,10.8,140.8,142,84,38.0,2,Private,0,1,1,5.0,1
87,1,1,Urgent,3,GI,2,1,6.2,1.68,11.3,139.1,170,70,37.2,2,Private,0,2,0,3.0,0
76,1,0,Emergency,5,Infection,6,2,4.3,0.86,11.6,134.4,127,86,36.1,0,Medicare,1,1,1,8.0,2
50,0,0,Emergency,4,Neurological,5,0,5.3,1.23,8.5,132.7,103,55,36.9,2,Private,0,3,1,5.2,1
62,1,1,Urgent,4,Neurological,3,1,7.6,1.51,7.5,138.3,95,73,38.2,2,Private,0,2,0,4.9,1
50,1,1,Urgent,1,Respiratory,8,2,8.2,0.82,9.4,134.8,138,84,37.7,1,Medicaid,0,1,0,4.4,1
75,0,0,Emergency,2,Orthopedic,5,4,6.9,1.19,10.1,143.5,135,84,36.9,3,Self-Pay,0,0,1,4.1,1
86,0,1,Urgent,1,Respiratory,6,3,6.6,0.55,12.3,130.7,121,77,36.9,0,Medicare,0,0,0,4.1,1
33,0,1,Urgent,0,Cardiac,3,1,8.8,1.25,5.4,133.5,113,97,37.3,2,Private,0,0,0,2.7,0
75,0,0,Emergency,3,GI,3,2,8.0,1.27,4.8,139.3,94,75,38.0,1,Medicaid,0,0,1,4.5,1
55,0,0,Emergency,1,Respiratory,5,1,8.0,0.96,8.3,140.8,128,78,37.6,1,Medicaid,0,2,1,3.9,1
67,1,2,Elective,1,Respiratory,5,2,5.1,1.71,8.3,131.5,130,59,37.6,2,Private,0,0,0,3.0,0
57,1,2,Elective,1,Respiratory,1,1,10.5,1.85,8.3,131.8,97,97,36.9,0,Medicare,1,0,0,4.2,1
78,0,0,Emergency,0,Cardiac,3,4,9.3,0.75,16.2,133.3,106,58,38.5,0,Medicare,0,1,1,5.2,1
50,0,0,Emergency,0,Cardiac,2,4,7.3,1.9,14.6,142.1,141,97,38.3,1,Medicaid,0,1,1,6.5,1
86,0,0,Emergency,1,Respiratory,2,1,5.3,1.19,11.2,138.6,103,78,37.1,2,Private,0,3,1,6.6,1
69,1,0,Emergency,0,Cardiac,2,2,4.9,0.82,6.9,143.3,112,111,37.8,2,Private,1,2,1,6.8,1
27,1,0,Emergency,2,Orthopedic,3,3,7.3,2.06,11.4,137.9,141,58,38.5,0,Medicare,1,0,1,6.9,1
62,0,2,Elective,0,Cardiac,4,3,7.0,1.22,7.8,137.4,161,89,37.8,0,Medicare,1,1,0,8.4,2
19,1,2,Elective,5,Infection,3,1,6.1,0.73,9.8,140.8,138,99,37.1,0,Medicare,0,2,0,4.9,1
75,0,2,Elective,5,Infection,5,2,4.6,0.86,9.0,144.3,141,104,38.1,2,Private,0,2,0,4.8,1
74,1,0,Emergency,1,Respiratory,4,0,7.1,1.22,6.6,135.2,130,96,37.7,1,Medicaid,0,1,1,5.1,1
76,0,0,Emergency,1,Respiratory,5,3,6.2,1.42,2.6,137.8,108,79,38.0,2,Private,1,3,1,6.8,1
79,0,1,Urgent,0,Cardiac,4,2,4.0,1.86,3.3,137.4,132,81,37.3,0,Medicare,1,0,0,6.2,1
70,0,1,Urgent,5,Infection,3,7,6.5,1.39,11.3,134.8,132,65,37.3,2,Private,0,1,0,4.4,1
50,1,0,Emergency,3,GI,3,2,8.2,0.68,9.5,142.7,158,90,38.5,1,Medicaid,0,1,1,2.3,0
83,1,1,Urgent,3,GI,3,1,7.1,0.9,12.5,136.4,119,90,37.6,2,Private,0,2,0,5.6,1
50,1,1,Urgent,5,Infection,7,1,5.9,3.18,11.1,137.7,136,81,36.4,2,Private,0,1,0,4.1,1
37,0,2,Elective,5,Infection,4,0,9.6,2.77,16.0,139.6,143,77,36.1,3,Self-Pay,0,1,0,6.3,1
69,0,1,Urgent,4,Neurological,4,0,5.2,1.3,9.7,142.8,123,66,35.9,0,Medicare,0,1,0,5.0,1
68,0,2,Elective,4,Neurological,2,1,7.2,1.63,8.6,143.6,109,96,36.5,2,Private,0,1,0,4.3,1
53,1,0,Emergency,5,Infection,4,2,5.6,1.42,5.4,134.0,133,77,37.9,2,Private,1,0,1,9.1,2
62,1,1,Urgent,5,Infection,2,0,6.6,2.14,9.7,141.2,129,95,36.9,0,Medicare,0,1,0,6.7,1
33,1,0,Emergency,1,Respiratory,3,2,5.7,1.58,10.6,138.8,117,69,37.6,2,Private,0,0,1,1.8,0
25,1,0,Emergency,5,Infection,2,5,8.8,1.28,8.2,139.4,117,82,38.5,0,Medicare,0,2,1,4.9,1
55,1,0,Emergency,3,GI,4,1,7.1,2.12,10.4,133.6,166,58,35.2,2,Private,0,0,1,5.8,1
40,1,0,Emergency,1,Respiratory,1,2,6.9,1.41,9.4,142.7,111,83,36.6,3,Self-Pay,0,1,1,2.3,0
66,0,2,Elective,2,Orthopedic,4,1,5.8,0.98,14.0,140.1,128,68,37.0,0,Medicare,0,1,0,4.8,1
36,1,0,Emergency,3,GI,6,0,6.2,1.65,9.1,134.9,153,65,36.9,0,Medicare,0,1,1,6.0,1
38,1,2,Elective,1,Respiratory,6,3,7.8,1.62,9.1,131.1,105,105,37.0,1,Medicaid,0,1,0,6.0,1
69,1,0,Emergency,4,Neurological,6,2,7.8,0.95,10.5,137.1,100,117,36.3,0,Medicare,0,4,1,7.4,2
47,1,0,Emergency,0,Cardiac,3,2,7.0,2.07,15.2,140.2,119,91,36.8,2,Private,0,2,1,7.5,2
39,0,1,Urgent,5,Infection,3,2,7.8,1.53,9.1,132.5,105,69,37.4,0,Medicare,0,1,0,4.4,1
79,0,0,Emergency,1,Respiratory,4,1,9.0,1.15,7.2,127.9,127,112,37.2,2,Private,0,1,1,3.0,0
79,1,1,Urgent,0,Cardiac,2,0,7.5,1.41,10.0,137.7,161,89,36.7,2,Private,1,1,0,6.6,1
82,0,0,Emergency,4,Neurological,3,2,4.0,1.98,8.2,135.4,93,99,37.3,1,Medicaid,0,2,1,5.2,1
85,0,2,Elective,1,Respiratory,1,2,6.9,1.23,4.6,132.7,133,72,37.9,1,Medicaid,0,0,0,3.1,1
83,1,0,Emergency,4,Neurological,3,3,10.1,1.02,11.6,135.5,124,57,37.3,2,Private,0,0,1,6.1,1
83,0,1,Urgent,1,Respiratory,3,1,8.3,0.79,3.4,138.4,117,86,37.2,0,Medicare,1,5,0,5.7,1
69,0,0,Emergency,5,Infection,1,6,6.5,0.42,5.7,133.5,125,95,37.2,1,Medicaid,1,0,1,7.1,2
59,1,1,Urgent,0,Cardiac,3,0,7.8,0.88,7.4,146.0,131,84,37.6,3,Self-Pay,0,1,0,5.9,1
30,0,1,Urgent,0,Cardiac,1,2,6.0,0.92,12.3,139.9,123,63,38.7,2,Private,1,0,0,4.9,1
58,0,0,Emergency,5,Infection,4,3,7.5,2.68,10.7,142.6,144,91,37.7,0,Medicare,1,0,1,9.1,2
51,0,0,Emergency,0,Cardiac,4,1,7.8,0.56,14.2,139.4,114,70,36.2,1,Medicaid,1,4,1,6.3,1
84,0,1,Urgent,5,Infection,2,0,9.2,1.04,10.7,131.7,140,78,37.1,0,Medicare,0,0,0,5.0,1
43,0,2,Elective,4,Neurological,5,4,4.0,0.6,8.3,140.2,117,96,37.0,2,Private,0,1,0,3.1,1
40,1,0,Emergency,0,Cardiac,2,2,4.4,0.93,3.3,137.6,122,78,37.1,1,Medicaid,0,1,1,4.5,1
50,0,2,Elective,2,Orthopedic,4,2,5.8,3.71,7.9,138.5,165,72,37.4,2,Private,0,1,0,5.1,1
60,0,1,Urgent,0,Cardiac,4,2,7.8,0.51,11.3,135.4,123,78,36.3,0,Medicare,0,0,0,4.4,1
50,1,1,Urgent,1,Respiratory,4,1,8.3,1.03,4.8,136.4,119,108,36.8,0,Medicare,0,3,0,5.5,1
20,1,2,Elective,1,Respiratory,3,0,6.7,0.55,10.7,143.8,129,65,36.0,2,Private,0,1,0,3.8,1
63,0,1,Urgent,3,GI,3,2,4.0,1.35,9.6,137.1,154,100,36.3,0,Medicare,0,2,0,3.0,0
63,1,2,Elective,5,Infection,1,4,8.8,1.81,8.6,134.1,169,89,36.3,1,Medicaid,0,1,0,4.8,1
34,1,1,Urgent,0,Cardiac,3,1,7.2,0.55,8.5,134.9,137,91,37.0,2,Private,0,0,0,4.1,1
63,1,0,Emergency,1,Respiratory,3,2,7.3,1.75,7.2,142.5,149,87,37.0,0,Medicare,0,2,1,5.3,1
60,1,1,Urgent,3,GI,3,2,4.0,2.13,4.4,143.2,159,102,37.5,0,Medicare,0,1,0,4.7,1
52,0,2,Elective,0,Cardiac,2,2,9.1,1.82,1.5,139.8,117,62,36.8,1,Medicaid,0,1,0,3.7,1
75,0,2,Elective,3,GI,1,1,6.2,1.34,13.0,139.5,146,87,36.7,1,Medicaid,0,1,0,2.7,0
49,0,0,Emergency,2,Orthopedic,1,2,8.7,0.63,9.8,142.6,151,85,37.9,0,Medicare,1,1,1,5.6,1
56,1,0,Emergency,5,Infection,2,1,7.9,2.49,10.9,138.0,134,76,36.1,2,Private,0,1,1,6.1,1
84,1,1,Urgent,3,GI,3,2,5.4,1.04,10.5,135.7,134,89,36.6,2,Private,1,1,0,6.7,1
68,0,1,Urgent,1,Respiratory,1,1,7.2,0.92,10.3,128.9,144,79,38.3,2,Private,0,0,0,3.2,1
50,0,0,Emergency,3,GI,3,3,8.5,1.69,17.2,136.7,133,84,37.0,1,Medicaid,0,0,1,5.1,1
79,1,0,Emergency,4,Neurological,5,0,4.0,1.06,10.3,137.6,108,83,36.2,2,Private,0,1,1,3.5,1
34,0,2,Elective,4,Neurological,1,1,8.3,0.81,12.8,142.9,116,84,36.0,0,Medicare,0,0,0,5.8,1
22,0,1,Urgent,1,Respiratory,5,3,4.1,0.99,6.3,136.4,125,72,37.9,1,Medicaid,0,0,0,5.6,1
41,1,2,Elective,2,Orthopedic,2,3,4.9,1.09,10.5,136.6,155,81,36.5,0,Medicare,0,4,0,3.0,0
77,0,2,Elective,2,Orthopedic,1,1,4.5,2.15,16.3,130.8,130,119,36.2,2,Private,0,3,0,3.4,1
79,0,0,Emergency,1,Respiratory,6,3,10.6,1.28,10.6,140.2,96,74,36.9,2,Private,0,0,1,8.8,2
71,0,2,Elective,1,Respiratory,2,6,6.9,1.94,7.9,140.6,129,98,37.4,0,Medicare,0,1,0,2.3,0
18,1,1,Urgent,4,Neurological,2,4,4.0,0.94,9.0,137.3,95,92,37.5,0,Medicare,0,3,0,3.7,1
33,0,2,Elective,0,Cardiac,1,2,5.2,0.77,2.7,138.0,116,78,37.5,0,Medicare,0,2,0,2.4,0
65,1,0,Emergency,1,Respiratory,5,3,5.2,1.85,5.9,146.9,97,90,37.4,0,Medicare,0,1,1,3.9,1
85,0,0,Emergency,0,Cardiac,3,2,6.7,1.03,11.0,149.3,129,83,37.8,1,Medicaid,1,1,1,6.1,1
31,1,1,Urgent,0,Cardiac,3,4,5.2,1.1,11.2,138.9,148,86,36.6,1,Medicaid,0,2,0,6.1,1
55,0,2,Elective,1,Respiratory,5,2,4.0,1.85,10.6,133.4,112,93,38.1,3,Self-Pay,0,1,0,4.5,1
80,0,2,Elective,4,Neurological,1,1,9.0,0.79,6.6,131.9,115,89,39.1,0,Medicare,0,2,0,4.1,1
68,1,1,Urgent,5,Infection,1,0,6.3,1.37,9.8,141.0,149,74,37.1,3,Self-Pay,0,2,0,4.6,1
50,0,0,Emergency,2,Orthopedic,3,4,6.2,1.09,14.0,145.0,125,91,37.4,0,Medicare,0,1,1,5.8,1
51,1,1,Urgent,1,Respiratory,5,1,9.4,1.38,3.4,144.0,116,85,37.5,1,Medicaid,0,0,0,5.8,1
76,0,2,Elective,4,Neurological,4,0,9.9,1.61,8.1,141.9,140,79,38.1,1,Medicaid,0,0,0,5.3,1
69,0,2,Elective,0,Cardiac,1,1,6.4,2.89,7.6,137.9,133,83,37.1,2,Private,0,0,0,5.4,1
70,1,1,Urgent,0,Cardiac,6,3,4.5,0.53,10.1,133.2,113,97,36.2,0,Medicare,0,1,0,6.7,1
76,1,0,Emergency,1,Respiratory,2,1,6.5,0.9,5.3,143.3,139,67,36.6,1,Medicaid,0,1,1,2.6,0
58,0,1,Urgent,2,Orthopedic,3,3,10.7,1.23,5.9,133.5,88,60,36.8,0,Medicare,1,1,0,4.6,1
44,1,1,Urgent,4,Neurological,3,2,4.9,1.08,11.0,136.1,127,78,36.8,2,Private,0,5,0,5.0,1
78,0,2,Elective,5,Infection,4,3,4.7,0.91,7.5,133.1,119,70,37.6,1,Medicaid,0,1,0,4.9,1
58,0,1,Urgent,2,Orthopedic,2,2,6.9,0.5,11.6,130.6,112,85,37.5,2,Private,1,4,0,6.0,1
39,0,1,Urgent,2,Orthopedic,3,3,6.4,0.87,10.3,132.5,101,63,37.2,2,Private,0,0,0,3.4,1
44,0,2,Elective,0,Cardiac,3,1,7.0,1.34,12.1,132.7,134,67,35.9,2,Private,0,0,0,4.6,1
35,0,0,Emergency,2,Orthopedic,2,1,6.9,1.72,5.5,138.1,152,101,37.3,2,Private,0,1,1,5.0,1
72,1,0,Emergency,5,Infection,5,1,6.3,1.11,13.8,135.3,120,88,37.6,2,Private,0,1,1,6.6,1
50,1,1,Urgent,1,Respiratory,3,3,5.6,1.37,10.2,145.8,107,86,37.9,0,Medicare,0,0,0,2.5,0
50,0,0,Emergency,0,Cardiac,7,5,5.8,1.16,12.4,133.9,118,87,35.9,0,Medicare,0,3,1,6.4,1
74,1,0,Emergency,1,Respiratory,6,1,4.5,1.39,4.1,132.4,152,83,38.8,1,Medicaid,0,4,1,6.5,1
61,0,2,Elective,2,Orthopedic,4,0,6.1,0.66,8.5,144.7,112,85,36.3,2,Private,0,4,0,2.9,0
66,0,1,Urgent,3,GI,2,2,6.3,1.48,9.2,144.5,145,54,38.0,2,Private,1,2,0,6.7,1
62,0,0,Emergency,2,Orthopedic,1,2,5.9,0.9,10.7,135.3,98,104,37.4,1,Medicaid,0,2,1,2.8,0
63,0,0,Emergency,4,Neurological,2,2,7.3,0.92,13.4,141.9,119,81,38.4,2,Private,1,0,1,7.1,2
59,1,0,Emergency,3,GI,3,2,6.1,1.12,7.8,143.5,137,80,35.5,2,Private,0,2,1,2.4,0
76,0,1,Urgent,3,GI,2,0,6.8,1.07,4.1,132.6,122,93,36.3,0,Medicare,0,3,0,3.8,1
61,1,0,Emergency,5,Infection,1,1,6.5,0.88,2.1,138.5,152,109,37.6,2,Private,1,0,1,8.4,2
36,1,2,Elective,5,Infection,1,3,6.7,1.91,7.9,131.3,140,72,37.4,2,Private,0,0,0,4.2,1
81,1,1,Urgent,0,Cardiac,1,2,4.6,1.31,11.4,136.9,135,82,36.9,2,Private,0,1,0,2.7,0
59,1,0,Emergency,3,GI,1,2,4.8,0.9,10.7,138.5,124,78,36.6,0,Medicare,0,1,1,1.8,0
77,0,0,Emergency,3,GI,3,2,8.5,0.95,8.9,139.3,140,88,37.6,0,Medicare,0,0,1,3.7,1
63,0,1,Urgent,0,Cardiac,4,1,7.1,1.18,11.5,137.3,129,91,35.7,2,Private,0,0,0,5.9,1
50,1,0,Emergency,4,Neurological,2,1,4.6,0.98,15.4,136.3,133,97,39.1,1,Medicaid,0,4,1,7.0,1
65,0,1,Urgent,0,Cardiac,4,4,4.0,0.79,15.3,135.7,119,53,37.9,3,Self-Pay,0,1,0,4.7,1
50,0,2,Elective,4,Neurological,2,5,8.1,1.2,13.5,132.3,157,102,36.8,2,Private,0,2,0,4.7,1
52,1,0,Emergency,0,Cardiac,6,2,7.7,1.14,11.6,142.9,152,91,37.6,0,Medicare,0,2,1,5.7,1
87,0,0,Emergency,4,Neurological,7,1,5.7,1.09,6.8,145.5,104,90,37.1,0,Medicare,0,1,1,8.0,2
65,1,2,Elective,0,Cardiac,3,3,6.7,2.15,16.0,143.1,101,70,36.3,2,Private,0,1,0,6.7,1
72,0,0,Emergency,1,Respiratory,7,1,6.9,1.15,13.3,142.3,116,65,37.0,2,Private,1,0,1,6.6,1
71,1,0,Emergency,0,Cardiac,3,2,4.9,0.77,9.8,139.8,141,78,37.9,0,Medicare,1,1,1,7.2,2
68,1,0,Emergency,1,Respiratory,2,3,6.5,1.42,5.3,139.8,86,85,37.2,0,Medicare,1,2,1,3.7,1
69,0,2,Elective,5,Infection,1,4,6.3,0.67,11.6,143.4,128,65,36.8,0,Medicare,0,0,0,3.3,1
55,1,2,Elective,0,Cardiac,4,0,4.8,2.11,12.3,133.5,117,92,38.1,3,Self-Pay,0,4,0,4.8,1
26,1,0,Emergency,2,Orthopedic,2,3,6.9,1.05,9.2,141.2,96,110,36.4,3,Self-Pay,0,3,1,3.9,1
50,1,1,Urgent,3,GI,5,4,7.0,0.84,3.8,138.3,122,66,36.8,0,Medicare,0,4,0,5.0,1
69,1,0,Emergency,0,Cardiac,3,1,4.5,1.01,7.4,135.7,130,79,37.3,2,Private,1,0,1,8.5,2
34,1,1,Urgent,0,Cardiac,3,3,8.1,1.38,10.5,135.6,117,60,37.6,2,Private,0,3,0,4.3,1
36,0,0,Emergency,0,Cardiac,6,1,5.5,0.43,13.3,138.5,153,80,36.3,1,Medicaid,0,0,1,7.2,2
18,0,0,Emergency,3,GI,5,0,5.3,1.1,9.2,138.2,127,54,37.9,2,Private,1,2,1,6.5,1
77,1,2,Elective,5,Infection,1,4,7.8,1.41,6.4,140.4,129,77,36.4,1,Medicaid,1,0,0,5.8,1
89,0,0,Emergency,4,Neurological,2,3,7.8,2.07,1.5,137.0,145,52,36.5,2,Private,0,3,1,5.6,1
50,0,0,Emergency,5,Infection,1,0,5.0,0.61,15.9,138.0,110,111,36.0,0,Medicare,0,3,1,4.6,1
72,0,2,Elective,3,GI,3,6,7.3,0.47,9.1,141.0,116,55,36.7,2,Private,0,3,0,3.9,1
50,1,2,Elective,5,Infection,3,1,7.3,1.04,6.5,135.6,126,76,36.3,0,Medicare,0,0,0,4.0,1
24,1,1,Urgent,1,Respiratory,2,0,5.8,1.39,2.6,140.0,115,97,37.1,2,Private,1,1,0,4.2,1
31,1,2,Elective,2,Orthopedic,2,2,7.5,0.87,7.3,142.1,98,93,37.0,1,Medicaid,0,3,0,3.4,1
82,1,1,Urgent,1,Respiratory,6,2,4.0,1.15,14.4,141.1,127,100,37.1,1,Medicaid,0,1,0,4.9,1
56,1,0,Emergency,0,Cardiac,7,1,5.4,1.3,4.7,139.9,131,89,37.5,0,Medicare,0,1,1,4.9,1
76,1,0,Emergency,4,Neurological,2,0,8.1,1.64,12.2,131.4,123,97,37.1,1,Medicaid,1,2,1,7.8,2
72,0,0,Emergency,0,Cardiac,3,1,5.6,1.7,5.8,137.0,148,86,36.3,2,Private,0,1,1,6.0,1
69,0,0,Emergency,4,Neurological,5,1,4.6,0.72,9.2,138.7,131,72,36.4,1,Medicaid,0,0,1,5.5,1
74,1,1,Urgent,2,Orthopedic,2,3,4.0,0.85,12.2,140.1,143,67,36.4,1,Medicaid,0,1,0,5.6,1
38,0,0,Emergency,0,Cardiac,1,3,8.3,0.6,4.5,131.6,133,98,36.0,0,Medicare,0,0,1,3.7,1
76,1,0,Emergency,1,Respiratory,4,1,5.3,2.07,12.1,137.5,145,76,36.5,0,Medicare,1,1,1,7.5,2
71,1,0,Emergency,1,Respiratory,5,2,4.0,0.82,10.1,141.4,165,89,37.2,2,Private,1,1,1,3.9,1
78,1,0,Emergency,5,Infection,5,2,7.2,1.01,10.1,144.3,131,73,37.2,1,Medicaid,0,1,1,5.5,1
69,0,1,Urgent,3,GI,4,3,9.4,0.9,8.8,134.8,146,71,37.3,1,Medicaid,1,0,0,5.7,1
69,0,0,Emergency,2,Orthopedic,1,2,6.6,1.83,11.2,134.1,135,80,37.9,2,Private,0,2,1,3.1,1
50,1,0,Emergency,0,Cardiac,3,3,4.0,0.76,8.5,137.1,148,91,36.8,2,Private,1,0,1,7.2,2
65,0,2,Elective,1,Respiratory,3,3,5.1,2.3,3.7,150.8,141,80,36.5,2,Private,0,0,0,3.6,1
51,1,1,Urgent,0,Cardiac,4,3,8.3,0.6,8.7,143.3,115,71,37.9,0,Medicare,0,0,0,2.6,0
61,1,1,Urgent,4,Neurological,1,0,6.9,0.53,15.7,143.4,131,103,36.9,2,Private,0,0,0,4.0,1
35,1,1,Urgent,0,Cardiac,1,2,4.1,0.85,8.4,135.5,120,78,38.5,2,Private,1,1,0,6.0,1
61,1,1,Urgent,3,GI,2,4,11.1,2.92,8.6,139.2,133,93,36.5,3,Self-Pay,0,2,0,3.4,1
51,0,0,Emergency,3,GI,5,4,5.5,0.49,4.8,140.0,147,82,37.0,1,Medicaid,0,1,1,6.4,1
57,1,0,Emergency,1,Respiratory,1,2,6.1,1.39,18.3,139.8,127,90,37.3,1,Medicaid,0,5,1,6.1,1
66,0,1,Urgent,3,GI,3,0,5.9,1.13,2.8,132.6,133,84,37.4,0,Medicare,0,0,0,1.9,0
27,0,0,Emergency,4,Neurological,8,4,8.1,1.17,8.7,130.9,168,90,37.4,3,Self-Pay,0,1,1,6.7,1
53,1,0,Emergency,0,Cardiac,4,5,6.1,2.59,7.2,142.2,131,85,38.8,0,Medicare,1,0,1,9.7,2
43,1,0,Emergency,3,GI,3,1,4.0,0.89,7.4,133.0,120,89,36.4,0,Medicare,0,0,1,2.0,0
70,1,0,Emergency,4,Neurological,2,2,4.0,1.41,5.9,137.3,101,51,37.2,2,Private,0,1,1,4.2,1
50,0,2,Elective,1,Respiratory,2,2,5.4,1.17,9.0,134.3,149,98,37.9,2,Private,0,3,0,4.8,1
26,1,0,Emergency,0,Cardiac,2,0,6.9,0.92,6.3,134.3,133,82,37.4,3,Self-Pay,0,0,1,3.8,1
74,0,0,Emergency,1,Respiratory,3,2,5.6,0.87,5.2,135.9,153,86,36.9,3,Self-Pay,1,1,1,5.2,1
50,1,1,Urgent,5,Infection,6,2,7.6,1.34,1.5,135.1,135,62,36.6,2,Private,0,3,0,5.3,1
74,1,1,Urgent,1,Respiratory,1,2,9.1,0.98,5.1,142.6,156,97,36.5,1,Medicaid,0,0,0,3.5,1
61,0,1,Urgent,0,Cardiac,2,3,4.2,0.99,10.0,140.3,138,100,37.1,0,Medicare,0,0,0,6.3,1
85,0,0,Emergency,0,Cardiac,5,0,6.9,0.74,13.9,138.0,117,72,37.3,0,Medicare,1,1,1,8.0,2
70,0,1,Urgent,0,Cardiac,1,4,5.6,0.87,6.0,136.6,133,85,36.0,1,Medicaid,0,0,0,4.6,1
75,1,2,Elective,0,Cardiac,3,1,5.1,1.45,11.2,138.5,137,50,36.0,2,Private,1,0,0,5.5,1
73,1,0,Emergency,2,Orthopedic,4,2,5.5,0.91,8.3,139.8,149,75,37.0,2,Private,0,0,1,5.8,1
28,1,0,Emergency,1,Respiratory,3,4,7.8,1.46,7.1,131.9,129,67,37.3,1,Medicaid,1,2,1,7.5,2
69,0,2,Elective,4,Neurological,2,2,6.7,1.67,7.7,138.6,97,105,37.4,2,Private,0,2,0,2.0,0
30,1,0,Emergency,5,Infection,3,0,5.6,1.51,5.6,139.0,120,84,38.8,0,Medicare,0,0,1,6.0,1
86,0,0,Emergency,2,Orthopedic,4,2,9.9,1.96,6.0,136.9,136,113,37.8,0,Medicare,1,1,1,4.3,1
50,1,0,Emergency,5,Infection,3,1,5.9,1.81,7.1,132.4,134,80,36.8,0,Medicare,1,1,1,8.4,2
47,0,0,Emergency,2,Orthopedic,2,0,7.1,1.73,9.0,134.2,130,71,36.4,2,Private,1,0,1,6.0,1
69,1,0,Emergency,3,GI,1,1,6.3,1.03,4.9,140.9,133,75,37.8,0,Medicare,1,2,1,5.3,1
90,1,0,Emergency,0,Cardiac,4,0,4.0,0.45,9.4,138.3,129,56,36.8,2,Private,0,1,1,5.1,1
25,0,0,Emergency,0,Cardiac,1,4,6.0,0.65,6.7,138.8,122,105,36.5,2,Private,0,1,1,3.6,1
93,1,0,Emergency,0,Cardiac,2,1,5.5,1.07,10.4,135.3,148,71,37.6,3,Self-Pay,0,1,1,5.3,1
60,1,0,Emergency,1,Respiratory,3,1,5.7,1.42,12.4,142.3,135,69,37.8,3,Self-Pay,0,0,1,2.9,0
33,0,2,Elective,4,Neurological,4,1,10.1,1.81,9.8,136.7,118,45,36.3,2,Private,0,0,0,5.4,1
68,0,2,Elective,0,Cardiac,5,3,5.4,0.87,1.5,133.7,142,87,38.0,0,Medicare,0,1,0,5.3,1
50,1,0,Emergency,0,Cardiac,2,1,6.7,1.59,7.1,139.1,140,97,37.0,0,Medicare,1,0,1,6.8,1
53,1,2,Elective,5,Infection,1,3,8.0,1.18,6.9,132.8,134,86,36.2,1,Medicaid,0,3,0,6.7,1
54,1,1,Urgent,3,GI,1,4,5.1,1.26,8.8,138.8,95,75,37.4,1,Medicaid,1,4,0,6.2,1
18,1,1,Urgent,2,Orthopedic,5,1,4.7,1.52,7.1,140.7,120,85,38.1,0,Medicare,0,2,0,3.2,1
73,0,0,Emergency,0,Cardiac,1,4,7.0,1.75,8.5,130.8,118,90,37.3,0,Medicare,0,2,1,5.9,1
77,0,2,Elective,4,Neurological,3,6,6.6,0.86,8.9,141.9,98,83,36.6,0,Medicare,0,1,0,5.4,1
36,0,2,Elective,0,Cardiac,4,0,7.4,0.99,11.8,130.0,93,70,36.0,1,Medicaid,1,3,0,5.9,1
34,1,0,Emergency,3,GI,2,2,4.0,2.63,7.4,141.2,121,89,36.4,2,Private,1,0,1,6.4,1
62,1,1,Urgent,3,GI,1,1,9.4,0.52,1.5,138.7,136,84,37.1,0,Medicare,0,1,0,2.8,0
69,0,1,Urgent,2,Orthopedic,3,2,6.6,2.2,11.4,140.9,127,69,38.6,1,Medicaid,0,1,0,4.6,1
75,1,0,Emergency,5,Infection,1,1,8.3,0.91,9.2,133.8,146,105,37.1,1,Medicaid,0,1,1,7.8,2
84,1,1,Urgent,0,Cardiac,3,1,10.9,1.34,6.3,131.0,156,75,38.0,2,Private,1,1,0,5.8,1
34,0,0,Emergency,4,Neurological,2,1,6.3,1.83,5.6,140.6,104,68,37.6,0,Medicare,0,1,1,6.3,1
68,1,0,Emergency,3,GI,4,6,4.9,2.69,9.4,131.9,151,57,38.3,1,Medicaid,0,1,1,5.7,1
25,1,0,Emergency,3,GI,3,0,5.8,1.1,7.4,139.2,121,103,39.2,1,Medicaid,0,0,1,2.2,0
43,0,1,Urgent,5,Infection,7,2,6.2,2.74,15.6,143.1,118,108,38.0,2,Private,1,2,0,10.4,2
83,1,1,Urgent,3,GI,3,4,6.8,0.67,12.1,137.5,142,82,37.5,0,Medicare,0,3,0,3.7,1
50,0,2,Elective,4,Neurological,3,3,8.8,0.64,9.7,137.8,154,91,38.2,0,Medicare,0,0,0,5.1,1
59,0,1,Urgent,0,Cardiac,8,1,6.5,1.19,12.5,135.6,102,88,38.1,2,Private,0,0,0,4.4,1
85,0,0,Emergency,4,Neurological,2,2,8.8,0.6,9.6,142.3,137,62,37.4,2,Private,0,1,1,5.5,1
70,1,0,Emergency,4,Neurological,4,4,8.6,0.87,7.1,137.3,139,94,37.2,0,Medicare,0,0,1,6.2,1
83,0,2,Elective,5,Infection,6,2,6.8,0.88,5.3,139.9,135,87,37.7,0,Medicare,0,1,0,2.9,0
50,1,1,Urgent,5,Infection,6,2,4.0,1.46,12.7,130.6,128,77,37.8,0,Medicare,0,1,0,8.3,2
69,1,1,Urgent,0,Cardiac,6,1,8.1,1.26,6.6,135.9,136,63,36.0,2,Private,1,0,0,8.1,2
71,1,0,Emergency,2,Orthopedic,2,2,7.8,1.05,12.9,136.9,112,106,37.9,3,Self-Pay,0,1,1,5.8,1
82,1,1,Urgent,5,Infection,5,3,6.1,1.59,11.4,135.5,124,72,37.3,3,Self-Pay,1,1,0,7.3,2
34,0,0,Emergency,3,GI,6,6,4.6,1.04,9.9,136.6,127,72,39.3,0,Medicare,0,1,1,5.8,1
73,1,0,Emergency,2,Orthopedic,5,3,6.4,2.55,10.6,137.7,139,51,37.1,1,Medicaid,0,0,1,6.6,1
24,0,2,Elective,0,Cardiac,3,1,7.4,1.2,7.5,138.0,127,89,36.2,0,Medicare,0,1,0,3.5,1
60,1,1,Urgent,1,Respiratory,3,2,4.3,2.24,8.9,133.9,119,87,37.0,2,Private,0,2,0,7.2,2
94,1,0,Emergency,3,GI,5,4,4.3,1.31,8.1,141.6,132,81,38.0,0,Medicare,0,1,1,3.1,1
94,1,2,Elective,4,Neurological,3,4,12.1,1.48,9.0,135.7,170,72,36.7,2,Private,0,2,0,5.7,1
60,0,0,Emergency,2,Orthopedic,1,2,4.4,0.4,5.5,147.7,124,85,35.8,1,Medicaid,1,3,1,4.7,1
54,1,0,Emergency,0,Cardiac,3,1,5.2,0.9,10.6,145.7,95,91,35.2,2,Private,0,0,1,5.1,1
60,0,2,Elective,3,GI,1,2,9.4,1.28,13.1,138.5,119,71,37.9,0,Medicare,0,1,0,1.4,0
63,0,0,Emergency,5,Infection,2,2,4.8,0.9,9.5,137.1,114,65,36.5,2,Private,1,1,1,8.0,2
73,0,2,Elective,2,Orthopedic,2,2,4.6,1.41,14.3,139.3,135,74,37.5,1,Medicaid,0,0,0,2.2,0
67,0,2,Elective,5,Infection,2,2,8.2,0.56,13.1,136.7,109,84,37.2,3,Self-Pay,0,1,0,4.3,1
78,1,0,Emergency,1,Respiratory,3,5,4.0,0.87,14.3,137.5,138,78,38.1,1,Medicaid,1,0,1,9.0,2
37,1,1,Urgent,5,Infection,2,1,5.6,0.6,7.7,141.9,110,51,37.5,1,Medicaid,0,1,0,3.6,1
66,0,0,Emergency,4,Neurological,2,4,7.7,1.14,5.0,134.0,127,60,38.4,2,Private,1,3,1,9.3,2
53,1,0,Emergency,5,Infection,3,0,9.2,1.66,12.8,136.5,138,81,36.7,1,Medicaid,1,1,1,9.6,2
86,0,1,Urgent,4,Neurological,1,3,7.4,2.29,12.7,139.4,142,86,37.0,1,Medicaid,0,1,0,7.7,2
61,1,0,Emergency,1,Respiratory,1,3,7.3,2.2,10.0,135.1,110,68,36.4,3,Self-Pay,0,0,1,6.3,1
28,1,0,Emergency,5,Infection,5,2,6.8,1.69,4.2,138.3,116,59,36.6,2,Private,0,2,1,7.0,1
61,1,1,Urgent,3,GI,6,2,8.9,1.35,9.7,135.8,114,74,36.9,0,Medicare,0,2,0,4.6,1
72,0,1,Urgent,0,Cardiac,3,2,8.8,0.62,7.8,141.0,142,69,38.5,0,Medicare,0,1,0,4.0,1
39,1,1,Urgent,0,Cardiac,1,0,7.3,2.81,12.2,136.5,106,94,36.8,0,Medicare,0,2,0,5.1,1
71,0,2,Elective,1,Respiratory,2,2,6.8,1.61,11.7,140.8,116,92,37.6,3,Self-Pay,0,0,0,3.6,1
66,1,1,Urgent,4,Neurological,2,3,4.8,1.3,7.7,134.5,123,115,38.9,1,Medicaid,0,1,0,4.3,1
41,1,2,Elective,3,GI,8,4,5.1,1.26,6.3,134.8,92,62,36.3,2,Private,0,0,0,1.8,0
72,1,0,Emergency,2,Orthopedic,1,5,4.0,2.08,5.8,144.1,139,66,36.0,2,Private,1,0,1,7.4,2
70,0,1,Urgent,0,Cardiac,4,0,6.1,0.68,7.2,131.7,142,85,37.7,1,Medicaid,0,0,0,5.5,1
70,1,0,Emergency,2,Orthopedic,2,1,4.5,0.97,9.3,135.7,128,77,37.3,1,Medicaid,0,2,1,2.5,0
50,1,2,Elective,0,Cardiac,1,3,5.1,0.42,8.3,137.2,103,80,37.4,1,Medicaid,0,0,0,3.4,1
66,1,0,Emergency,2,Orthopedic,4,0,8.6,0.68,3.0,130.2,134,77,37.5,0,Medicare,0,2,1,3.1,1
72,1,2,Elective,5,Infection,5,4,8.1,2.71,13.9,136.8,174,76,36.7,0,Medicare,0,4,0,9.3,2
76,1,2,Elective,5,Infection,2,6,5.4,1.25,4.1,129.7,136,78,38.0,2,Private,1,1,0,6.3,1
70,1,1,Urgent,1,Respiratory,3,2,5.8,0.8,5.7,138.6,99,76,37.5,1,Medicaid,1,0,0,4.0,1
21,0,1,Urgent,3,GI,6,3,10.5,1.18,7.8,138.3,129,63,38.6,2,Private,0,0,0,2.9,0
89,1,0,Emergency,2,Orthopedic,4,1,5.0,1.84,6.6,128.6,136,65,36.0,2,Private,0,1,1,4.7,1
36,0,1,Urgent,0,Cardiac,3,4,7.8,1.25,8.0,136.8,138,71,38.0,0,Medicare,0,2,0,4.9,1
84,1,0,Emergency,5,Infection,3,1,9.3,1.7,9.2,136.8,91,65,37.8,3,Self-Pay,0,2,1,6.6,1
72,1,2,Elective,2,Orthopedic,4,2,6.9,0.67,8.6,136.2,138,91,36.3,2,Private,0,1,0,5.2,1
31,0,2,Elective,2,Orthopedic,2,2,7.2,1.93,4.8,134.3,136,44,36.4,1,Medicaid,0,0,0,1.7,0
23,1,2,Elective,3,GI,5,3,4.0,2.63,7.2,140.0,156,120,38.5,2,Private,1,1,0,7.4,2
63,1,0,Emergency,0,Cardiac,5,2,5.8,0.62,7.3,133.2,110,71,37.0,1,Medicaid,1,3,1,7.9,2
74,1,0,Emergency,1,Respiratory,5,2,6.8,1.56,4.6,140.4,123,91,36.0,2,Private,0,0,1,5.6,1
71,0,1,Urgent,0,Cardiac,4,2,9.1,1.74,3.8,142.2,139,92,38.0,2,Private,0,1,0,4.5,1
63,0,0,Emergency,1,Respiratory,10,0,5.5,1.4,6.9,135.7,101,55,36.6,1,Medicaid,0,0,1,4.4,1
90,1,2,Elective,0,Cardiac,3,3,6.8,1.24,7.6,134.9,127,92,36.2,0,Medicare,1,2,0,4.6,1
50,0,2,Elective,5,Infection,4,1,8.7,0.66,18.4,138.2,116,109,36.8,2,Private,1,2,0,8.1,2
90,1,0,Emergency,3,GI,3,2,8.4,1.02,11.8,142.3,115,118,37.5,2,Private,0,0,1,5.7,1
34,0,1,Urgent,5,Infection,3,1,7.2,1.23,12.0,131.1,88,64,36.9,2,Private,0,1,0,3.6,1
52,0,1,Urgent,4,Neurological,7,2,5.4,3.62,7.7,136.5,119,87,36.5,3,Self-Pay,0,1,0,4.5,1
78,1,1,Urgent,3,GI,2,0,7.5,0.68,16.1,137.4,155,94,37.8,1,Medicaid,0,3,0,7.3,2
75,0,1,Urgent,1,Respiratory,3,2,6.8,2.01,10.4,140.0,157,77,37.6,2,Private,0,3,0,4.0,1
54,1,0,Emergency,3,GI,2,2,4.3,1.5,10.7,137.8,142,74,37.7,0,Medicare,0,0,1,5.6,1
50,1,0,Emergency,0,Cardiac,2,2,6.1,0.51,10.4,139.3,149,90,36.1,0,Medicare,0,4,1,4.2,1
72,1,2,Elective,0,Cardiac,3,3,7.5,1.61,12.2,138.6,141,88,37.7,0,Medicare,1,1,0,6.6,1
57,0,0,Emergency,3,GI,4,4,9.2,1.02,9.9,137.6,113,101,37.0,0,Medicare,1,1,1,6.1,1
88,1,2,Elective,3,GI,2,0,5.1,2.04,9.9,140.1,133,40,38.7,3,Self-Pay,0,1,0,3.7,1
50,0,1,Urgent,0,Cardiac,3,0,8.0,1.13,12.4,137.9,126,77,38.3,2,Private,0,0,0,3.1,1
29,1,2,Elective,1,Respiratory,4,3,5.4,1.85,8.8,138.8,88,65,36.6,0,Medicare,0,2,0,2.4,0
56,0,2,Elective,0,Cardiac,2,3,6.4,0.73,1.5,137.9,115,89,35.3,0,Medicare,0,1,0,2.6,0
72,0,1,Urgent,3,GI,2,3,5.8,1.29,10.0,136.3,148,84,37.0,2,Private,0,0,0,1.4,0
47,1,0,Emergency,5,Infection,5,2,10.0,1.33,1.8,141.6,133,93,38.0,0,Medicare,0,0,1,5.0,1
50,1,1,Urgent,4,Neurological,3,2,7.7,0.86,7.8,143.1,135,73,37.6,2,Private,0,1,0,6.2,1
42,0,0,Emergency,4,Neurological,4,2,7.9,1.05,10.2,137.1,115,78,37.3,2,Private,1,3,1,8.3,2
40,1,0,Emergency,2,Orthopedic,4,3,5.2,0.99,10.2,133.5,149,85,36.3,1,Medicaid,0,3,1,3.3,1
87,1,1,Urgent,0,Cardiac,3,2,7.5,1.84,6.9,141.7,143,86,36.9,1,Medicaid,1,0,0,7.8,2
72,0,2,Elective,4,Neurological,1,3,4.4,1.06,3.0,134.4,96,65,38.2,0,Medicare,0,3,0,4.2,1
38,0,0,Emergency,1,Respiratory,4,2,4.0,1.18,4.9,143.5,131,79,38.2,2,Private,0,3,1,3.8,1
56,0,0,Emergency,1,Respiratory,2,1,5.7,1.92,1.5,142.8,130,65,36.8,0,Medicare,1,0,1,7.9,2
92,0,1,Urgent,3,GI,2,2,8.9,1.48,4.1,138.2,116,86,37.3,1,Medicaid,0,1,0,2.3,0
50,0,2,Elective,5,Infection,1,0,5.8,1.25,6.0,134.6,149,94,35.4,1,Medicaid,0,3,0,5.1,1
73,0,0,Emergency,2,Orthopedic,1,1,7.7,0.76,8.4,138.5,109,77,38.9,2,Private,0,0,1,2.6,0
54,1,0,Emergency,5,Infection,1,1,11.2,1.14,10.9,137.3,140,97,37.5,2,Private,0,2,1,4.8,1
65,0,2,Elective,2,Orthopedic,3,1,6.3,1.47,7.5,136.4,97,95,37.5,2,Private,0,0,0,4.8,1
80,1,0,Emergency,0,Cardiac,4,1,9.7,2.53,10.0,144.1,104,93,38.1,0,Medicare,1,1,1,8.3,2
25,1,1,Urgent,2,Orthopedic,3,0,4.0,0.41,8.4,139.8,118,66,35.5,0,Medicare,0,0,0,2.4,0
50,1,1,Urgent,5,Infection,4,1,5.4,0.98,16.3,140.9,152,84,37.5,2,Private,0,1,0,5.1,1
26,1,0,Emergency,2,Orthopedic,2,1,7.4,0.91,4.0,132.9,104,98,38.8,0,Medicare,0,0,1,4.5,1
84,0,1,Urgent,4,Neurological,2,2,6.3,0.82,16.3,143.6,128,83,36.2,1,Medicaid,0,1,0,6.4,1
68,0,2,Elective,2,Orthopedic,3,5,7.5,0.54,6.2,134.3,122,104,38.0,2,Private,0,1,0,4.5,1
20,1,0,Emergency,2,Orthopedic,2,2,4.7,1.76,11.1,137.2,135,88,37.4,0,Medicare,0,2,1,4.9,1
65,0,0,Emergency,1,Respiratory,4,1,10.2,1.6,6.4,138.2,104,73,38.0,0,Medicare,0,1,1,5.6,1
82,0,1,Urgent,0,Cardiac,1,2,9.3,1.55,6.7,140.8,130,66,37.3,0,Medicare,0,1,0,5.2,1
52,1,0,Emergency,1,Respiratory,1,3,7.7,1.05,9.4,142.7,155,113,38.5,2,Private,0,2,1,5.7,1
74,0,1,Urgent,2,Orthopedic,4,2,4.7,0.92,5.2,139.7,161,53,36.5,0,Medicare,1,0,0,6.3,1
61,1,2,Elective,4,Neurological,1,1,6.5,0.75,8.5,140.6,96,60,37.6,1,Medicaid,1,4,0,6.7,1
55,1,2,Elective,4,Neurological,6,3,8.4,1.4,9.7,128.9,144,97,36.6,0,Medicare,1,0,0,6.9,1
70,1,0,Emergency,0,Cardiac,3,2,5.5,0.79,1.5,142.3,139,90,38.3,0,Medicare,0,0,1,5.2,1
63,1,0,Emergency,3,GI,2,2,9.2,1.58,4.7,139.0,135,72,37.1,2,Private,0,2,1,3.1,1
18,0,0,Emergency,2,Orthopedic,1,5,7.2,0.72,6.2,137.5,131,110,36.9,3,Self-Pay,0,2,1,2.0,0
53,1,2,Elective,3,GI,2,3,6.2,2.32,16.6,139.2,171,79,37.1,2,Private,0,1,0,4.6,1
47,0,0,Emergency,3,GI,2,0,8.2,1.11,5.9,138.7,115,78,38.2,3,Self-Pay,0,2,1,3.1,1
50,1,0,Emergency,1,Respiratory,1,2,5.1,0.95,9.8,140.2,85,87,37.7,1,Medicaid,0,2,1,2.8,0
71,0,2,Elective,5,Infection,2,2,6.0,0.92,12.6,133.9,140,91,38.7,2,Private,0,2,0,3.0,0
54,1,1,Urgent,5,Infection,3,2,5.5,1.99,7.1,137.3,109,91,36.4,1,Medicaid,1,2,0,6.1,1
70,1,0,Emergency,0,Cardiac,5,2,4.0,1.4,6.5,134.0,89,81,37.1,0,Medicare,0,0,1,3.6,1
50,0,0,Emergency,3,GI,1,2,4.0,2.91,9.9,140.7,130,91,37.6,2,Private,0,3,1,3.4,1
20,0,1,Urgent,0,Cardiac,2,5,4.9,1.9,6.0,140.2,121,55,37.0,2,Private,1,1,0,5.9,1
77,0,1,Urgent,0,Cardiac,1,4,5.2,0.79,11.4,136.2,111,43,37.1,2,Private,0,2,0,5.9,1
50,0,1,Urgent,5,Infection,5,1,7.7,1.12,12.3,131.5,110,83,37.6,1,Medicaid,0,1,0,6.1,1
68,0,0,Emergency,3,GI,4,2,5.8,1.25,9.6,130.1,137,69,37.3,2,Private,0,2,1,5.5,1
65,1,0,Emergency,1,Respiratory,5,4,7.6,1.27,12.6,139.9,150,76,38.1,2,Private,0,2,1,5.7,1
71,1,1,Urgent,3,GI,4,3,4.0,2.13,12.0,140.6,86,78,38.3,2,Private,0,0,0,4.1,1
32,1,2,Elective,4,Neurological,3,4,7.1,1.0,5.9,136.3,145,82,38.6,2,Private,0,3,0,4.1,1
42,1,0,Emergency,5,Infection,2,3,4.0,0.79,1.5,135.2,155,104,37.1,2,Private,0,0,1,6.4,1
37,0,0,Emergency,0,Cardiac,4,1,5.6,1.55,1.5,130.5,125,67,36.8,1,Medicaid,0,1,1,3.9,1
63,0,1,Urgent,4,Neurological,7,2,8.2,1.46,11.1,128.0,98,74,37.7,0,Medicare,0,2,0,5.4,1
87,1,1,Urgent,4,Neurological,4,2,5.9,0.89,6.4,143.3,110,75,37.6,0,Medicare,0,3,0,6.6,1
79,1,0,Emergency,3,GI,4,2,4.6,0.52,8.2,136.6,98,59,37.0,2,Private,0,2,1,5.9,1
58,0,1,Urgent,2,Orthopedic,3,1,8.7,2.87,12.7,139.9,106,79,36.2,0,Medicare,0,0,0,6.2,1
67,0,2,Elective,0,Cardiac,3,1,8.1,2.19,7.5,140.1,130,87,37.9,2,Private,0,1,0,2.8,0
77,0,1,Urgent,1,Respiratory,2,1,9.1,0.8,7.8,134.4,122,96,38.8,1,Medicaid,0,0,0,2.9,0
70,0,0,Emergency,2,Orthopedic,5,3,4.3,1.09,7.7,136.5,140,50,37.4,1,Medicaid,0,0,1,4.6,1
78,0,2,Elective,5,Infection,2,1,4.0,1.15,6.2,143.6,127,45,38.1,0,Medicare,1,1,0,6.4,1
87,1,0,Emergency,4,Neurological,9,3,9.2,1.53,7.3,135.8,117,80,37.7,1,Medicaid,0,0,1,4.5,1
43,1,0,Emergency,2,Orthopedic,7,7,4.2,1.02,13.3,138.2,125,71,36.8,0,Medicare,0,1,1,5.6,1
41,0,1,Urgent,4,Neurological,7,0,6.5,0.97,5.7,139.6,104,95,37.8,2,Private,1,2,0,7.9,2
33,1,1,Urgent,4,Neurological,5,1,6.3,1.1,10.2,142.2,123,81,37.0,0,Medicare,0,0,0,4.6,1
77,0,2,Elective,3,GI,5,1,5.3,0.76,11.7,141.2,135,86,37.6,0,Medicare,0,2,0,4.7,1
28,1,0,Emergency,1,Respiratory,5,3,4.3,1.78,13.1,133.4,123,60,36.6,1,Medicaid,1,1,1,6.4,1
63,1,0,Emergency,1,Respiratory,1,1,5.8,1.53,14.6,140.7,146,76,37.3,0,Medicare,1,0,1,7.7,2
50,1,2,Elective,0,Cardiac,3,0,8.2,0.74,8.2,134.8,129,95,38.0,0,Medicare,0,2,0,3.5,1
51,0,0,Emergency,0,Cardiac,3,2,5.5,1.35,11.0,135.5,156,87,38.1,2,Private,0,0,1,3.1,1
62,0,0,Emergency,0,Cardiac,2,1,4.3,0.87,10.0,133.8,111,52,38.0,3,Self-Pay,0,0,1,3.0,0
59,1,1,Urgent,4,Neurological,2,3,6.7,1.24,13.8,138.6,121,77,35.2,2,Private,0,2,0,4.3,1
66,0,2,Elective,0,Cardiac,3,2,4.0,0.47,8.9,137.1,93,122,36.0,0,Medicare,0,0,0,4.3,1
49,0,1,Urgent,1,Respiratory,4,4,7.0,1.04,14.2,146.0,146,99,37.4,2,Private,0,1,0,4.1,1
85,0,0,Emergency,5,Infection,3,2,7.6,2.09,11.9,143.9,111,60,37.4,1,Medicaid,1,0,1,10.1,2
66,1,1,Urgent,4,Neurological,1,2,5.7,0.72,7.5,135.6,158,70,37.0,2,Private,0,1,0,3.5,1
50,0,2,Elective,4,Neurological,5,2,8.0,0.99,5.8,133.4,91,78,36.2,2,Private,0,3,0,4.2,1
60,1,2,Elective,1,Respiratory,2,3,6.4,2.05,7.5,136.6,114,77,36.7,3,Self-Pay,0,0,0,5.1,1
47,0,0,Emergency,3,GI,2,0,6.0,2.51,7.9,139.7,157,89,38.0,0,Medicare,1,1,1,5.7,1
28,0,2,Elective,2,Orthopedic,4,3,4.6,1.64,4.9,137.5,146,84,36.9,1,Medicaid,0,3,0,5.0,1
50,1,2,Elective,3,GI,2,7,8.2,2.34,9.2,140.5,80,83,36.3,3,Self-Pay,1,0,0,5.7,1
63,0,1,Urgent,2,Orthopedic,3,3,5.6,1.97,8.7,130.7,136,81,37.2,2,Private,1,1,0,6.4,1
62,1,1,Urgent,2,Orthopedic,1,3,6.0,0.54,3.9,143.4,110,57,36.3,2,Private,0,0,0,2.7,0
60,1,0,Emergency,5,Infection,1,0,7.7,1.5,3.6,146.2,144,91,36.9,2,Private,0,2,1,6.3,1
52,0,1,Urgent,1,Respiratory,1,3,5.0,1.29,10.6,130.9,119,86,37.5,0,Medicare,0,2,0,3.2,1
82,1,1,Urgent,0,Cardiac,3,1,5.1,0.73,10.3,140.5,143,75,37.1,1,Medicaid,1,1,0,7.7,2
73,0,0,Emergency,2,Orthopedic,3,0,6.5,0.54,7.2,138.6,101,83,36.5,0,Medicare,0,2,1,3.5,1
64,1,0,Emergency,2,Orthopedic,3,0,4.0,1.69,5.9,140.0,124,52,35.9,1,Medicaid,0,1,1,4.2,1
54,1,0,Emergency,0,Cardiac,2,1,7.2,1.1,11.8,129.2,134,80,37.0,0,Medicare,0,1,1,5.4,1
78,0,2,Elective,4,Neurological,5,3,6.4,1.23,5.9,130.0,109,67,38.6,3,Self-Pay,0,0,0,4.8,1
88,0,1,Urgent,2,Orthopedic,2,2,4.0,1.54,11.6,137.9,122,96,36.8,0,Medicare,0,0,0,3.8,1
58,0,1,Urgent,2,Orthopedic,6,1,4.0,2.51,14.1,135.4,159,85,36.9,1,Medicaid,1,0,0,8.3,2
46,0,2,Elective,3,GI,5,7,5.5,0.87,12.2,135.6,136,63,37.3,0,Medicare,0,0,0,6.3,1
77,1,1,Urgent,4,Neurological,5,1,5.8,0.99,4.5,139.4,91,92,37.4,1,Medicaid,0,0,0,6.9,1
33,0,2,Elective,5,Infection,2,1,8.7,1.01,6.1,142.9,123,67,37.3,3,Self-Pay,0,3,0,4.4,1
82,1,0,Emergency,0,Cardiac,1,3,10.3,0.86,7.3,133.5,145,100,37.5,2,Private,1,0,1,7.1,2
58,0,1,Urgent,1,Respiratory,3,0,5.0,2.68,9.3,138.2,118,99,37.5,2,Private,0,0,0,4.0,1
72,0,1,Urgent,0,Cardiac,4,1,5.0,1.81,9.6,134.8,139,70,37.2,2,Private,1,1,0,9.5,2
38,0,0,Emergency,5,Infection,5,2,9.1,1.56,5.4,138.6,148,91,36.6,1,Medicaid,0,3,1,5.8,1
62,0,0,Emergency,2,Orthopedic,2,3,7.2,1.51,12.4,136.9,100,72,38.2,0,Medicare,0,0,1,4.2,1
66,1,0,Emergency,4,Neurological,1,1,12.9,1.11,11.1,140.4,137,81,36.4,2,Private,0,2,1,6.3,1
70,1,2,Elective,5,Infection,1,1,6.1,0.41,8.5,132.1,134,100,36.0,1,Medicaid,0,0,0,4.1,1
72,0,1,Urgent,3,GI,2,2,8.3,3.07,7.4,140.6,150,106,37.3,2,Private,0,1,0,5.0,1
93,1,1,Urgent,0,Cardiac,4,4,10.7,1.02,10.2,134.7,122,81,38.1,0,Medicare,0,2,0,4.3,1
90,1,0,Emergency,1,Respiratory,3,0,4.3,1.72,8.1,134.0,136,44,37.9,1,Medicaid,1,0,1,5.0,1
79,1,0,Emergency,0,Cardiac,3,1,4.8,1.85,9.2,136.2,157,92,37.7,0,Medicare,1,0,1,6.8,1
35,1,2,Elective,4,Neurological,2,4,7.3,1.1,9.7,143.2,149,112,38.7,2,Private,1,3,0,6.5,1
69,1,0,Emergency,0,Cardiac,3,5,6.4,3.07,6.1,138.7,119,52,36.1,1,Medicaid,0,2,1,6.2,1
76,1,1,Urgent,3,GI,4,2,6.8,1.92,16.5,138.6,128,73,37.5,1,Medicaid,1,1,0,5.0,1
55,0,0,Emergency,0,Cardiac,1,2,5.1,0.85,6.9,141.8,164,65,36.5,2,Private,0,0,1,7.0,1
84,0,0,Emergency,0,Cardiac,4,3,6.4,1.77,6.9,126.5,82,78,37.1,1,Medicaid,0,2,1,7.4,2
73,1,2,Elective,1,Respiratory,1,0,5.8,2.0,5.1,132.8,96,107,36.7,1,Medicaid,0,2,0,4.5,1
78,1,2,Elective,3,GI,4,1,7.5,1.16,8.2,137.3,151,84,37.6,0,Medicare,1,1,0,4.9,1
75,1,0,Emergency,0,Cardiac,2,1,8.2,1.58,14.2,141.0,133,64,37.3,1,Medicaid,0,1,1,5.6,1
38,1,0,Emergency,3,GI,7,3,4.0,1.09,5.5,139.5,150,86,38.2,3,Self-Pay,0,5,1,5.8,1
90,0,0,Emergency,3,GI,5,2,8.8,0.96,9.5,139.2,131,62,38.0,0,Medicare,0,2,1,5.5,1
66,1,0,Emergency,5,Infection,4,1,6.6,1.26,12.5,138.5,141,69,38.9,1,Medicaid,0,1,1,5.5,1
66,1,1,Urgent,5,Infection,3,4,8.2,1.26,4.2,145.4,150,73,37.8,3,Self-Pay,0,0,0,4.9,1
50,1,1,Urgent,3,GI,7,3,6.2,1.06,9.6,142.8,136,85,36.6,1,Medicaid,1,0,0,4.8,1
46,1,2,Elective,4,Neurological,4,1,8.5,0.46,10.3,138.4,127,111,38.5,1,Medicaid,0,2,0,4.6,1
68,0,1,Urgent,1,Respiratory,1,1,8.1,2.39,13.5,139.4,155,63,36.3,0,Medicare,0,1,0,3.5,1
83,0,0,Emergency,3,GI,3,2,7.2,2.11,9.4,139.0,136,88,38.5,2,Private,0,3,1,2.5,0
46,1,2,Elective,2,Orthopedic,2,1,6.6,0.81,10.3,123.7,132,93,38.7,2,Private,0,2,0,2.3,0
80,0,2,Elective,1,Respiratory,1,2,7.4,1.03,3.4,134.1,167,91,38.3,0,Medicare,0,1,0,3.8,1
77,0,1,Urgent,4,Neurological,4,2,10.0,0.76,11.6,137.4,106,88,37.8,2,Private,0,0,0,6.7,1
38,0,2,Elective,1,Respiratory,3,3,8.5,0.58,14.7,141.9,98,90,37.0,2,Private,0,1,0,4.1,1
58,0,2,Elective,1,Respiratory,7,2,7.7,0.74,12.6,139.2,168,86,38.7,2,Private,1,0,0,7.9,2
19,1,1,Urgent,1,Respiratory,4,0,5.5,1.24,8.0,140.4,93,87,37.1,0,Medicare,0,0,0,2.9,0
46,1,2,Elective,5,Infection,2,3,5.4,1.4,8.5,134.4,166,73,36.4,2,Private,0,1,0,4.9,1
41,1,1,Urgent,0,Cardiac,2,0,5.2,0.77,9.0,136.3,130,96,37.6,2,Private,1,1,0,6.5,1
22,0,1,Urgent,1,Respiratory,1,2,4.3,1.04,16.0,130.8,102,93,37.4,2,Private,0,0,0,4.2,1
68,1,0,Emergency,5,Infection,3,0,8.0,1.33,14.3,140.6,136,84,35.6,1,Medicaid,1,0,1,7.3,2
32,1,2,Elective,0,Cardiac,5,2,6.7,0.88,6.3,135.8,108,81,36.9,0,Medicare,1,0,0,6.0,1
27,1,0,Emergency,5,Infection,1,1,7.1,1.47,6.0,134.2,116,63,36.5,2,Private,0,0,1,4.9,1
83,1,1,Urgent,5,Infection,2,2,4.0,0.76,13.1,139.2,137,89,37.5,1,Medicaid,0,1,0,5.9,1
70,1,1,Urgent,2,Orthopedic,3,1,5.1,2.92,8.2,142.7,111,100,36.0,0,Medicare,0,3,0,3.8,1
25,0,1,Urgent,3,GI,2,0,6.3,0.89,10.6,140.7,110,95,37.0,3,Self-Pay,0,0,0,2.4,0
67,0,1,Urgent,5,Infection,2,1,4.4,1.02,10.2,138.4,145,74,36.9,2,Private,1,1,0,7.4,2
61,1,1,Urgent,3,GI,5,1,4.4,0.73,14.1,133.8,115,86,36.0,3,Self-Pay,1,1,0,6.3,1
53,1,0,Emergency,0,Cardiac,1,0,4.8,0.47,5.3,137.9,108,82,38.1,0,Medicare,1,0,1,6.6,1
88,1,2,Elective,4,Neurological,1,3,7.4,1.4,10.5,139.3,88,105,37.2,2,Private,0,0,0,3.8,1
41,0,1,Urgent,0,Cardiac,1,0,4.0,0.67,14.2,136.0,109,98,38.3,3,Self-Pay,0,0,0,3.9,1
77,1,2,Elective,1,Respiratory,1,3,6.2,1.29,17.0,140.8,110,80,37.1,1,Medicaid,0,1,0,3.5,1
82,0,0,Emergency,5,Infection,2,0,9.2,0.9,11.0,134.1,108,79,38.2,2,Private,0,2,1,5.1,1
34,0,1,Urgent,1,Respiratory,2,0,8.4,2.02,6.4,133.0,158,71,38.2,2,Private,1,3,0,8.1,2
73,0,1,Urgent,4,Neurological,4,4,8.5,1.15,8.6,134.7,156,99,37.3,0,Medicare,1,0,0,8.2,2
21,1,0,Emergency,2,Orthopedic,5,2,5.9,0.58,7.9,135.4,131,79,37.3,2,Private,0,1,1,2.5,0
58,0,2,Elective,4,Neurological,1,0,10.0,1.23,12.9,139.6,117,91,37.6,2,Private,1,1,0,7.9,2
56,1,0,Emergency,1,Respiratory,3,1,5.5,3.59,11.0,143.3,114,88,36.4,0,Medicare,0,2,1,4.5,1
73,0,1,Urgent,2,Orthopedic,1,3,7.3,1.07,11.8,141.7,130,85,36.6,1,Medicaid,0,0,0,5.4,1
24,1,1,Urgent,1,Respiratory,1,2,7.4,0.93,9.4,135.3,129,74,37.0,2,Private,0,1,0,4.5,1
69,1,1,Urgent,1,Respiratory,4,0,4.5,1.54,10.2,134.9,106,78,37.3,1,Medicaid,0,1,0,3.8,1
64,1,1,Urgent,1,Respiratory,5,2,4.0,0.89,8.7,135.2,148,92,38.4,0,Medicare,1,1,0,6.0,1
83,0,0,Emergency,1,Respiratory,6,0,8.1,1.2,8.6,135.9,116,70,36.7,0,Medicare,0,1,1,5.0,1
50,0,1,Urgent,5,Infection,4,5,4.8,1.27,3.5,141.6,131,74,36.9,3,Self-Pay,1,0,0,8.1,2
39,1,0,Emergency,2,Orthopedic,3,4,6.3,0.74,9.3,143.1,110,71,37.7,2,Private,0,0,1,3.0,0
25,0,1,Urgent,2,Orthopedic,1,2,7.2,1.7,11.9,143.0,101,82,37.8,1,Medicaid,0,1,0,2.0,0
50,0,0,Emergency,2,Orthopedic,3,0,6.5,1.92,11.3,140.4,89,77,37.6,2,Private,0,0,1,2.0,0
80,1,1,Urgent,5,Infection,4,1,7.7,0.82,9.8,139.6,132,69,35.9,2,Private,1,0,0,8.9,2
76,1,1,Urgent,3,GI,4,2,7.3,1.63,9.0,142.1,126,92,36.7,0,Medicare,0,1,0,4.2,1
66,0,2,Elective,3,GI,1,2,7.5,1.71,7.0,138.0,108,73,37.2,1,Medicaid,1,1,0,4.1,1
18,0,1,Urgent,1,Respiratory,3,1,7.2,1.16,8.1,137.7,127,83,36.8,3,Self-Pay,0,2,0,1.6,0
50,1,0,Emergency,2,Orthopedic,1,3,4.0,2.28,13.0,138.7,124,64,37.6,2,Private,0,4,1,3.6,1
61,1,1,Urgent,0,Cardiac,2,0,6.5,2.43,11.1,135.4,143,57,36.9,0,Medicare,0,1,0,4.3,1
54,0,1,Urgent,3,GI,1,2,7.4,0.9,9.0,140.6,100,72,36.6,2,Private,0,1,0,2.1,0
50,0,0,Emergency,1,Respiratory,5,2,10.6,1.44,12.5,134.3,138,53,37.3,1,Medicaid,0,1,1,6.5,1
63,1,0,Emergency,4,Neurological,5,0,7.2,1.48,14.3,137.1,111,103,36.7,2,Private,0,2,1,6.0,1
38,0,1,Urgent,0,Cardiac,3,3,6.2,1.74,11.3,144.6,127,103,36.4,0,Medicare,0,3,0,6.0,1
63,1,0,Emergency,2,Orthopedic,5,4,7.7,1.48,11.2,143.2,80,81,36.3,2,Private,0,2,1,4.4,1
58,1,0,Emergency,2,Orthopedic,1,0,5.3,1.78,6.5,139.4,108,96,37.1,2,Private,0,1,1,3.0,0
23,1,0,Emergency,0,Cardiac,4,1,9.0,1.36,11.6,132.5,121,53,37.3,1,Medicaid,1,4,1,9.3,2
87,1,0,Emergency,0,Cardiac,7,2,6.3,3.38,9.0,136.6,125,82,37.2,0,Medicare,0,3,1,7.8,2
74,0,0,Emergency,1,Respiratory,2,3,6.1,1.18,8.7,141.6,125,106,36.5,2,Private,0,1,1,4.3,1
54,0,1,Urgent,2,Orthopedic,2,1,4.0,0.78,12.3,140.2,100,93,36.1,3,Self-Pay,0,2,0,3.5,1
39,1,0,Emergency,3,GI,4,1,5.7,1.73,8.2,137.3,146,82,37.6,1,Medicaid,0,1,1,5.3,1
58,1,0,Emergency,2,Orthopedic,2,0,6.4,1.03,5.7,143.0,102,71,38.3,2,Private,0,7,1,6.9,1
66,0,0,Emergency,2,Orthopedic,5,2,9.6,0.94,13.0,137.9,139,92,36.9,1,Medicaid,0,3,1,4.1,1
64,0,1,Urgent,2,Orthopedic,4,1,5.8,1.16,9.8,138.0,110,118,37.1,1,Medicaid,0,2,0,2.5,0
65,0,2,Elective,2,Orthopedic,2,2,6.4,1.4,6.5,141.6,145,79,35.9,0,Medicare,1,0,0,4.7,1
45,0,1,Urgent,0,Cardiac,3,2,7.8,0.88,9.1,138.7,132,98,36.4,0,Medicare,0,1,0,5.7,1
30,1,1,Urgent,2,Orthopedic,5,4,5.0,1.65,10.3,138.9,147,53,38.3,3,Self-Pay,0,0,0,3.3,1
38,1,1,Urgent,0,Cardiac,2,0,5.6,0.95,6.1,134.3,136,87,37.2,3,Self-Pay,1,0,0,6.7,1
74,0,0,Emergency,2,Orthopedic,5,2,8.8,1.69,8.2,135.6,125,72,37.1,3,Self-Pay,0,1,1,4.0,1
38,0,0,Emergency,4,Neurological,3,4,4.0,1.2,8.9,137.9,130,119,38.0,2,Private,0,1,1,2.3,0
50,0,0,Emergency,3,GI,2,3,5.3,1.41,2.0,148.3,116,67,39.0,1,Medicaid,0,0,1,5.6,1
77,0,0,Emergency,1,Respiratory,3,2,7.2,0.7,15.1,134.6,141,92,38.3,0,Medicare,1,1,1,6.0,1
56,0,0,Emergency,0,Cardiac,2,1,7.2,0.57,14.8,134.4,143,107,36.6,2,Private,0,0,1,3.2,1
50,0,1,Urgent,0,Cardiac,1,1,11.2,1.48,9.5,138.2,105,70,37.7,0,Medicare,1,0,0,6.7,1
50,0,0,Emergency,2,Orthopedic,2,3,6.8,2.9,9.9,145.6,106,94,37.4,2,Private,0,0,1,5.0,1
35,1,2,Elective,2,Orthopedic,3,4,5.4,0.85,10.0,143.2,152,117,37.4,0,Medicare,0,2,0,4.7,1
63,1,2,Elective,1,Respiratory,4,3,5.7,2.67,5.8,135.5,157,95,37.1,3,Self-Pay,0,3,0,5.4,1
32,0,2,Elective,4,Neurological,2,1,8.5,1.46,10.9,135.7,103,98,37.2,0,Medicare,0,3,0,3.3,1
24,1,0,Emergency,1,Respiratory,1,1,5.3,0.96,6.2,139.2,110,95,37.4,2,Private,0,0,1,4.1,1
65,1,2,Elective,3,GI,2,5,6.2,1.02,2.5,136.2,106,79,38.0,1,Medicaid,0,0,0,3.2,1
39,1,2,Elective,3,GI,2,3,8.2,1.46,8.8,145.1,108,96,36.9,2,Private,0,4,0,4.9,1
57,1,2,Elective,3,GI,2,3,5.9,2.35,8.4,140.0,148,114,36.4,1,Medicaid,0,0,0,4.7,1
58,1,1,Urgent,5,Infection,4,1,7.6,1.48,14.8,133.5,153,70,37.2,0,Medicare,1,1,0,7.3,2
74,1,2,Elective,0,Cardiac,1,5,4.0,1.17,6.7,136.7,134,74,36.4,2,Private,0,3,0,4.2,1
82,0,0,Emergency,0,Cardiac,6,2,4.7,1.41,8.3,139.8,159,70,36.7,2,Private,1,2,1,6.9,1
71,1,0,Emergency,4,Neurological,5,2,5.5,0.75,7.8,140.2,145,68,36.6,1,Medicaid,0,2,1,6.2,1
18,1,0,Emergency,1,Respiratory,3,1,4.0,0.88,7.0,138.5,120,83,35.4,0,Medicare,1,0,1,5.0,1
82,1,2,Elective,5,Infection,3,2,4.5,1.37,6.0,136.9,188,100,37.7,0,Medicare,0,0,0,2.5,0
51,1,0,Emergency,0,Cardiac,1,0,5.3,1.3,6.6,141.4,127,53,37.9,0,Medicare,1,2,1,4.3,1
82,0,0,Emergency,0,Cardiac,4,4,10.3,1.16,9.9,143.8,128,76,37.3,0,Medicare,0,0,1,6.3,1
36,1,2,Elective,3,GI,2,1,7.2,1.28,6.1,141.2,161,88,37.8,0,Medicare,0,3,0,1.0,0
39,0,0,Emergency,1,Respiratory,2,1,8.0,1.08,17.0,138.1,123,120,36.6,0,Medicare,0,1,1,6.3,1
41,1,2,Elective,1,Respiratory,1,1,7.7,0.71,8.5,133.7,123,102,35.7,0,Medicare,0,0,0,1.9,0
65,1,2,Elective,5,Infection,2,5,4.0,0.78,17.4,137.5,138,85,38.4,3,Self-Pay,0,1,0,3.9,1
83,1,0,Emergency,0,Cardiac,7,1,6.7,1.55,6.9,132.1,139,96,37.0,2,Private,0,0,1,2.9,0
61,1,0,Emergency,2,Orthopedic,3,1,5.6,2.48,2.8,139.3,129,88,37.4,1,Medicaid,0,2,1,5.6,1
82,0,1,Urgent,1,Respiratory,1,2,4.0,1.43,10.8,140.4,121,63,36.6,3,Self-Pay,0,2,0,5.0,1
37,1,2,Elective,1,Respiratory,1,1,7.3,0.78,6.8,141.3,110,71,35.9,1,Medicaid,0,1,0,1.7,0
21,0,2,Elective,1,Respiratory,1,0,4.0,1.87,6.0,142.6,124,51,36.0,0,Medicare,0,1,0,3.7,1
55,1,0,Emergency,0,Cardiac,3,0,6.5,1.2,3.2,138.6,142,92,37.5,2,Private,1,2,1,7.2,2
59,0,0,Emergency,0,Cardiac,4,3,6.0,1.63,7.9,142.4,128,68,37.9,0,Medicare,0,2,1,5.7,1
55,0,0,Emergency,5,Infection,4,1,4.9,1.23,13.5,136.1,175,73,36.5,0,Medicare,0,1,1,8.8,2
35,1,1,Urgent,3,GI,2,3,8.2,1.91,9.6,137.9,117,67,38.3,2,Private,0,1,0,3.8,1
58,1,0,Emergency,4,Neurological,1,0,6.2,1.68,8.6,144.3,97,82,35.9,0,Medicare,0,1,1,3.9,1
55,0,0,Emergency,0,Cardiac,3,0,6.9,0.66,8.0,139.4,120,84,35.4,2,Private,0,0,1,4.4,1
71,1,1,Urgent,0,Cardiac,4,4,7.7,1.72,14.1,141.2,122,81,37.5,2,Private,1,1,0,7.2,2
50,1,1,Urgent,3,GI,1,1,8.0,1.24,8.3,143.3,150,102,37.1,0,Medicare,1,1,0,6.4,1
80,0,0,Emergency,4,Neurological,1,2,6.7,1.11,5.7,136.8,127,74,37.7,2,Private,0,1,1,2.7,0
67,1,2,Elective,1,Respiratory,2,7,4.9,1.57,8.1,139.7,136,95,37.5,1,Medicaid,0,1,0,4.1,1
73,0,1,Urgent,1,Respiratory,2,4,6.3,1.45,9.5,144.6,148,124,35.2,3,Self-Pay,0,3,0,5.3,1
44,1,1,Urgent,1,Respiratory,1,1,7.9,0.9,7.2,146.6,167,93,38.2,1,Medicaid,0,1,0,5.4,1
39,0,1,Urgent,0,Cardiac,4,2,5.4,1.43,1.5,137.2,99,87,37.6,1,Medicaid,0,2,0,3.8,1
76,1,1,Urgent,4,Neurological,2,4,7.3,0.6,7.9,134.1,145,70,37.3,1,Medicaid,1,0,0,6.4,1
64,0,1,Urgent,0,Cardiac,3,1,5.3,1.75,11.3,142.1,125,81,38.5,2,Private,0,1,0,3.6,1
74,0,2,Elective,1,Respiratory,6,2,8.0,1.42,7.2,133.5,127,105,36.6,0,Medicare,0,0,0,4.0,1
61,1,1,Urgent,3,GI,1,1,6.4,1.46,7.2,141.1,121,86,37.9,2,Private,0,2,0,5.8,1
59,1,1,Urgent,0,Cardiac,2,2,4.6,0.95,12.0,136.5,100,88,37.0,2,Private,1,0,0,6.1,1
65,1,1,Urgent,4,Neurological,1,0,11.2,4.72,11.6,137.9,112,76,36.7,2,Private,0,0,0,2.9,0
40,1,1,Urgent,5,Infection,1,1,6.8,1.9,7.9,138.5,115,97,36.6,0,Medicare,0,0,0,5.4,1
51,1,0,Emergency,0,Cardiac,5,3,4.0,1.08,7.3,141.5,151,60,37.7,0,Medicare,0,1,1,5.1,1
79,1,0,Emergency,3,GI,7,0,4.8,1.53,3.6,146.2,168,84,37.9,0,Medicare,0,2,1,4.9,1
80,0,1,Urgent,2,Orthopedic,1,1,9.0,1.5,9.7,147.2,129,66,38.4,1,Medicaid,1,3,0,4.6,1
50,0,0,Emergency,0,Cardiac,2,2,8.0,1.41,7.8,136.6,148,89,35.8,0,Medicare,0,0,1,3.9,1
77,0,0,Emergency,3,GI,2,4,8.7,0.4,15.4,137.8,96,57,37.1,0,Medicare,1,1,1,8.2,2
59,1,2,Elective,3,GI,1,3,5.9,1.34,11.2,136.6,135,101,36.5,3,Self-Pay,0,1,0,2.8,0
68,0,0,Emergency,3,GI,4,0,7.9,1.86,13.0,136.7,112,77,36.9,0,Medicare,0,0,1,7.3,2
79,0,1,Urgent,4,Neurological,2,1,6.0,0.94,5.7,137.9,127,75,37.5,2,Private,0,1,0,3.7,1
71,0,1,Urgent,1,Respiratory,2,1,7.1,0.59,10.3,138.5,149,65,35.2,2,Private,0,1,0,2.8,0
33,0,0,Emergency,3,GI,6,3,4.2,0.93,9.2,133.4,137,80,37.7,0,Medicare,0,1,1,3.6,1
50,0,0,Emergency,4,Neurological,3,1,6.0,1.24,7.1,139.1,120,73,35.4,3,Self-Pay,0,2,1,5.2,1
56,1,0,Emergency,0,Cardiac,4,1,4.0,2.59,7.6,138.8,140,89,37.7,1,Medicaid,1,0,1,10.1,2
83,0,0,Emergency,5,Infection,3,4,6.3,1.29,2.0,137.4,164,99,36.4,0,Medicare,0,2,1,3.8,1
63,1,0,Emergency,1,Respiratory,1,6,4.9,0.91,13.2,134.8,137,94,36.8,0,Medicare,0,0,1,2.1,0
69,1,0,Emergency,3,GI,3,2,6.9,1.9,3.1,142.0,116,45,37.7,3,Self-Pay,0,1,1,5.3,1
72,1,1,Urgent,4,Neurological,4,1,4.5,1.03,9.3,141.4,102,90,36.7,0,Medicare,0,1,0,5.8,1
51,1,1,Urgent,2,Orthopedic,2,1,6.3,0.63,11.2,137.1,146,88,38.0,2,Private,0,3,0,3.3,1
43,1,2,Elective,0,Cardiac,6,1,12.1,0.83,13.4,135.5,114,56,37.1,0,Medicare,0,2,0,6.7,1
50,1,1,Urgent,1,Respiratory,5,2,6.2,1.56,14.8,138.8,129,94,37.9,1,Medicaid,0,1,0,5.2,1
35,0,0,Emergency,1,Respiratory,6,1,5.4,0.81,11.3,134.3,151,99,36.6,0,Medicare,0,1,1,3.4,1
73,1,0,Emergency,2,Orthopedic,1,2,6.7,1.84,10.2,137.3,120,60,36.9,2,Private,0,3,1,4.4,1
69,0,0,Emergency,1,Respiratory,4,1,4.0,2.7,14.5,138.1,151,60,36.6,0,Medicare,0,1,1,4.7,1
37,0,2,Elective,2,Orthopedic,1,1,5.8,2.21,7.6,132.2,118,93,37.4,0,Medicare,0,1,0,4.1,1
53,0,2,Elective,1,Respiratory,1,5,6.4,0.94,6.8,135.0,110,94,37.9,0,Medicare,1,0,0,6.2,1
49,1,0,Emergency,0,Cardiac,6,0,6.9,0.68,9.2,132.5,120,88,37.2,1,Medicaid,0,0,1,5.9,1
50,0,1,Urgent,1,Respiratory,3,1,8.4,0.44,6.1,135.6,137,98,35.5,1,Medicaid,0,2,0,3.5,1
75,1,2,Elective,3,GI,8,2,7.2,0.97,6.3,136.7,110,68,38.0,1,Medicaid,0,1,0,5.6,1
84,1,1,Urgent,4,Neurological,5,1,4.4,0.46,10.6,137.5,128,58,36.7,0,Medicare,0,0,0,6.2,1
55,1,1,Urgent,0,Cardiac,3,3,4.0,1.39,8.8,141.8,170,88,36.4,0,Medicare,1,1,0,6.4,1
65,0,0,Emergency,1,Respiratory,8,3,8.3,2.36,6.9,141.7,151,107,38.2,1,Medicaid,0,1,1,6.9,1
57,1,0,Emergency,5,Infection,5,1,5.4,1.37,9.3,140.9,114,68,37.1,0,Medicare,0,0,1,5.4,1
50,0,1,Urgent,1,Respiratory,2,2,7.0,0.93,10.4,130.4,165,56,37.0,3,Self-Pay,0,1,0,2.9,0
83,0,2,Elective,4,Neurological,1,2,9.2,2.08,7.1,139.0,144,83,37.5,1,Medicaid,0,1,0,4.1,1
34,0,1,Urgent,2,Orthopedic,3,1,7.0,0.9,10.9,135.7,147,97,37.3,1,Medicaid,0,0,0,2.9,0
75,1,0,Emergency,0,Cardiac,3,1,4.0,1.0,8.6,134.3,137,85,37.0,1,Medicaid,0,0,1,6.6,1
54,1,2,Elective,3,GI,2,1,7.1,1.09,11.6,140.6,125,96,36.8,2,Private,0,1,0,3.2,1
67,1,2,Elective,5,Infection,1,2,6.1,0.79,9.8,139.1,160,89,36.7,0,Medicare,0,3,0,4.9,1
54,1,0,Emergency,5,Infection,2,3,4.0,1.14,2.4,139.0,142,83,36.1,1,Medicaid,0,0,1,7.9,2
80,1,0,Emergency,3,GI,3,1,8.2,1.9,11.1,134.4,148,80,37.1,0,Medicare,0,2,1,2.1,0
87,0,1,Urgent,2,Orthopedic,3,1,7.1,1.19,11.2,142.9,120,70,37.8,1,Medicaid,0,0,0,3.7,1
69,0,0,Emergency,1,Respiratory,3,3,9.9,0.63,5.0,144.1,127,87,36.9,0,Medicare,0,3,1,4.0,1
76,1,0,Emergency,1,Respiratory,6,2,6.6,1.25,7.6,133.2,115,75,37.1,1,Medicaid,0,2,1,6.5,1
79,1,0,Emergency,1,Respiratory,4,0,5.2,1.43,7.4,135.8,135,56,38.0,2,Private,0,1,1,2.4,0
80,1,2,Elective,5,Infection,2,2,7.1,1.0,6.6,135.8,135,101,37.2,2,Private,0,3,0,5.1,1
71,0,2,Elective,0,Cardiac,3,0,6.0,1.1,4.2,137.1,136,66,37.4,1,Medicaid,1,1,0,7.6,2
33,1,0,Emergency,1,Respiratory,5,1,8.8,1.99,11.5,139.0,128,77,38.5,2,Private,0,0,1,5.3,1
70,1,2,Elective,2,Orthopedic,2,4,6.7,1.02,10.8,134.2,128,95,38.3,2,Private,1,0,0,5.4,1
82,0,1,Urgent,2,Orthopedic,3,1,5.3,1.36,12.1,143.8,148,70,38.8,2,Private,0,0,0,6.2,1
59,1,0,Emergency,0,Cardiac,3,1,6.9,1.3,8.5,142.9,143,87,38.0,0,Medicare,0,0,1,4.7,1
67,0,2,Elective,1,Respiratory,4,0,7.1,0.57,13.1,135.0,159,87,37.1,2,Private,0,1,0,3.2,1
69,0,1,Urgent,2,Orthopedic,2,0,6.9,0.7,3.8,134.4,132,60,37.5,0,Medicare,1,0,0,7.0,1
34,0,2,Elective,4,Neurological,2,1,6.0,1.1,10.4,143.4,100,50,37.2,1,Medicaid,0,2,0,3.0,0
35,1,1,Urgent,3,GI,2,1,6.7,1.57,12.5,136.6,154,68,36.5,0,Medicare,0,1,0,6.2,1
81,1,1,Urgent,1,Respiratory,7,4,5.5,2.52,5.8,134.2,114,92,37.0,2,Private,1,3,0,9.1,2
86,1,0,Emergency,3,GI,4,3,6.9,0.57,7.5,139.3,133,91,37.7,0,Medicare,0,1,1,4.2,1
79,1,0,Emergency,3,GI,3,0,4.8,0.6,4.3,141.4,151,54,36.3,0,Medicare,0,1,1,1.0,0
54,0,1,Urgent,1,Respiratory,5,2,5.1,1.12,11.7,134.8,165,106,37.2,2,Private,1,0,0,6.0,1
52,1,2,Elective,0,Cardiac,5,2,10.0,1.52,5.9,137.7,119,119,36.7,0,Medicare,0,3,0,5.0,1
79,1,1,Urgent,4,Neurological,4,0,5.6,0.77,9.0,135.2,131,93,37.6,0,Medicare,1,1,0,6.1,1
53,1,0,Emergency,2,Orthopedic,1,1,7.2,1.37,7.4,144.1,88,91,36.4,3,Self-Pay,1,0,1,5.1,1
72,0,0,Emergency,0,Cardiac,4,3,4.0,1.72,5.7,134.1,135,50,37.1,2,Private,1,1,1,5.5,1
69,1,2,Elective,1,Respiratory,3,2,5.9,1.68,7.9,133.1,116,96,35.5,1,Medicaid,0,1,0,4.2,1
74,0,0,Emergency,4,Neurological,2,3,8.1,3.18,10.1,138.2,137,92,36.3,2,Private,1,3,1,8.5,2
83,1,0,Emergency,3,GI,7,0,7.2,0.88,9.3,136.1,106,88,37.1,3,Self-Pay,1,1,1,5.5,1
36,1,2,Elective,5,Infection,8,3,4.0,0.4,4.4,140.7,136,77,37.0,0,Medicare,1,1,0,7.4,2
87,1,2,Elective,2,Orthopedic,2,2,5.3,0.85,10.4,140.2,140,84,36.5,0,Medicare,0,2,0,3.0,0
18,0,1,Urgent,0,Cardiac,1,0,8.2,1.83,10.2,128.2,159,80,37.5,2,Private,0,2,0,4.2,1
44,0,0,Emergency,3,GI,7,3,4.4,1.94,12.7,143.5,89,95,36.3,2,Private,0,1,1,6.4,1
39,0,0,Emergency,1,Respiratory,4,3,7.4,0.56,5.1,142.2,153,97,36.6,1,Medicaid,1,1,1,6.0,1
71,1,2,Elective,1,Respiratory,3,0,7.0,2.27,12.7,142.2,98,80,37.4,0,Medicare,0,2,0,4.3,1
50,1,2,Elective,0,Cardiac,4,2,4.0,0.57,6.2,140.7,104,87,36.6,2,Private,0,2,0,5.8,1
40,1,2,Elective,1,Respiratory,3,1,7.8,0.99,4.0,139.3,101,87,39.3,3,Self-Pay,0,3,0,4.3,1
69,0,1,Urgent,4,Neurological,5,3,7.9,1.47,11.1,132.1,160,82,36.9,0,Medicare,0,2,0,4.5,1
59,0,2,Elective,3,GI,2,4,6.3,0.98,11.2,140.0,118,72,37.6,3,Self-Pay,1,1,0,6.5,1
60,0,0,Emergency,0,Cardiac,1,2,7.0,1.47,12.1,140.2,135,88,35.8,0,Medicare,0,0,1,6.0,1
70,0,0,Emergency,3,GI,2,2,5.2,0.96,6.2,143.4,112,90,37.9,1,Medicaid,0,0,1,3.9,1
29,1,0,Emergency,3,GI,3,2,6.0,1.26,6.2,140.4,143,82,36.4,2,Private,0,2,1,2.3,0
50,1,2,Elective,5,Infection,5,0,6.9,0.65,7.1,145.7,149,86,37.1,0,Medicare,1,1,0,5.6,1
83,1,0,Emergency,4,Neurological,4,3,8.4,2.37,8.5,133.8,152,76,37.9,1,Medicaid,0,0,1,5.5,1
74,0,0,Emergency,0,Cardiac,1,4,7.3,1.09,12.0,148.6,137,80,37.0,2,Private,0,1,1,5.2,1
74,0,2,Elective,5,Infection,1,1,5.8,1.01,5.4,133.7,135,82,36.3,0,Medicare,0,1,0,5.8,1
42,0,0,Emergency,0,Cardiac,4,3,5.9,1.45,10.3,135.3,118,65,37.1,0,Medicare,0,2,1,4.1,1
82,1,0,Emergency,0,Cardiac,4,1,6.7,0.64,10.0,141.3,154,74,36.3,3,Self-Pay,0,0,1,4.8,1
34,1,1,Urgent,0,Cardiac,3,2,6.1,1.07,7.4,137.2,135,106,36.9,0,Medicare,0,0,0,1.6,0
50,0,1,Urgent,0,Cardiac,1,2,6.5,0.67,11.7,147.6,159,97,37.3,0,Medicare,0,1,0,4.2,1
50,0,1,Urgent,4,Neurological,1,0,4.0,0.82,13.2,138.3,104,83,37.6,0,Medicare,0,2,0,5.0,1
73,1,2,Elective,3,GI,5,3,4.9,1.13,12.9,138.9,102,82,37.7,2,Private,0,1,0,3.4,1
45,1,0,Emergency,3,GI,4,1,9.6,1.45,8.4,140.1,137,67,36.8,2,Private,0,1,1,3.0,0
54,0,2,Elective,5,Infection,5,0,7.3,0.92,10.7,138.3,141,66,35.8,2,Private,0,1,0,7.5,2
26,1,2,Elective,1,Respiratory,3,0,7.4,1.02,8.1,140.5,115,40,35.7,0,Medicare,1,1,0,4.6,1
65,0,0,Emergency,0,Cardiac,4,1,7.3,1.62,7.9,132.6,150,64,37.4,1,Medicaid,1,4,1,8.7,2
42,1,2,Elective,3,GI,5,1,7.1,1.03,8.2,144.5,106,97,36.5,0,Medicare,1,1,0,6.3,1
78,0,0,Emergency,5,Infection,3,3,6.8,0.83,5.2,134.9,127,52,36.8,0,Medicare,0,5,1,6.7,1
23,0,0,Emergency,5,Infection,4,2,8.6,1.41,4.9,132.6,145,74,35.6,0,Medicare,1,1,1,8.8,2
66,0,2,Elective,1,Respiratory,1,1,7.4,1.17,5.7,135.4,154,80,37.2,1,Medicaid,0,3,0,3.1,1
77,0,0,Emergency,4,Neurological,1,2,4.0,1.11,10.5,145.0,126,86,36.9,3,Self-Pay,0,1,1,6.9,1
33,1,0,Emergency,4,Neurological,1,3,5.2,1.96,12.0,135.6,98,71,36.6,2,Private,0,3,1,5.9,1
81,1,0,Emergency,0,Cardiac,8,3,5.4,0.95,3.5,134.3,132,73,37.5,0,Medicare,0,2,1,4.5,1
18,1,0,Emergency,3,GI,2,1,10.8,1.57,6.4,132.6,137,59,36.1,1,Medicaid,0,1,1,2.5,0
55,1,2,Elective,0,Cardiac,3,4,6.7,0.43,3.6,134.1,141,73,37.6,2,Private,0,2,0,5.0,1
64,0,2,Elective,2,Orthopedic,4,4,9.0,1.01,8.5,136.8,139,62,35.7,0,Medicare,1,1,0,5.0,1
59,0,1,Urgent,5,Infection,3,4,6.1,1.19,9.3,135.7,132,79,38.8,2,Private,0,0,0,7.0,1
53,1,0,Emergency,4,Neurological,6,3,7.1,1.08,8.7,141.0,161,83,37.2,2,Private,0,2,1,7.1,2
30,1,1,Urgent,3,GI,1,0,6.6,0.84,14.2,136.9,159,86,39.0,2,Private,0,1,0,3.3,1
37,0,0,Emergency,4,Neurological,3,3,5.6,0.58,4.7,134.4,100,101,35.9,2,Private,0,0,1,6.0,1
68,0,0,Emergency,0,Cardiac,3,4,4.9,0.89,4.0,143.0,130,101,36.9,2,Private,0,1,1,4.7,1
37,1,0,Emergency,0,Cardiac,3,1,6.5,0.92,6.1,136.4,100,95,38.1,3,Self-Pay,1,1,1,5.9,1
72,0,0,Emergency,0,Cardiac,3,4,5.1,1.27,7.6,140.5,84,72,37.8,1,Medicaid,0,0,1,3.6,1
79,1,1,Urgent,4,Neurological,3,2,6.8,1.82,13.8,140.7,114,69,37.7,2,Private,0,1,0,5.0,1
35,1,2,Elective,5,Infection,3,8,5.7,0.71,11.0,136.6,126,71,37.1,2,Private,0,2,0,7.0,1
80,0,1,Urgent,3,GI,3,1,8.0,1.34,8.5,137.4,109,121,36.6,0,Medicare,0,1,0,5.0,1
32,0,1,Urgent,5,Infection,5,2,5.0,0.89,12.8,138.0,91,84,37.3,2,Private,0,2,0,6.8,1
71,1,0,Emergency,4,Neurological,3,4,6.3,1.58,8.5,141.5,109,96,37.2,3,Self-Pay,0,3,1,7.2,2
61,0,2,Elective,3,GI,2,2,6.0,1.82,7.4,134.4,158,89,37.5,0,Medicare,0,1,0,3.8,1
65,0,2,Elective,3,GI,1,2,5.8,1.57,9.5,136.5,140,77,38.1,0,Medicare,0,2,0,2.5,0
51,1,2,Elective,4,Neurological,3,4,7.9,1.47,4.7,143.8,128,98,37.0,2,Private,1,0,0,5.9,1
24,1,0,Emergency,0,Cardiac,2,2,4.0,0.43,5.8,139.1,128,66,36.8,0,Medicare,0,1,1,4.9,1
89,0,1,Urgent,0,Cardiac,2,2,4.0,0.93,14.6,143.0,129,70,36.2,1,Medicaid,0,2,0,5.7,1
80,1,1,Urgent,1,Respiratory,2,0,5.9,1.74,10.7,133.2,128,69,35.9,1,Medicaid,1,3,0,5.2,1
75,1,0,Emergency,5,Infection,3,2,10.0,2.62,11.4,144.7,141,97,36.2,2,Private,1,1,1,10.3,2
29,0,2,Elective,5,Infection,1,1,7.1,1.72,7.6,140.8,179,100,38.0,2,Private,0,0,0,3.4,1
70,0,0,Emergency,1,Respiratory,5,1,9.1,1.51,8.4,141.3,84,79,38.2,0,Medicare,0,0,1,4.7,1
57,1,0,Emergency,5,Infection,1,2,8.4,1.21,14.0,134.4,100,66,36.1,2,Private,1,1,1,7.8,2
37,0,1,Urgent,2,Orthopedic,4,1,4.0,0.95,5.8,142.4,137,54,36.8,2,Private,0,1,0,3.5,1
54,0,0,Emergency,2,Orthopedic,6,2,6.5,2.3,9.9,132.5,125,68,37.5,3,Self-Pay,0,1,1,5.8,1
18,1,2,Elective,4,Neurological,1,3,4.9,1.47,12.7,139.2,131,67,37.5,0,Medicare,0,1,0,1.9,0
44,1,0,Emergency,2,Orthopedic,1,2,4.6,1.06,5.6,137.8,87,79,38.0,2,Private,1,1,1,5.7,1
80,1,0,Emergency,2,Orthopedic,1,4,4.0,1.33,6.2,141.4,102,96,37.8,0,Medicare,0,1,1,5.6,1
66,1,1,Urgent,0,Cardiac,5,3,4.8,1.31,6.5,139.1,130,79,36.9,2,Private,0,0,0,7.7,2
62,0,0,Emergency,0,Cardiac,3,3,7.4,1.4,8.9,142.7,116,63,36.2,0,Medicare,0,2,1,5.3,1
29,0,2,Elective,3,GI,3,5,7.7,1.63,8.5,141.7,117,63,38.1,0,Medicare,0,1,0,2.4,0
59,1,2,Elective,0,Cardiac,1,2,7.1,0.68,6.7,144.2,106,88,38.5,0,Medicare,1,1,0,4.0,1
85,1,1,Urgent,4,Neurological,1,2,4.9,0.68,9.8,138.7,124,87,37.4,0,Medicare,0,1,0,3.4,1
58,1,2,Elective,3,GI,5,4,5.7,1.99,7.7,135.1,103,95,37.4,2,Private,1,1,0,5.0,1
82,0,1,Urgent,2,Orthopedic,4,2,4.7,0.83,7.9,140.0,103,76,35.9,2,Private,0,1,0,2.9,0
35,1,1,Urgent,3,GI,5,3,8.9,1.05,12.9,134.0,139,76,37.8,0,Medicare,0,2,0,5.1,1
68,0,2,Elective,5,Infection,5,2,7.6,1.4,9.5,140.7,130,97,37.9,2,Private,0,1,0,5.3,1
54,0,1,Urgent,1,Respiratory,7,1,4.0,1.17,10.9,143.7,142,111,39.4,1,Medicaid,0,3,0,4.0,1
73,0,0,Emergency,3,GI,6,1,7.0,1.24,9.6,133.4,119,97,37.4,2,Private,0,2,1,5.3,1
71,0,0,Emergency,4,Neurological,3,2,4.6,0.89,6.7,143.8,142,83,36.4,2,Private,0,0,1,5.5,1
34,1,1,Urgent,0,Cardiac,4,4,7.2,2.47,8.9,135.5,174,58,36.0,0,Medicare,0,2,0,8.0,2
53,0,2,Elective,0,Cardiac,2,1,7.9,1.59,6.4,131.5,112,88,37.0,0,Medicare,1,1,0,5.6,1
69,0,1,Urgent,2,Orthopedic,2,2,4.0,1.18,9.1,134.7,110,85,36.3,3,Self-Pay,0,3,0,3.0,0
64,0,0,Emergency,3,GI,4,4,10.5,3.5,12.6,145.7,140,65,36.5,1,Medicaid,1,2,1,8.4,2
51,1,1,Urgent,0,Cardiac,3,2,8.5,0.88,4.7,135.2,130,76,36.2,2,Private,1,1,0,7.0,1
64,1,1,Urgent,2,Orthopedic,2,1,5.1,1.46,6.8,128.9,132,96,37.0,1,Medicaid,0,2,0,3.7,1
99,1,0,Emergency,2,Orthopedic,3,1,6.4,1.27,11.8,133.2,175,67,37.1,2,Private,0,1,1,4.3,1
76,0,2,Elective,2,Orthopedic,4,0,7.8,1.38,7.9,141.8,139,86,39.3,0,Medicare,0,2,0,1.5,0
50,1,2,Elective,3,GI,4,2,4.0,1.33,5.6,141.5,124,58,37.5,0,Medicare,0,2,0,5.1,1
70,0,1,Urgent,4,Neurological,3,0,7.2,4.03,4.0,136.1,116,75,38.2,3,Self-Pay,0,1,0,5.8,1
85,0,0,Emergency,2,Orthopedic,2,2,7.4,1.38,7.6,140.4,111,87,37.2,2,Private,0,2,1,3.1,1
70,1,1,Urgent,2,Orthopedic,3,3,8.1,1.43,9.3,140.2,113,101,36.8,2,Private,0,0,0,4.6,1
47,0,0,Emergency,3,GI,1,0,4.8,0.79,11.7,136.3,128,54,37.1,2,Private,0,0,1,1.3,0
50,0,1,Urgent,3,GI,4,4,7.0,0.96,12.7,142.9,110,66,37.0,2,Private,0,1,0,4.3,1
50,0,0,Emergency,5,Infection,2,1,8.2,1.45,7.8,136.2,150,65,38.4,0,Medicare,0,1,1,3.8,1
62,0,1,Urgent,2,Orthopedic,3,1,4.8,1.02,10.5,138.0,109,68,37.6,1,Medicaid,0,2,0,5.3,1
50,0,0,Emergency,3,GI,3,3,7.7,1.56,10.1,133.3,123,68,38.2,2,Private,0,0,1,5.6,1
80,1,2,Elective,0,Cardiac,2,1,4.8,1.07,9.0,139.1,156,79,38.3,0,Medicare,0,2,0,3.1,1
42,0,2,Elective,4,Neurological,4,2,5.5,0.87,14.2,141.7,115,74,36.8,0,Medicare,0,1,0,5.0,1
51,1,2,Elective,2,Orthopedic,2,2,4.0,0.55,1.5,136.6,135,80,38.4,0,Medicare,1,0,0,3.6,1
79,1,0,Emergency,3,GI,1,1,4.0,2.09,2.3,136.8,128,71,35.1,2,Private,0,1,1,5.0,1
70,1,0,Emergency,2,Orthopedic,4,1,8.0,1.01,7.9,129.0,100,109,35.2,2,Private,0,0,1,3.8,1
50,1,0,Emergency,0,Cardiac,2,1,8.4,1.05,10.4,141.9,133,99,36.9,0,Medicare,0,1,1,4.7,1
55,1,0,Emergency,2,Orthopedic,5,2,7.2,1.71,15.5,135.8,127,82,36.0,0,Medicare,0,0,1,3.7,1
71,1,0,Emergency,0,Cardiac,5,3,4.6,0.89,8.9,134.9,150,70,37.2,0,Medicare,0,1,1,5.0,1
41,0,1,Urgent,1,Respiratory,2,0,7.9,2.45,10.5,135.5,145,73,35.7,3,Self-Pay,0,2,0,3.8,1
45,1,1,Urgent,1,Respiratory,5,4,6.9,1.41,8.9,131.6,153,78,36.4,0,Medicare,0,0,0,4.0,1
50,0,0,Emergency,0,Cardiac,4,2,7.4,2.0,12.1,137.0,128,88,37.0,0,Medicare,1,3,1,8.2,2
78,0,0,Emergency,0,Cardiac,1,1,7.2,1.76,6.5,133.3,119,73,37.4,1,Medicaid,0,1,1,3.1,1
55,0,1,Urgent,4,Neurological,3,2,5.3,1.66,8.8,136.4,105,82,38.3,0,Medicare,1,0,0,5.3,1
50,1,0,Emergency,4,Neurological,4,0,6.7,0.94,4.7,139.6,128,90,36.7,2,Private,0,0,1,3.0,0
38,1,2,Elective,1,Respiratory,5,3,5.8,0.72,6.9,136.0,172,100,37.7,1,Medicaid,0,1,0,4.6,1
87,0,0,Emergency,2,Orthopedic,3,0,6.7,1.8,5.2,135.8,105,83,37.0,2,Private,0,2,1,4.9,1
85,1,0,Emergency,2,Orthopedic,4,0,7.9,0.58,6.9,145.8,140,99,37.9,2,Private,0,0,1,2.3,0
58,1,0,Emergency,1,Respiratory,6,2,5.4,0.65,8.2,132.9,162,78,36.5,1,Medicaid,0,3,1,3.5,1
79,0,0,Emergency,1,Respiratory,1,4,7.8,1.04,9.9,136.7,141,60,37.6,1,Medicaid,1,1,1,5.3,1
66,0,2,Elective,0,Cardiac,2,3,6.6,1.03,15.9,140.1,156,74,36.4,1,Medicaid,0,0,0,3.4,1
70,0,0,Emergency,5,Infection,2,2,6.2,0.67,12.6,141.6,154,77,37.2,3,Self-Pay,0,2,1,4.8,1
54,1,1,Urgent,4,Neurological,3,1,6.3,1.07,10.7,133.0,123,95,36.6,2,Private,0,0,0,6.4,1
40,0,0,Emergency,2,Orthopedic,2,0,7.8,1.11,2.3,139.7,131,76,37.5,0,Medicare,0,2,1,1.6,0
88,0,1,Urgent,4,Neurological,8,2,6.2,0.98,5.6,136.4,153,75,37.5,0,Medicare,0,1,0,5.4,1
68,0,2,Elective,2,Orthopedic,2,1,6.3,1.26,9.2,143.8,128,75,37.1,0,Medicare,1,0,0,2.4,0
50,1,2,Elective,0,Cardiac,3,2,9.4,0.41,13.3,139.5,118,106,37.9,0,Medicare,0,3,0,3.5,1
55,1,0,Emergency,4,Neurological,2,1,8.0,1.73,8.2,139.0,141,88,38.0,2,Private,1,1,1,8.4,2
52,0,2,Elective,0,Cardiac,6,1,8.6,2.58,10.7,144.7,140,84,36.5,2,Private,1,1,0,6.7,1
39,1,1,Urgent,3,GI,5,2,9.5,1.07,4.4,138.0,124,70,37.4,1,Medicaid,0,0,0,2.8,0
54,0,0,Emergency,2,Orthopedic,7,0,7.0,1.2,5.9,134.8,137,79,38.4,2,Private,0,3,1,3.4,1
22,0,1,Urgent,3,GI,2,2,10.8,1.01,8.1,132.7,101,50,36.4,0,Medicare,0,3,0,1.2,0
82,1,2,Elective,2,Orthopedic,2,2,7.4,1.46,1.9,135.3,101,93,37.2,2,Private,0,1,0,1.6,0
73,1,0,Emergency,3,GI,1,2,4.1,1.69,11.1,142.7,125,69,37.6,0,Medicare,1,1,1,7.2,2
90,0,2,Elective,0,Cardiac,2,2,5.6,0.7,12.3,134.6,115,51,35.9,2,Private,0,1,0,4.6,1
41,1,0,Emergency,0,Cardiac,7,3,4.0,0.94,11.5,138.3,123,74,38.8,2,Private,1,1,1,6.7,1
31,1,0,Emergency,5,Infection,1,1,8.6,0.78,3.3,135.9,161,108,36.5,2,Private,1,4,1,5.9,1
82,1,2,Elective,4,Neurological,4,4,6.9,2.16,8.6,139.1,111,90,36.8,1,Medicaid,0,3,0,4.6,1
82,1,1,Urgent,4,Neurological,3,2,5.6,1.16,6.0,136.8,104,85,37.1,2,Private,0,2,0,8.0,2
74,1,0,Emergency,2,Orthopedic,2,3,6.8,1.01,6.7,134.9,116,79,36.4,0,Medicare,0,0,1,5.2,1
54,1,1,Urgent,2,Orthopedic,2,3,6.2,1.56,1.5,134.8,166,57,37.6,3,Self-Pay,0,0,0,3.6,1
66,1,2,Elective,2,Orthopedic,2,2,4.9,0.98,11.4,141.3,131,86,38.3,2,Private,1,1,0,3.7,1
64,1,1,Urgent,1,Respiratory,1,3,10.4,0.87,13.2,137.4,126,72,37.7,0,Medicare,0,1,0,6.1,1
61,1,0,Emergency,4,Neurological,3,4,6.8,0.57,1.5,141.1,135,85,37.6,2,Private,1,1,1,7.9,2
73,0,0,Emergency,4,Neurological,4,3,6.7,2.06,5.0,135.0,112,115,37.8,1,Medicaid,0,0,1,6.4,1
37,0,2,Elective,5,Infection,2,4,6.3,1.39,10.2,140.4,98,76,36.8,0,Medicare,0,0,0,4.1,1
67,0,1,Urgent,2,Orthopedic,2,1,4.4,0.94,8.5,134.6,125,52,36.7,2,Private,0,2,0,5.0,1
50,1,1,Urgent,2,Orthopedic,4,1,4.0,3.25,8.9,130.9,137,79,38.5,2,Private,0,2,0,2.2,0
50,0,2,Elective,4,Neurological,2,2,8.8,1.51,7.1,137.1,145,71,37.8,3,Self-Pay,1,1,0,3.8,1
50,0,0,Emergency,4,Neurological,3,2,5.7,0.84,11.1,141.6,140,69,36.0,1,Medicaid,0,5,1,5.7,1
70,0,1,Urgent,5,Infection,5,2,4.0,2.75,4.5,140.7,107,94,38.6,2,Private,0,1,0,7.5,2
72,0,0,Emergency,3,GI,3,3,4.0,1.08,11.5,135.0,107,87,38.4,0,Medicare,0,4,1,3.9,1
24,1,0,Emergency,5,Infection,2,4,7.6,0.99,9.0,139.5,120,94,37.8,1,Medicaid,1,0,1,7.5,2
51,0,0,Emergency,0,Cardiac,1,3,7.7,1.14,8.6,138.8,114,55,38.2,2,Private,0,1,1,5.5,1
41,0,2,Elective,3,GI,2,2,5.7,1.41,15.0,136.4,126,82,38.4,1,Medicaid,0,0,0,1.4,0
41,1,0,Emergency,0,Cardiac,5,1,8.5,0.97,9.3,137.6,92,98,37.2,0,Medicare,0,0,1,5.2,1
73,1,0,Emergency,4,Neurological,1,0,4.0,2.62,9.1,142.1,115,71,38.0,2,Private,0,1,1,5.8,1
70,0,0,Emergency,3,GI,3,0,9.4,1.04,7.3,136.6,150,60,39.3,2,Private,0,2,1,2.5,0
77,0,0,Emergency,0,Cardiac,8,2,4.0,0.98,7.6,134.9,128,51,36.7,0,Medicare,0,1,1,4.7,1
66,1,1,Urgent,3,GI,2,7,7.5,0.71,14.4,139.0,130,56,37.1,2,Private,1,2,0,8.3,2
69,0,2,Elective,0,Cardiac,6,0,6.9,1.23,13.7,133.3,153,86,36.3,0,Medicare,0,1,0,2.5,0
26,1,0,Emergency,0,Cardiac,4,2,8.0,0.47,8.4,137.2,126,68,37.0,3,Self-Pay,0,0,1,7.1,2
76,0,0,Emergency,0,Cardiac,3,1,4.0,0.73,16.5,139.7,141,88,38.3,0,Medicare,0,1,1,8.5,2
40,0,1,Urgent,2,Orthopedic,6,0,6.0,1.36,7.2,138.6,139,83,36.4,1,Medicaid,1,0,0,3.9,1
34,0,1,Urgent,0,Cardiac,2,4,8.4,1.25,10.8,136.9,156,79,38.0,1,Medicaid,0,1,0,4.1,1
50,0,1,Urgent,0,Cardiac,6,5,4.5,1.32,10.4,138.8,100,86,38.4,0,Medicare,0,1,0,4.7,1
71,1,0,Emergency,1,Respiratory,3,2,9.1,1.12,6.6,140.9,149,82,35.6,2,Private,0,0,1,4.1,1
24,1,2,Elective,0,Cardiac,1,4,4.0,0.84,10.4,142.6,100,108,36.7,0,Medicare,1,2,0,6.4,1
53,1,1,Urgent,1,Respiratory,1,1,4.0,0.4,6.3,130.3,116,102,38.4,1,Medicaid,0,4,0,3.1,1
67,1,1,Urgent,3,GI,5,0,4.9,1.19,13.4,133.3,121,66,37.6,2,Private,1,1,0,6.0,1
20,1,0,Emergency,3,GI,1,3,7.6,0.5,9.9,135.1,139,93,36.4,0,Medicare,0,0,1,4.7,1
72,1,0,Emergency,5,Infection,3,5,9.0,0.67,8.5,143.3,141,80,36.8,3,Self-Pay,0,1,1,6.0,1
80,1,2,Elective,0,Cardiac,2,1,5.3,1.36,8.3,138.2,159,97,37.5,2,Private,1,2,0,7.5,2
71,0,0,Emergency,5,Infection,3,1,6.9,1.41,10.4,136.1,146,78,38.0,2,Private,0,0,1,5.5,1
27,0,0,Emergency,1,Respiratory,4,2,8.8,1.49,1.5,135.9,123,79,38.8,2,Private,0,2,1,4.3,1
68,1,1,Urgent,1,Respiratory,2,4,7.6,0.88,11.6,136.5,151,66,37.1,1,Medicaid,0,1,0,5.0,1
75,1,1,Urgent,1,Respiratory,3,2,10.3,1.02,8.0,137.0,111,83,37.8,0,Medicare,0,3,0,7.1,2
86,1,1,Urgent,0,Cardiac,3,2,5.3,1.23,5.6,137.3,128,87,37.0,2,Private,0,1,0,6.4,1
88,1,1,Urgent,2,Orthopedic,7,1,8.8,1.21,6.7,136.9,129,70,37.4,3,Self-Pay,0,1,0,4.2,1
79,1,1,Urgent,4,Neurological,1,0,5.1,1.16,10.2,139.3,131,64,37.9,2,Private,0,0,0,5.6,1
78,1,1,Urgent,5,Infection,4,2,7.1,0.74,6.6,139.5,149,83,36.6,1,Medicaid,0,1,0,3.9,1
55,1,2,Elective,5,Infection,2,1,6.6,0.89,7.7,132.3,176,89,37.8,2,Private,1,1,0,5.7,1
53,0,1,Urgent,4,Neurological,5,0,7.1,1.37,15.0,141.7,155,99,36.1,0,Medicare,0,1,0,3.9,1
59,1,1,Urgent,3,GI,2,1,4.5,1.56,6.0,140.3,124,71,37.6,0,Medicare,0,1,0,3.4,1
51,1,0,Emergency,2,Orthopedic,3,2,5.5,1.29,3.3,136.5,122,86,39.0,0,Medicare,0,1,1,3.5,1
24,1,2,Elective,5,Infection,1,3,4.8,1.29,7.5,136.9,117,104,37.3,2,Private,0,1,0,4.4,1
59,1,0,Emergency,4,Neurological,2,0,5.4,2.91,6.0,137.7,103,93,36.1,3,Self-Pay,0,0,1,5.3,1
75,0,1,Urgent,0,Cardiac,4,2,6.3,2.16,13.1,143.4,176,92,36.3,0,Medicare,0,3,0,4.3,1
75,0,0,Emergency,3,GI,3,2,4.7,0.95,6.1,139.0,143,106,37.8,2,Private,1,3,1,6.9,1
21,1,1,Urgent,2,Orthopedic,3,5,5.2,2.77,4.7,145.4,117,77,35.5,2,Private,0,0,0,4.3,1
71,0,0,Emergency,3,GI,4,2,7.6,1.71,12.4,136.0,154,81,36.8,2,Private,0,2,1,3.5,1
37,1,1,Urgent,5,Infection,1,1,7.1,2.48,7.3,136.0,141,58,37.3,1,Medicaid,0,1,0,6.2,1
50,0,0,Emergency,3,GI,1,4,9.6,1.58,14.0,138.1,156,82,39.1,0,Medicare,0,0,1,2.8,0
41,1,0,Emergency,5,Infection,3,2,6.8,0.85,7.1,134.6,130,60,39.0,0,Medicare,0,1,1,6.8,1
88,0,2,Elective,5,Infection,2,0,9.7,1.54,2.5,137.0,134,81,37.2,3,Self-Pay,1,1,0,9.1,2
41,0,0,Emergency,0,Cardiac,4,3,4.0,0.96,4.8,135.3,103,69,36.4,0,Medicare,0,1,1,5.8,1
72,1,0,Emergency,0,Cardiac,3,2,4.0,1.68,1.5,143.3,119,78,38.2,1,Medicaid,0,1,1,4.7,1
23,1,1,Urgent,1,Respiratory,2,5,5.8,0.6,1.5,139.2,87,71,37.0,1,Medicaid,1,0,0,4.5,1
77,1,2,Elective,5,Infection,1,3,5.7,1.38,8.9,132.7,116,87,37.4,0,Medicare,0,0,0,2.5,0
58,1,0,Emergency,1,Respiratory,1,4,5.1,1.39,11.3,134.5,134,95,37.7,2,Private,1,1,1,5.9,1
21,0,0,Emergency,3,GI,3,4,5.7,1.93,13.1,138.5,160,65,38.2,1,Medicaid,0,0,1,5.9,1
60,0,1,Urgent,2,Orthopedic,5,4,7.8,1.79,9.7,135.2,136,74,37.3,1,Medicaid,0,1,0,6.0,1
58,0,0,Emergency,4,Neurological,2,3,5.7,0.97,12.3,139.8,92,106,37.8,0,Medicare,1,0,1,8.1,2
71,1,0,Emergency,0,Cardiac,5,2,7.7,0.91,7.1,139.2,146,76,36.7,2,Private,1,0,1,8.2,2
50,0,2,Elective,1,Respiratory,3,3,8.7,0.87,10.7,132.2,107,95,36.5,0,Medicare,0,2,0,3.2,1
50,1,0,Emergency,1,Respiratory,2,0,7.9,1.03,2.3,137.7,115,76,37.0,3,Self-Pay,0,0,1,2.7,0
51,0,1,Urgent,2,Orthopedic,1,0,6.1,1.06,7.4,140.2,104,62,36.6,1,Medicaid,0,0,0,2.3,0
50,0,1,Urgent,1,Respiratory,2,0,5.7,1.8,13.1,141.3,136,59,37.9,1,Medicaid,0,1,0,3.8,1
39,1,2,Elective,4,Neurological,3,1,8.8,0.49,7.0,136.5,146,80,39.1,0,Medicare,1,0,0,6.9,1
52,1,2,Elective,1,Respiratory,6,2,9.5,0.6,8.2,139.0,149,99,37.1,1,Medicaid,0,0,0,3.6,1
76,0,1,Urgent,3,GI,4,4,7.1,0.62,13.3,136.8,152,76,37.2,0,Medicare,1,1,0,5.9,1
53,0,1,Urgent,5,Infection,5,1,8.0,1.1,10.2,137.9,120,71,38.6,0,Medicare,1,1,0,8.8,2
50,0,1,Urgent,3,GI,4,1,7.6,1.51,3.7,137.9,117,63,39.1,0,Medicare,0,4,0,3.9,1
66,0,0,Emergency,1,Respiratory,4,1,5.3,1.36,12.6,141.0,160,101,36.3,2,Private,1,1,1,9.5,2
65,1,0,Emergency,4,Neurological,1,1,6.7,0.75,13.3,139.1,143,55,36.2,1,Medicaid,0,2,1,5.2,1
74,0,2,Elective,0,Cardiac,2,2,7.1,1.78,5.5,134.2,139,90,37.8,0,Medicare,0,3,0,5.7,1
28,0,0,Emergency,1,Respiratory,3,4,9.0,1.93,13.6,135.9,108,86,37.3,2,Private,0,2,1,5.5,1
71,1,0,Emergency,1,Respiratory,7,1,6.2,1.63,9.8,140.1,112,87,38.2,0,Medicare,0,0,1,4.6,1
72,1,2,Elective,0,Cardiac,4,2,4.4,0.94,9.3,135.1,143,90,37.8,0,Medicare,0,0,0,3.4,1
36,0,1,Urgent,3,GI,3,6,6.2,1.16,3.6,139.4,138,65,37.2,3,Self-Pay,1,0,0,6.3,1
71,0,0,Emergency,3,GI,1,3,6.2,1.83,12.2,143.2,122,78,37.5,1,Medicaid,0,0,1,5.9,1
29,0,0,Emergency,2,Orthopedic,1,1,5.1,1.14,11.2,142.0,120,71,37.7,1,Medicaid,1,1,1,4.2,1
65,1,0,Emergency,1,Respiratory,4,2,8.3,1.24,11.8,140.8,130,91,36.4,3,Self-Pay,0,1,1,4.0,1
65,1,2,Elective,2,Orthopedic,2,4,8.5,1.38,11.1,138.7,101,83,37.3,0,Medicare,0,2,0,3.4,1
85,1,2,Elective,1,Respiratory,1,1,4.0,1.07,9.6,134.2,97,72,36.7,0,Medicare,1,1,0,4.6,1
78,0,0,Emergency,1,Respiratory,7,2,8.8,0.93,7.0,126.3,154,101,37.0,1,Medicaid,1,1,1,5.0,1
83,1,2,Elective,1,Respiratory,4,1,7.0,1.4,12.9,136.9,112,83,37.8,0,Medicare,0,1,0,4.3,1
27,0,0,Emergency,3,GI,2,3,6.7,1.59,2.1,133.8,125,101,36.5,0,Medicare,0,0,1,2.0,0
76,0,1,Urgent,3,GI,1,0,7.4,0.66,13.7,134.8,121,81,37.1,2,Private,1,1,0,3.4,1
65,1,0,Emergency,1,Respiratory,1,5,4.0,1.15,9.7,133.0,105,92,36.5,0,Medicare,0,1,1,5.3,1
29,0,1,Urgent,5,Infection,3,1,5.6,0.77,4.8,146.1,131,71,36.8,0,Medicare,0,0,0,5.5,1
35,0,0,Emergency,1,Respiratory,1,2,7.7,1.14,6.3,138.6,137,53,38.3,2,Private,0,0,1,1.0,0
57,1,0,Emergency,3,GI,2,4,7.5,2.1,7.5,137.1,134,85,37.1,0,Medicare,1,2,1,5.3,1
60,0,0,Emergency,0,Cardiac,6,2,5.9,1.48,14.2,137.8,162,78,37.0,2,Private,0,1,1,6.5,1
79,0,0,Emergency,3,GI,1,2,6.6,1.08,8.3,135.0,103,72,35.6,3,Self-Pay,1,1,1,6.0,1
50,1,2,Elective,2,Orthopedic,5,2,6.7,2.95,11.2,137.0,125,86,36.5,0,Medicare,1,1,0,5.6,1
28,1,2,Elective,3,GI,2,2,7.2,0.54,14.2,137.2,100,103,36.5,0,Medicare,1,0,0,4.8,1
74,1,2,Elective,0,Cardiac,3,0,10.4,0.91,10.7,137.0,120,77,38.0,2,Private,0,1,0,6.2,1
52,0,0,Emergency,2,Orthopedic,3,2,4.0,1.25,7.0,138.7,110,62,37.0,3,Self-Pay,0,0,1,4.6,1
76,0,0,Emergency,4,Neurological,4,1,5.0,0.74,8.3,139.7,158,87,36.0,2,Private,0,0,1,3.1,1
50,0,0,Emergency,4,Neurological,1,2,6.5,0.61,5.4,134.9,116,62,36.9,1,Medicaid,1,1,1,8.1,2
77,1,0,Emergency,1,Respiratory,1,1,7.3,1.84,7.9,140.5,112,82,38.5,0,Medicare,0,3,1,4.5,1
76,0,0,Emergency,1,Respiratory,2,1,6.6,2.39,4.7,137.8,131,73,37.3,0,Medicare,0,1,1,4.1,1
74,1,1,Urgent,0,Cardiac,1,2,4.8,0.88,5.3,144.1,120,85,36.3,2,Private,1,0,0,5.7,1
90,0,0,Emergency,0,Cardiac,2,4,7.4,3.24,10.7,136.6,136,90,37.1,0,Medicare,0,0,1,7.9,2
23,0,2,Elective,0,Cardiac,2,4,7.1,0.4,6.2,141.8,126,87,37.0,0,Medicare,0,0,0,3.9,1
25,0,1,Urgent,1,Respiratory,1,1,6.9,1.22,9.0,139.4,130,80,37.4,0,Medicare,0,1,0,1.4,0
32,1,0,Emergency,4,Neurological,2,3,5.5,0.7,4.7,140.7,141,62,37.4,0,Medicare,0,0,1,5.1,1
54,1,1,Urgent,2,Orthopedic,1,4,7.4,1.15,13.3,144.0,112,83,36.6,1,Medicaid,0,1,0,4.9,1
81,1,0,Emergency,4,Neurological,3,2,8.6,1.2,9.4,132.1,138,84,37.7,0,Medicare,0,2,1,7.9,2
90,0,0,Emergency,4,Neurological,4,3,8.0,1.11,13.6,134.3,140,74,38.3,1,Medicaid,0,1,1,8.3,2
99,0,0,Emergency,3,GI,3,0,4.5,0.66,8.4,138.9,126,82,38.5,2,Private,1,2,1,6.0,1
53,0,2,Elective,2,Orthopedic,4,4,4.8,1.23,5.9,145.1,146,78,36.5,1,Medicaid,0,2,0,2.0,0
71,1,0,Emergency,5,Infection,2,1,7.8,1.16,6.8,139.3,139,65,37.3,0,Medicare,0,0,1,7.8,2
81,0,1,Urgent,3,GI,5,1,5.4,1.28,8.2,139.1,112,89,36.7,2,Private,1,2,0,4.6,1
63,0,0,Emergency,2,Orthopedic,3,0,4.3,0.6,10.1,133.6,80,62,36.2,0,Medicare,0,1,1,4.8,1
66,0,0,Emergency,5,Infection,7,2,5.4,2.15,7.7,138.1,131,83,36.8,1,Medicaid,1,1,1,8.2,2
77,1,0,Emergency,0,Cardiac,2,2,5.3,0.85,9.8,136.9,139,84,38.1,0,Medicare,0,0,1,4.4,1
77,0,1,Urgent,3,GI,2,1,6.0,1.37,6.7,132.4,127,76,36.5,0,Medicare,0,1,0,3.0,0
55,0,1,Urgent,0,Cardiac,5,3,6.2,1.46,7.7,139.5,140,83,37.4,1,Medicaid,0,1,0,3.6,1
35,0,1,Urgent,4,Neurological,3,2,4.0,1.48,14.0,145.4,134,87,38.1,0,Medicare,0,1,0,3.8,1
70,0,0,Emergency,4,Neurological,3,0,6.9,0.71,7.2,141.1,109,99,37.2,1,Medicaid,1,0,1,6.5,1
59,1,0,Emergency,2,Orthopedic,2,3,7.4,0.48,5.3,134.2,99,93,37.0,2,Private,0,1,1,2.6,0
43,1,1,Urgent,3,GI,1,1,6.8,2.5,11.7,138.0,110,68,38.2,3,Self-Pay,0,0,0,6.1,1
69,0,0,Emergency,4,Neurological,1,0,7.5,1.95,1.5,135.4,133,95,36.5,0,Medicare,0,0,1,5.7,1
37,1,0,Emergency,2,Orthopedic,4,4,7.5,2.48,14.6,143.6,148,103,37.6,0,Medicare,0,2,1,4.1,1
61,0,0,Emergency,5,Infection,6,1,4.3,1.18,8.4,141.2,118,81,37.2,2,Private,1,0,1,8.7,2
61,0,1,Urgent,2,Orthopedic,2,2,6.5,1.7,9.3,143.6,103,116,37.1,1,Medicaid,0,0,0,3.3,1
79,1,1,Urgent,5,Infection,2,1,7.1,0.75,6.2,139.4,88,75,37.1,0,Medicare,0,0,0,5.4,1
41,1,0,Emergency,3,GI,6,2,7.1,1.36,11.3,137.5,156,81,37.8,3,Self-Pay,0,1,1,3.7,1
90,1,1,Urgent,2,Orthopedic,4,2,9.0,1.17,6.5,133.1,115,84,37.6,0,Medicare,0,0,0,5.0,1
50,0,1,Urgent,0,Cardiac,7,3,7.2,1.32,10.0,139.8,158,91,37.3,2,Private,1,1,0,2.5,0
64,1,0,Emergency,1,Respiratory,2,1,6.6,1.14,12.0,134.9,165,96,37.3,2,Private,0,2,1,5.4,1
63,0,0,Emergency,5,Infection,1,2,8.1,1.83,12.6,134.6,142,111,38.1,1,Medicaid,1,1,1,5.5,1
50,1,1,Urgent,2,Orthopedic,5,1,8.1,0.76,10.8,140.1,112,98,37.0,0,Medicare,0,0,0,4.4,1
48,0,1,Urgent,2,Orthopedic,3,3,6.6,0.97,8.0,141.7,108,77,36.2,1,Medicaid,1,0,0,5.6,1
76,1,0,Emergency,2,Orthopedic,3,0,8.9,1.18,17.4,137.8,109,86,38.6,1,Medicaid,1,1,1,7.2,2
55,0,1,Urgent,1,Respiratory,2,1,6.8,1.65,6.8,134.3,141,87,37.3,0,Medicare,0,0,0,3.0,0
53,1,1,Urgent,2,Orthopedic,2,3,5.6,1.48,9.4,138.7,121,102,37.5,0,Medicare,0,2,0,4.3,1
40,1,2,Elective,1,Respiratory,4,2,8.2,2.08,2.9,146.0,165,104,37.6,0,Medicare,0,0,0,2.3,0
50,0,0,Emergency,5,Infection,6,4,5.2,2.52,7.8,136.8,126,76,38.1,2,Private,0,1,1,5.9,1
40,1,0,Emergency,3,GI,3,1,9.1,1.6,7.6,136.9,148,81,36.2,3,Self-Pay,1,0,1,5.0,1
77,1,1,Urgent,4,Neurological,4,3,5.6,1.3,8.1,137.7,124,62,37.8,1,Medicaid,0,1,0,6.2,1
52,0,1,Urgent,3,GI,8,4,4.7,0.69,7.1,135.9,161,92,37.1,2,Private,1,1,0,4.4,1
73,0,0,Emergency,0,Cardiac,3,3,5.1,0.58,9.6,139.7,111,72,36.9,2,Private,1,3,1,6.3,1
80,1,1,Urgent,5,Infection,4,1,7.9,0.6,13.5,141.6,133,68,38.6,0,Medicare,0,2,0,6.6,1
31,0,1,Urgent,0,Cardiac,1,1,5.3,0.73,2.4,136.1,129,66,37.7,1,Medicaid,1,1,0,3.7,1
50,1,1,Urgent,2,Orthopedic,5,3,5.1,1.54,15.7,132.4,162,74,36.9,1,Medicaid,0,1,0,2.2,0
59,0,0,Emergency,1,Respiratory,3,1,5.8,0.62,10.6,144.9,117,82,36.9,0,Medicare,1,0,1,6.5,1
50,0,1,Urgent,2,Orthopedic,3,2,4.0,2.15,9.9,143.5,142,83,37.6,0,Medicare,0,4,0,5.3,1
68,1,1,Urgent,1,Respiratory,1,2,8.8,1.17,6.1,143.0,151,74,37.5,2,Private,0,0,0,4.8,1
71,1,0,Emergency,4,Neurological,4,0,4.0,0.69,11.2,142.3,106,80,36.4,3,Self-Pay,0,2,1,5.6,1
60,0,0,Emergency,5,Infection,4,3,8.6,2.35,8.0,135.6,136,76,36.3,2,Private,0,2,1,6.3,1
53,1,0,Emergency,3,GI,6,1,8.6,2.08,12.5,134.9,92,97,37.5,0,Medicare,0,1,1,5.2,1
80,0,1,Urgent,1,Respiratory,2,4,7.6,1.78,13.0,143.3,142,102,37.4,2,Private,1,2,0,5.8,1
42,1,0,Emergency,3,GI,2,1,6.6,1.22,7.8,134.9,124,91,38.2,2,Private,0,2,1,2.8,0
83,1,2,Elective,5,Infection,1,3,6.4,1.53,6.0,130.1,151,103,38.6,1,Medicaid,0,0,0,4.7,1
70,0,2,Elective,1,Respiratory,2,1,9.4,0.52,6.1,140.0,145,95,37.2,0,Medicare,1,1,0,5.3,1
53,0,2,Elective,0,Cardiac,1,1,10.6,0.86,8.3,139.6,107,72,36.1,2,Private,0,0,0,2.0,0
87,0,1,Urgent,0,Cardiac,3,0,4.0,0.89,11.9,146.4,163,81,38.5,0,Medicare,0,4,0,6.0,1
24,0,2,Elective,2,Orthopedic,2,1,7.8,0.52,8.6,134.4,121,89,35.3,0,Medicare,0,3,0,1.0,0
77,0,0,Emergency,4,Neurological,1,3,6.0,1.09,3.1,136.5,103,112,35.4,1,Medicaid,0,3,1,8.0,2
65,1,1,Urgent,3,GI,4,3,10.4,1.32,3.5,136.4,108,86,37.2,0,Medicare,0,1,0,4.9,1
39,0,0,Emergency,2,Orthopedic,2,0,7.0,0.78,8.9,134.7,139,86,36.5,2,Private,1,0,1,3.5,1
84,1,0,Emergency,4,Neurological,2,2,5.2,1.05,11.1,141.1,168,70,37.2,0,Medicare,0,3,1,4.4,1
70,1,0,Emergency,3,GI,3,4,5.0,0.92,6.7,137.3,120,57,37.0,0,Medicare,0,1,1,4.3,1
78,1,1,Urgent,3,GI,1,3,6.4,0.66,4.1,131.5,140,69,37.1,0,Medicare,1,0,0,6.6,1
50,0,0,Emergency,0,Cardiac,1,1,4.0,1.5,12.3,130.5,144,70,37.7,1,Medicaid,1,1,1,8.1,2
18,0,1,Urgent,1,Respiratory,6,3,4.4,1.78,1.5,130.3,146,90,37.3,0,Medicare,0,0,0,2.3,0
52,1,2,Elective,1,Respiratory,2,1,4.0,1.67,12.9,145.8,111,85,37.7,1,Medicaid,1,0,0,3.9,1
59,0,0,Emergency,4,Neurological,1,3,4.0,1.16,13.3,142.8,161,76,37.8,0,Medicare,0,1,1,6.6,1
64,1,1,Urgent,4,Neurological,6,1,7.7,0.75,13.1,136.5,144,90,37.8,1,Medicaid,0,2,0,5.1,1
70,0,1,Urgent,1,Respiratory,2,2,7.8,0.99,11.0,143.9,124,81,36.5,2,Private,0,1,0,2.4,0
83,1,0,Emergency,0,Cardiac,4,1,8.1,1.68,11.2,143.9,106,93,38.5,2,Private,0,0,1,2.9,0
55,1,2,Elective,4,Neurological,1,1,4.6,1.36,12.1,132.9,96,66,36.5,2,Private,0,2,0,4.4,1
34,1,2,Elective,2,Orthopedic,3,2,7.4,0.69,11.0,131.1,125,73,37.1,1,Medicaid,0,1,0,4.0,1
75,0,0,Emergency,0,Cardiac,5,1,6.5,1.23,4.9,136.3,149,72,36.9,2,Private,0,3,1,6.0,1
64,0,0,Emergency,0,Cardiac,2,3,4.6,1.15,9.2,138.3,102,111,38.4,1,Medicaid,0,1,1,5.1,1
83,1,2,Elective,0,Cardiac,4,3,5.8,1.0,6.2,129.8,124,57,35.8,1,Medicaid,0,1,0,4.1,1
50,0,2,Elective,2,Orthopedic,1,1,4.1,1.17,11.6,132.1,114,83,36.1,2,Private,0,2,0,1.7,0
59,0,0,Emergency,1,Respiratory,2,1,4.0,0.8,8.4,140.6,98,71,37.5,1,Medicaid,0,3,1,3.1,1
57,1,0,Emergency,3,GI,5,3,5.0,1.78,5.0,140.9,129,87,37.0,0,Medicare,0,3,1,2.5,0
50,1,1,Urgent,5,Infection,4,1,5.4,1.3,13.4,142.6,150,85,37.8,2,Private,0,0,0,5.8,1
50,0,0,Emergency,0,Cardiac,1,0,8.0,1.86,16.6,131.4,130,95,38.2,0,Medicare,0,2,1,2.7,0
57,1,2,Elective,1,Respiratory,1,1,5.2,0.63,6.1,133.0,108,63,38.0,3,Self-Pay,0,1,0,2.5,0
39,1,2,Elective,1,Respiratory,1,4,8.3,1.2,5.7,140.8,153,80,36.6,0,Medicare,0,1,0,1.5,0
76,0,1,Urgent,2,Orthopedic,2,2,8.6,2.57,4.7,136.1,104,56,35.5,0,Medicare,1,0,0,9.2,2
50,1,0,Emergency,3,GI,5,4,6.8,0.87,2.8,138.3,138,89,37.7,1,Medicaid,0,1,1,4.2,1
77,1,1,Urgent,1,Respiratory,3,3,5.7,1.87,10.5,139.4,111,83,38.4,2,Private,0,0,0,4.8,1
60,1,0,Emergency,0,Cardiac,3,2,4.7,1.24,10.1,139.8,132,101,37.8,2,Private,0,1,1,4.5,1
71,0,0,Emergency,4,Neurological,1,2,4.9,1.89,6.0,140.5,164,77,37.5,0,Medicare,0,0,1,6.0,1
81,1,1,Urgent,4,Neurological,2,2,7.7,0.93,10.2,131.7,100,93,36.5,0,Medicare,0,1,0,6.5,1
50,0,1,Urgent,1,Respiratory,1,2,8.0,2.12,5.0,134.0,108,92,37.6,0,Medicare,0,2,0,4.7,1
35,0,2,Elective,0,Cardiac,1,0,5.9,1.49,11.5,141.2,121,78,37.7,0,Medicare,0,2,0,3.4,1
23,1,2,Elective,2,Orthopedic,1,4,6.8,0.76,13.3,136.1,121,68,37.3,1,Medicaid,0,1,0,3.1,1
51,0,0,Emergency,0,Cardiac,3,1,4.0,1.7,10.8,147.7,114,72,37.9,0,Medicare,0,3,1,5.3,1
77,0,0,Emergency,1,Respiratory,3,3,5.5,1.94,10.0,141.1,134,74,38.1,1,Medicaid,0,1,1,4.3,1
45,0,1,Urgent,4,Neurological,1,0,7.2,2.07,8.2,139.2,140,43,36.8,0,Medicare,0,1,0,3.4,1
68,0,0,Emergency,0,Cardiac,6,1,5.3,0.65,11.4,134.7,140,80,36.9,1,Medicaid,0,2,1,6.4,1
47,1,1,Urgent,4,Neurological,4,1,4.3,1.28,16.1,137.3,146,93,37.1,0,Medicare,0,3,0,5.2,1
74,0,1,Urgent,3,GI,2,3,4.9,3.19,9.6,138.3,126,80,38.4,2,Private,0,0,0,4.5,1
65,1,2,Elective,0,Cardiac,2,1,4.0,1.36,6.8,138.4,155,79,38.4,2,Private,0,1,0,5.3,1
67,0,1,Urgent,2,Orthopedic,7,4,4.6,0.48,7.1,142.9,130,60,38.0,0,Medicare,0,1,0,3.8,1
26,1,0,Emergency,3,GI,4,3,7.9,1.53,8.8,138.7,94,75,37.1,0,Medicare,0,1,1,5.6,1
74,1,0,Emergency,0,Cardiac,1,1,9.1,1.78,11.9,139.0,120,101,37.6,0,Medicare,1,0,1,4.5,1
46,0,0,Emergency,0,Cardiac,3,0,9.5,2.17,13.5,142.7,121,67,36.8,2,Private,1,1,1,6.3,1
84,1,0,Emergency,2,Orthopedic,1,0,6.1,0.89,9.7,137.8,101,58,36.2,2,Private,0,0,1,2.3,0
53,1,0,Emergency,3,GI,5,1,6.3,0.64,10.2,137.2,143,99,37.0,0,Medicare,0,1,1,3.2,1
63,1,0,Emergency,2,Orthopedic,2,2,7.9,1.98,7.9,138.2,126,78,38.0,1,Medicaid,0,1,1,4.6,1
66,0,2,Elective,0,Cardiac,4,2,4.2,1.11,10.0,134.2,83,82,37.4,0,Medicare,1,0,0,7.3,2
61,1,0,Emergency,5,Infection,4,1,5.1,1.05,8.7,133.0,84,112,37.4,3,Self-Pay,0,2,1,7.2,2
66,0,1,Urgent,3,GI,5,2,5.3,0.78,9.4,136.5,91,88,36.9,2,Private,0,0,0,4.2,1
40,0,0,Emergency,3,GI,1,3,9.0,1.32,6.4,139.1,129,91,37.8,1,Medicaid,1,0,1,7.6,2
75,1,0,Emergency,3,GI,4,1,5.6,0.87,7.2,143.4,141,62,38.4,0,Medicare,0,0,1,2.1,0
81,0,0,Emergency,1,Respiratory,2,5,8.7,0.56,12.1,135.4,134,101,38.2,2,Private,0,1,1,5.9,1
39,1,0,Emergency,5,Infection,5,1,5.2,0.84,4.2,143.1,131,64,37.8,0,Medicare,0,1,1,4.8,1
34,1,1,Urgent,0,Cardiac,3,3,4.6,0.85,9.9,131.5,106,48,36.0,3,Self-Pay,1,2,0,6.2,1
74,1,1,Urgent,4,Neurological,3,3,9.6,0.55,11.3,137.8,95,89,35.3,2,Private,0,1,0,4.4,1
24,0,1,Urgent,2,Orthopedic,3,1,6.8,1.05,6.8,140.5,166,84,37.3,1,Medicaid,0,2,0,2.5,0
54,1,1,Urgent,5,Infection,1,3,5.2,0.71,5.2,134.5,129,90,37.4,2,Private,0,0,0,6.0,1
75,1,2,Elective,3,GI,1,0,4.0,1.03,4.5,141.6,130,69,35.5,1,Medicaid,0,2,0,1.3,0
62,0,2,Elective,3,GI,5,5,5.5,1.43,9.0,133.3,144,71,36.5,1,Medicaid,0,1,0,2.2,0
66,0,1,Urgent,5,Infection,1,1,9.8,1.52,12.5,134.3,134,69,38.6,2,Private,0,0,0,5.0,1
77,1,0,Emergency,5,Infection,1,0,5.8,0.58,12.0,134.9,131,106,37.5,2,Private,0,2,1,5.7,1
64,1,2,Elective,0,Cardiac,2,1,4.0,1.78,17.4,142.5,140,67,37.0,0,Medicare,0,2,0,3.3,1
90,1,2,Elective,0,Cardiac,5,0,5.8,2.5,11.6,141.5,143,71,37.1,1,Medicaid,1,0,0,7.4,2
72,1,1,Urgent,3,GI,3,3,7.9,1.46,5.9,138.5,140,81,37.4,2,Private,1,1,0,7.2,2
58,0,1,Urgent,5,Infection,4,3,6.0,2.4,5.5,141.0,102,64,37.0,0,Medicare,0,0,0,6.3,1
18,0,0,Emergency,2,Orthopedic,3,2,7.5,1.41,9.4,140.3,138,76,37.4,0,Medicare,0,1,1,6.0,1
63,0,2,Elective,0,Cardiac,1,2,7.2,1.14,4.5,138.9,136,51,37.0,1,Medicaid,0,0,0,3.0,0
50,1,2,Elective,3,GI,6,0,6.0,0.93,4.5,135.6,139,75,37.4,2,Private,0,1,0,3.5,1
73,0,1,Urgent,0,Cardiac,1,3,5.1,1.6,6.5,134.4,113,40,37.1,2,Private,0,1,0,4.6,1
60,0,1,Urgent,3,GI,6,1,5.5,0.64,9.2,136.6,110,79,35.5,3,Self-Pay,0,1,0,4.0,1
73,0,0,Emergency,1,Respiratory,2,1,5.6,1.54,6.8,139.1,102,63,37.4,0,Medicare,1,2,1,6.4,1
27,1,0,Emergency,3,GI,3,1,4.0,2.41,9.7,138.4,131,63,38.0,1,Medicaid,1,1,1,7.8,2
62,1,1,Urgent,5,Infection,2,3,7.4,1.45,7.7,135.0,119,74,37.2,0,Medicare,0,0,0,6.1,1
76,0,0,Emergency,2,Orthopedic,2,3,5.3,0.5,3.0,146.5,132,70,36.8,1,Medicaid,0,2,1,4.3,1
61,1,1,Urgent,0,Cardiac,3,1,8.5,1.0,13.3,141.5,133,100,38.1,2,Private,0,0,0,4.3,1
55,0,2,Elective,3,GI,3,0,8.8,1.73,12.7,136.8,136,67,37.3,2,Private,1,1,0,3.2,1
52,0,0,Emergency,1,Respiratory,1,1,5.7,0.97,14.9,138.7,131,86,37.2,3,Self-Pay,1,1,1,4.2,1
50,0,0,Emergency,4,Neurological,1,0,6.4,1.58,11.6,135.9,123,56,37.1,2,Private,0,1,1,4.3,1
60,0,2,Elective,2,Orthopedic,1,0,5.5,0.61,9.1,148.4,119,76,36.3,0,Medicare,1,0,0,4.1,1
59,0,0,Emergency,4,Neurological,2,1,4.0,0.47,8.1,135.0,135,75,36.9,1,Medicaid,0,1,1,3.6,1
51,1,0,Emergency,5,Infection,4,4,5.5,1.17,12.7,137.0,125,87,38.2,0,Medicare,0,1,1,5.8,1
90,1,1,Urgent,1,Respiratory,4,2,6.5,0.44,8.7,135.9,104,83,37.0,0,Medicare,1,0,0,6.5,1
50,1,2,Elective,5,Infection,3,0,7.5,2.01,10.8,138.1,171,76,36.7,2,Private,0,0,0,3.9,1
49,1,2,Elective,0,Cardiac,4,2,9.8,0.83,6.9,136.8,128,80,37.5,0,Medicare,0,2,0,5.5,1
79,1,1,Urgent,3,GI,1,7,5.4,1.36,10.4,140.4,103,99,38.2,2,Private,0,0,0,4.5,1
76,0,1,Urgent,0,Cardiac,2,2,4.9,2.05,11.5,135.7,102,70,37.0,2,Private,0,0,0,6.5,1
31,1,2,Elective,0,Cardiac,3,2,8.1,1.18,10.6,137.7,103,80,37.2,0,Medicare,0,2,0,3.5,1
63,1,1,Urgent,3,GI,1,2,4.0,0.8,8.4,138.1,106,81,37.8,0,Medicare,1,0,0,4.3,1
84,1,1,Urgent,0,Cardiac,5,2,4.7,0.85,7.9,144.5,147,103,37.7,1,Medicaid,0,1,0,4.4,1
71,0,0,Emergency,0,Cardiac,1,1,8.5,1.32,12.1,142.1,151,93,37.4,0,Medicare,1,2,1,8.1,2
19,0,0,Emergency,1,Respiratory,4,1,4.8,0.78,10.4,142.1,126,72,36.2,2,Private,0,3,1,3.3,1
24,1,1,Urgent,3,GI,2,2,5.5,1.08,8.8,144.8,138,65,37.4,2,Private,1,1,0,5.7,1
55,1,0,Emergency,0,Cardiac,2,2,6.5,1.2,12.3,138.3,137,80,38.2,2,Private,0,3,1,7.6,2
61,0,0,Emergency,2,Orthopedic,2,2,7.7,0.97,5.5,139.3,121,63,36.4,1,Medicaid,0,1,1,4.7,1
50,1,2,Elective,3,GI,1,2,6.4,0.46,4.0,137.1,157,93,37.0,2,Private,0,1,0,3.4,1
85,0,0,Emergency,2,Orthopedic,2,4,6.4,1.31,14.9,140.4,103,105,37.2,0,Medicare,0,3,1,6.9,1
59,1,0,Emergency,0,Cardiac,1,4,5.9,1.49,3.1,145.0,137,82,37.3,2,Private,0,0,1,5.1,1
77,0,0,Emergency,3,GI,3,2,6.0,0.76,13.0,129.0,141,85,37.8,1,Medicaid,0,1,1,6.4,1
83,0,1,Urgent,3,GI,1,4,5.0,1.34,12.3,142.2,113,96,36.6,0,Medicare,1,0,0,5.6,1
74,0,2,Elective,2,Orthopedic,3,4,4.6,0.93,12.3,144.7,152,80,35.9,0,Medicare,0,3,0,4.5,1
21,0,2,Elective,3,GI,2,2,8.8,0.53,10.8,143.2,108,95,36.8,2,Private,1,0,0,4.8,1
50,0,2,Elective,0,Cardiac,3,1,5.3,0.9,10.0,132.7,131,67,37.3,2,Private,1,5,0,6.9,1
46,1,2,Elective,3,GI,4,1,6.1,0.52,8.0,131.9,125,106,37.3,1,Medicaid,0,1,0,2.2,0
50,1,2,Elective,0,Cardiac,1,3,8.2,1.26,12.7,139.6,103,96,37.8,0,Medicare,0,1,0,6.2,1
61,0,0,Emergency,1,Respiratory,5,2,4.0,1.62,7.7,132.1,146,97,37.8,3,Self-Pay,0,0,1,3.5,1
29,1,1,Urgent,0,Cardiac,3,5,4.0,4.15,3.4,125.6,132,99,36.2,0,Medicare,0,1,0,5.7,1
99,0,0,Emergency,4,Neurological,2,2,6.4,2.16,7.2,140.8,147,84,37.6,1,Medicaid,1,1,1,7.8,2
50,0,0,Emergency,2,Orthopedic,5,1,6.5,2.0,7.3,144.4,96,86,36.4,2,Private,0,0,1,3.2,1
56,0,1,Urgent,5,Infection,6,3,4.0,0.53,11.3,142.7,122,57,36.2,1,Medicaid,1,1,0,9.4,2
25,0,0,Emergency,5,Infection,2,2,4.0,1.33,10.2,143.2,120,88,37.9,0,Medicare,0,0,1,3.4,1
50,1,1,Urgent,5,Infection,2,4,4.0,1.43,2.8,136.3,136,85,37.7,1,Medicaid,0,1,0,6.1,1
37,0,0,Emergency,0,Cardiac,4,2,7.0,0.92,1.5,137.3,121,82,36.2,0,Medicare,0,2,1,5.6,1
87,1,0,Emergency,3,GI,3,4,7.9,0.6,10.3,135.1,97,99,37.0,0,Medicare,0,2,1,4.2,1
61,1,0,Emergency,2,Orthopedic,3,2,6.8,1.41,4.3,133.7,121,63,38.1,2,Private,0,1,1,7.0,1
73,1,2,Elective,2,Orthopedic,4,1,4.0,0.51,10.6,139.2,144,83,37.0,1,Medicaid,0,1,0,2.2,0
81,1,1,Urgent,1,Respiratory,4,3,4.2,1.0,6.2,140.3,136,76,37.1,2,Private,0,1,0,4.4,1
64,1,2,Elective,0,Cardiac,1,3,6.1,1.48,4.6,132.8,145,93,38.5,0,Medicare,0,4,0,3.0,0
36,1,2,Elective,3,GI,7,2,6.5,1.34,16.5,132.2,97,95,37.6,0,Medicare,1,0,0,8.8,2
33,1,1,Urgent,5,Infection,1,1,5.4,1.32,8.0,138.8,111,104,37.6,3,Self-Pay,0,2,0,3.7,1
40,0,0,Emergency,2,Orthopedic,1,1,5.8,1.06,12.2,143.4,108,88,36.8,2,Private,0,0,1,4.0,1
58,1,1,Urgent,1,Respiratory,4,1,7.0,0.83,1.5,136.5,115,79,36.4,2,Private,0,1,0,3.4,1
37,1,1,Urgent,5,Infection,2,1,10.1,0.92,10.1,143.9,158,96,37.8,1,Medicaid,0,2,0,5.3,1
36,1,1,Urgent,1,Respiratory,3,2,8.3,0.4,4.9,139.0,116,81,36.3,0,Medicare,0,4,0,4.3,1
66,0,0,Emergency,5,Infection,1,0,5.8,0.7,11.9,136.3,108,71,37.6,0,Medicare,0,2,1,6.8,1
49,0,1,Urgent,4,Neurological,4,2,6.2,1.66,6.6,137.0,117,74,37.7,0,Medicare,1,0,0,4.8,1
78,0,0,Emergency,2,Orthopedic,3,1,6.3,1.13,4.9,136.4,105,75,36.6,2,Private,0,1,1,4.9,1
30,1,2,Elective,3,GI,2,0,5.5,2.0,4.8,137.2,95,120,36.4,3,Self-Pay,0,2,0,1.0,0
63,0,1,Urgent,3,GI,5,0,8.8,0.98,11.2,142.6,131,106,37.3,1,Medicaid,0,0,0,4.2,1
28,0,0,Emergency,3,GI,2,0,8.7,2.89,3.5,132.0,140,67,36.1,2,Private,0,2,1,3.7,1
57,0,0,Emergency,0,Cardiac,6,2,6.9,1.08,6.1,134.1,121,101,39.0,2,Private,0,2,1,7.9,2
67,0,1,Urgent,3,GI,4,3,9.2,2.09,12.6,135.8,148,90,38.4,0,Medicare,0,2,0,5.3,1
82,0,1,Urgent,0,Cardiac,4,1,5.5,1.73,10.8,137.3,100,67,38.3,2,Private,0,0,0,5.1,1
87,1,1,Urgent,3,GI,3,1,7.4,1.46,13.3,135.4,111,66,37.2,3,Self-Pay,1,0,0,5.5,1
83,0,1,Urgent,3,GI,3,2,8.8,2.14,8.2,138.3,118,90,36.4,3,Self-Pay,1,2,0,8.7,2
65,1,1,Urgent,1,Respiratory,2,1,7.6,2.08,14.4,139.0,149,53,35.8,2,Private,0,0,0,4.0,1
54,1,0,Emergency,4,Neurological,2,3,9.5,1.06,7.4,140.2,125,114,36.0,2,Private,0,1,1,4.9,1
24,1,2,Elective,2,Orthopedic,1,2,7.4,1.08,11.8,142.5,151,82,38.0,2,Private,0,3,0,3.6,1
73,1,1,Urgent,2,Orthopedic,1,1,6.2,1.43,6.8,140.9,111,107,38.3,2,Private,0,0,0,4.4,1
29,1,0,Emergency,0,Cardiac,3,1,4.5,2.42,5.2,144.8,87,65,36.1,3,Self-Pay,0,4,1,5.9,1
50,0,0,Emergency,2,Orthopedic,4,0,5.7,1.5,8.1,143.0,109,95,37.8,2,Private,0,0,1,3.3,1
35,1,0,Emergency,0,Cardiac,4,3,8.0,2.37,9.7,147.9,135,99,39.4,1,Medicaid,0,1,1,7.5,2
39,0,0,Emergency,1,Respiratory,3,4,8.3,1.37,2.9,144.1,115,87,37.4,0,Medicare,0,0,1,2.4,0
83,0,1,Urgent,1,Respiratory,4,2,4.0,0.86,9.9,132.2,118,108,36.8,0,Medicare,1,1,0,5.5,1
38,0,0,Emergency,0,Cardiac,3,0,5.5,0.62,7.0,140.1,104,81,37.1,2,Private,0,0,1,3.7,1
63,0,2,Elective,2,Orthopedic,7,2,7.3,1.55,11.1,142.6,123,92,37.3,2,Private,0,1,0,1.6,0
34,0,1,Urgent,2,Orthopedic,5,3,6.8,0.91,8.2,135.5,174,75,37.0,1,Medicaid,0,0,0,1.3,0
73,1,0,Emergency,3,GI,3,2,5.1,1.62,11.1,134.5,94,91,36.9,0,Medicare,1,3,1,5.3,1
68,1,0,Emergency,2,Orthopedic,4,6,9.2,1.27,10.7,135.9,122,90,35.6,0,Medicare,1,0,1,7.6,2
69,1,1,Urgent,5,Infection,2,0,8.1,0.95,9.6,139.0,127,100,37.3,1,Medicaid,1,2,0,9.1,2
27,0,0,Emergency,0,Cardiac,4,2,10.4,0.76,8.5,144.0,114,86,37.9,3,Self-Pay,0,0,1,6.7,1
53,1,0,Emergency,3,GI,2,2,5.9,0.94,13.0,144.5,88,95,37.9,2,Private,0,1,1,5.3,1
49,0,0,Emergency,5,Infection,4,4,4.0,0.71,8.8,136.6,143,66,35.8,1,Medicaid,1,1,1,8.2,2
36,0,0,Emergency,0,Cardiac,5,4,6.8,0.76,5.4,135.2,115,94,37.7,2,Private,0,3,1,6.3,1
95,1,0,Emergency,2,Orthopedic,1,2,10.1,0.4,4.6,140.5,116,91,37.4,2,Private,0,1,1,2.6,0
96,1,0,Emergency,3,GI,2,4,6.8,0.42,11.2,134.8,140,83,36.6,2,Private,1,0,1,4.3,1
68,0,2,Elective,0,Cardiac,3,1,7.6,1.24,10.2,131.8,113,49,37.2,2,Private,0,0,0,4.9,1
80,1,0,Emergency,1,Respiratory,2,2,7.4,2.88,13.5,137.2,124,104,36.7,0,Medicare,0,0,1,5.6,1
68,1,1,Urgent,4,Neurological,3,4,4.1,1.29,14.4,131.3,134,77,37.8,0,Medicare,1,2,0,7.4,2
38,1,0,Emergency,3,GI,4,0,4.8,1.27,10.6,142.2,156,63,37.1,2,Private,0,2,1,5.7,1
50,0,0,Emergency,1,Respiratory,2,2,5.5,1.97,6.5,137.8,129,77,37.7,3,Self-Pay,0,1,1,4.9,1
25,0,1,Urgent,4,Neurological,5,3,6.0,1.26,10.9,135.6,138,72,37.7,1,Medicaid,0,1,0,6.7,1
57,0,0,Emergency,4,Neurological,5,1,8.3,1.24,12.7,141.1,83,80,36.4,1,Medicaid,0,2,1,6.2,1
29,0,0,Emergency,1,Respiratory,4,1,5.1,0.63,4.2,138.1,151,70,36.4,2,Private,1,2,1,6.6,1
72,0,1,Urgent,2,Orthopedic,4,3,4.0,1.15,7.8,131.6,116,95,36.7,2,Private,0,0,0,2.9,0
70,1,0,Emergency,3,GI,2,1,4.9,0.89,1.5,136.4,152,76,37.0,2,Private,0,2,1,4.9,1
72,0,0,Emergency,1,Respiratory,2,0,5.7,1.09,10.9,132.3,128,85,38.4,2,Private,0,1,1,5.0,1
37,1,0,Emergency,3,GI,4,3,8.9,0.92,14.4,138.6,126,64,37.4,0,Medicare,0,0,1,6.2,1
70,0,0,Emergency,1,Respiratory,1,4,5.0,0.92,11.7,139.5,118,117,37.5,0,Medicare,1,0,1,7.3,2
67,1,0,Emergency,1,Respiratory,2,5,4.0,1.06,3.2,144.4,125,77,37.4,0,Medicare,1,1,1,7.9,2
57,1,2,Elective,1,Respiratory,5,5,4.8,1.25,5.3,138.5,139,85,38.2,0,Medicare,1,2,0,8.1,2
74,0,1,Urgent,5,Infection,2,3,6.5,0.75,9.4,134.2,124,73,37.2,3,Self-Pay,1,1,0,7.9,2
93,1,1,Urgent,4,Neurological,3,3,4.0,1.03,11.2,134.5,126,94,36.9,0,Medicare,0,0,0,3.9,1
87,0,1,Urgent,3,GI,1,0,7.5,1.11,14.1,135.6,129,103,37.0,0,Medicare,0,0,0,3.7,1
40,0,2,Elective,3,GI,6,1,7.3,1.24,10.2,140.1,107,92,37.9,0,Medicare,0,1,0,3.0,0
89,0,1,Urgent,0,Cardiac,1,6,6.5,1.96,4.1,139.9,126,103,39.0,2,Private,1,2,0,8.9,2
34,0,2,Elective,3,GI,1,1,7.4,1.86,8.0,135.1,137,90,37.0,0,Medicare,1,2,0,4.1,1
69,1,0,Emergency,1,Respiratory,3,1,5.7,1.9,7.6,144.3,103,93,37.1,0,Medicare,0,0,1,2.5,0
65,1,0,Emergency,3,GI,2,3,5.3,1.63,9.7,143.2,110,86,37.0,2,Private,0,0,1,5.7,1
66,0,2,Elective,4,Neurological,3,3,5.4,4.11,11.4,141.1,131,87,36.8,0,Medicare,0,1,0,3.9,1
74,1,2,Elective,0,Cardiac,2,4,5.9,1.25,3.7,135.9,148,97,38.2,2,Private,1,4,0,6.9,1
55,1,0,Emergency,3,GI,2,0,10.1,0.74,10.4,130.5,86,96,37.9,1,Medicaid,0,0,1,2.5,0
45,0,1,Urgent,3,GI,2,3,5.1,2.63,3.8,134.3,160,65,37.3,2,Private,0,3,0,6.5,1
50,0,1,Urgent,0,Cardiac,4,4,7.9,1.25,9.4,138.5,171,99,38.0,0,Medicare,0,1,0,3.7,1
68,0,0,Emergency,3,GI,8,4,4.7,2.5,14.5,135.1,152,93,38.0,2,Private,0,1,1,6.8,1
68,1,2,Elective,3,GI,1,3,6.5,1.08,9.5,137.9,114,72,37.0,3,Self-Pay,0,0,0,3.1,1
53,0,1,Urgent,4,Neurological,4,1,6.4,2.37,3.8,137.2,151,76,36.8,0,Medicare,1,1,0,7.7,2
93,0,1,Urgent,0,Cardiac,6,1,4.0,3.46,12.1,138.5,127,102,35.3,2,Private,0,5,0,8.6,2
78,1,0,Emergency,2,Orthopedic,1,2,6.7,0.61,5.5,134.6,124,102,38.5,1,Medicaid,1,2,1,5.7,1
39,1,0,Emergency,5,Infection,5,2,5.2,0.79,13.7,143.6,121,76,36.5,3,Self-Pay,0,1,1,6.4,1
50,0,0,Emergency,3,GI,2,1,4.0,1.65,6.5,143.9,125,98,37.6,0,Medicare,0,0,1,1.6,0
34,1,0,Emergency,3,GI,2,2,6.9,1.8,4.7,141.4,122,82,38.6,2,Private,0,0,1,4.2,1
84,1,1,Urgent,1,Respiratory,6,0,8.4,1.24,15.1,141.4,121,92,36.5,2,Private,1,2,0,7.4,2
64,0,2,Elective,0,Cardiac,5,1,6.5,1.27,8.9,144.0,152,98,37.5,0,Medicare,1,1,0,8.3,2
54,1,1,Urgent,5,Infection,3,0,8.4,0.82,7.8,131.4,141,89,37.7,0,Medicare,0,3,0,5.3,1
32,0,0,Emergency,0,Cardiac,4,4,10.3,2.03,9.6,129.1,135,101,37.8,0,Medicare,1,1,1,9.3,2
67,0,0,Emergency,5,Infection,1,0,6.4,2.04,4.3,140.9,119,102,37.3,0,Medicare,0,0,1,4.7,1
76,0,1,Urgent,0,Cardiac,2,2,6.9,1.58,9.8,145.1,134,91,36.5,2,Private,0,1,0,4.3,1
74,0,0,Emergency,0,Cardiac,1,3,7.1,0.63,10.6,136.8,107,77,38.0,3,Self-Pay,0,0,1,3.7,1
90,0,2,Elective,1,Respiratory,1,7,8.0,1.29,1.8,138.7,155,106,36.4,1,Medicaid,0,0,0,2.9,0
34,0,2,Elective,2,Orthopedic,5,1,5.2,1.1,12.8,136.1,147,54,38.1,0,Medicare,1,0,0,5.4,1
47,1,2,Elective,4,Neurological,7,1,8.4,1.13,6.7,138.6,141,79,37.6,0,Medicare,1,1,0,8.2,2
50,1,0,Emergency,5,Infection,3,3,8.4,0.57,8.6,139.8,94,83,36.7,0,Medicare,0,0,1,4.9,1
38,0,2,Elective,1,Respiratory,3,3,7.1,0.91,7.4,143.5,122,69,36.8,1,Medicaid,0,3,0,1.9,0
55,0,0,Emergency,0,Cardiac,2,5,9.2,1.25,13.2,143.4,122,86,36.2,2,Private,0,0,1,5.6,1
68,1,1,Urgent,3,GI,5,4,8.4,1.25,9.6,138.4,128,92,37.3,0,Medicare,0,2,0,3.7,1
50,0,0,Emergency,3,GI,2,3,4.6,1.13,9.2,135.2,135,88,35.7,1,Medicaid,0,4,1,4.3,1
45,0,1,Urgent,1,Respiratory,3,1,6.6,0.91,9.0,137.0,98,75,36.1,2,Private,0,1,0,2.6,0
47,1,0,Emergency,0,Cardiac,3,1,8.0,1.24,10.0,137.4,147,83,38.1,1,Medicaid,0,1,1,6.3,1
64,1,1,Urgent,1,Respiratory,5,2,8.4,0.76,11.9,143.6,144,60,37.1,1,Medicaid,1,0,0,8.1,2
62,1,0,Emergency,3,GI,2,2,4.0,1.42,11.7,137.7,157,82,38.1,0,Medicare,0,1,1,3.3,1
50,1,0,Emergency,2,Orthopedic,7,2,6.3,1.48,9.2,141.7,115,102,36.6,1,Medicaid,0,0,1,2.9,0
67,0,1,Urgent,4,Neurological,1,3,8.7,0.81,11.4,144.8,136,92,37.7,0,Medicare,0,0,0,4.7,1
52,1,2,Elective,0,Cardiac,2,5,8.4,1.74,10.1,138.8,152,87,37.1,0,Medicare,0,0,0,4.1,1
50,0,2,Elective,4,Neurological,3,5,4.0,0.83,1.5,140.1,116,91,36.4,1,Medicaid,1,0,0,7.3,2
18,0,1,Urgent,0,Cardiac,4,3,4.8,1.28,2.9,136.7,119,84,36.7,0,Medicare,1,0,0,6.8,1
57,1,0,Emergency,1,Respiratory,1,1,7.2,1.69,12.4,140.4,95,91,36.8,2,Private,0,3,1,5.2,1
65,1,0,Emergency,3,GI,4,4,6.3,1.14,9.3,141.0,110,87,37.9,2,Private,0,2,1,5.4,1
64,0,0,Emergency,4,Neurological,5,3,6.1,0.92,8.3,139.6,80,91,37.4,2,Private,0,0,1,6.2,1
73,0,2,Elective,1,Respiratory,4,0,6.6,1.17,6.4,132.7,114,64,38.9,0,Medicare,0,3,0,2.3,0
27,1,0,Emergency,5,Infection,2,1,6.1,1.61,11.7,141.4,130,74,37.7,2,Private,0,0,1,5.7,1
65,1,2,Elective,3,GI,3,4,5.9,1.38,7.8,144.6,102,78,36.4,1,Medicaid,0,1,0,3.0,0
74,1,1,Urgent,0,Cardiac,3,2,7.6,0.95,1.5,137.9,145,68,36.0,2,Private,1,0,0,6.8,1
71,0,1,Urgent,4,Neurological,3,3,7.9,0.97,1.5,132.1,121,94,38.7,3,Self-Pay,0,2,0,5.1,1
23,1,2,Elective,3,GI,2,3,6.6,1.15,9.8,141.9,127,84,36.7,0,Medicare,0,1,0,2.8,0
26,1,0,Emergency,4,Neurological,2,2,8.8,1.73,5.9,147.7,150,66,37.2,0,Medicare,0,1,1,6.5,1
51,1,1,Urgent,5,Infection,1,2,5.5,1.37,4.8,140.0,135,84,36.2,1,Medicaid,0,0,0,5.8,1
68,0,2,Elective,3,GI,2,0,6.6,1.07,8.6,129.0,121,67,37.1,2,Private,0,2,0,3.7,1
55,0,1,Urgent,1,Respiratory,4,1,6.1,1.0,10.4,144.9,121,77,38.0,2,Private,0,4,0,6.2,1
49,0,0,Emergency,4,Neurological,1,1,4.0,0.64,13.2,135.1,108,85,39.4,2,Private,0,1,1,4.6,1
89,0,0,Emergency,3,GI,6,2,7.5,3.2,9.0,138.6,134,98,36.3,2,Private,0,0,1,6.9,1
61,0,2,Elective,3,GI,3,1,8.6,1.01,11.5,142.2,89,104,36.9,0,Medicare,0,1,0,4.5,1
60,1,0,Emergency,1,Respiratory,2,4,8.0,0.87,3.9,142.9,114,90,37.0,2,Private,0,0,1,3.8,1
35,0,2,Elective,5,Infection,2,2,7.0,2.11,13.4,140.3,108,68,39.3,0,Medicare,1,3,0,9.1,2
58,1,0,Emergency,2,Orthopedic,2,3,4.0,0.95,1.6,140.4,115,75,36.2,0,Medicare,0,2,1,3.0,0
31,0,1,Urgent,3,GI,3,3,7.7,1.33,10.4,140.1,117,110,37.7,0,Medicare,0,0,0,2.7,0
27,1,1,Urgent,2,Orthopedic,2,1,9.8,1.1,6.6,134.3,120,53,35.6,3,Self-Pay,0,4,0,4.2,1
34,1,1,Urgent,4,Neurological,4,2,6.3,1.03,8.1,135.0,101,58,35.9,0,Medicare,0,1,0,4.4,1
50,1,1,Urgent,1,Respiratory,3,2,6.7,1.46,7.4,140.7,142,95,37.3,0,Medicare,0,1,0,4.0,1
85,0,2,Elective,4,Neurological,4,0,8.8,1.39,7.5,141.2,100,76,37.7,0,Medicare,0,2,0,4.2,1
50,1,1,Urgent,0,Cardiac,2,2,6.7,0.75,8.0,136.7,144,101,37.5,0,Medicare,0,1,0,3.3,1
63,1,2,Elective,3,GI,1,1,6.2,1.05,14.8,136.7,99,70,37.9,0,Medicare,0,0,0,3.2,1
53,1,0,Emergency,2,Orthopedic,3,2,6.5,1.57,12.8,136.8,83,80,37.8,1,Medicaid,0,0,1,3.4,1
79,1,0,Emergency,3,GI,3,4,7.9,1.45,11.1,135.9,178,94,37.1,0,Medicare,0,3,1,1.8,0
57,1,0,Emergency,2,Orthopedic,2,1,8.2,1.07,7.9,140.8,146,73,36.6,2,Private,0,0,1,5.2,1
57,0,0,Emergency,0,Cardiac,4,1,4.0,0.76,10.1,139.6,118,67,37.0,0,Medicare,0,1,1,4.9,1
57,1,1,Urgent,2,Orthopedic,4,1,7.7,2.07,6.6,133.2,164,59,37.1,0,Medicare,0,1,0,3.5,1
60,1,1,Urgent,5,Infection,2,3,6.8,1.61,10.2,135.8,122,71,36.4,2,Private,0,1,0,5.1,1
31,1,2,Elective,4,Neurological,2,2,5.1,3.75,8.7,135.6,151,99,37.9,1,Medicaid,0,2,0,2.3,0
33,1,0,Emergency,1,Respiratory,2,2,9.1,1.2,10.7,136.7,129,86,36.5,0,Medicare,0,0,1,1.8,0
38,1,0,Emergency,5,Infection,1,3,7.7,1.53,7.4,134.1,91,102,37.9,2,Private,1,1,1,6.7,1
70,0,2,Elective,4,Neurological,2,1,4.1,1.34,12.4,137.2,131,88,37.2,2,Private,0,2,0,4.1,1
32,1,2,Elective,1,Respiratory,4,4,7.8,0.6,9.2,131.3,107,86,37.4,1,Medicaid,1,1,0,5.7,1
86,1,2,Elective,3,GI,5,1,8.6,1.32,8.3,136.7,127,67,37.2,0,Medicare,0,0,0,3.9,1
53,1,2,Elective,2,Orthopedic,6,0,5.1,0.51,11.7,140.7,147,66,37.4,1,Medicaid,0,3,0,4.1,1
26,1,1,Urgent,0,Cardiac,1,2,6.9,0.81,14.6,139.1,112,90,36.7,0,Medicare,1,1,0,7.1,2
50,1,2,Elective,4,Neurological,2,3,6.4,1.33,9.1,135.0,146,62,38.4,1,Medicaid,0,1,0,2.0,0
80,1,1,Urgent,0,Cardiac,1,2,6.5,1.15,8.3,137.8,139,97,38.0,2,Private,0,0,0,2.9,0
50,0,2,Elective,2,Orthopedic,2,3,5.9,0.4,10.4,139.6,125,86,36.7,0,Medicare,0,1,0,2.9,0
25,0,0,Emergency,3,GI,1,2,5.7,1.27,7.4,134.5,90,99,37.0,2,Private,0,1,1,2.0,0
50,1,2,Elective,5,Infection,6,3,7.6,0.69,5.2,136.9,99,78,37.6,1,Medicaid,0,0,0,3.1,1
43,1,1,Urgent,0,Cardiac,5,1,6.7,1.58,6.7,144.1,152,67,36.9,0,Medicare,0,0,0,5.8,1
50,1,0,Emergency,1,Respiratory,2,2,7.9,1.12,13.5,140.9,105,98,36.8,0,Medicare,1,1,1,5.2,1
58,1,0,Emergency,3,GI,2,2,8.4,2.0,7.3,139.0,115,83,37.7,1,Medicaid,0,0,1,4.3,1
77,1,2,Elective,4,Neurological,1,3,9.4,0.57,9.9,139.1,144,80,37.2,0,Medicare,0,1,0,6.6,1
36,0,1,Urgent,5,Infection,4,0,5.1,0.51,3.2,137.9,129,104,37.1,0,Medicare,0,1,0,3.6,1
50,0,2,Elective,0,Cardiac,4,0,8.9,1.92,5.1,142.1,123,130,37.2,2,Private,0,2,0,3.6,1
66,1,0,Emergency,3,GI,7,2,7.3,2.08,12.7,132.9,145,52,36.0,1,Medicaid,1,2,1,9.0,2
78,0,0,Emergency,0,Cardiac,5,2,6.8,3.65,10.5,138.8,130,75,38.7,1,Medicaid,0,2,1,8.1,2
38,1,0,Emergency,4,Neurological,6,0,7.1,1.34,9.5,134.8,138,76,36.6,1,Medicaid,0,0,1,4.5,1
75,1,1,Urgent,0,Cardiac,2,3,6.3,1.31,4.5,133.8,106,62,36.5,2,Private,0,2,0,6.3,1
55,0,1,Urgent,5,Infection,4,1,4.0,1.34,9.6,137.8,151,90,35.6,2,Private,0,1,0,7.1,2
74,1,1,Urgent,0,Cardiac,1,3,8.0,1.64,9.4,134.5,122,70,36.8,1,Medicaid,1,2,0,5.4,1
73,1,0,Emergency,4,Neurological,2,6,7.5,1.18,9.1,144.5,135,76,37.9,1,Medicaid,0,1,1,6.7,1
90,0,0,Emergency,1,Respiratory,2,1,7.1,0.49,6.3,138.5,113,70,36.8,3,Self-Pay,0,0,1,3.9,1
66,0,0,Emergency,3,GI,1,0,4.0,0.97,11.5,133.2,136,78,36.2,0,Medicare,0,3,1,2.4,0
51,1,2,Elective,3,GI,2,2,6.8,0.95,6.3,135.1,132,53,37.6,2,Private,1,1,0,5.7,1
83,0,0,Emergency,0,Cardiac,2,1,7.3,0.9,8.1,142.1,126,57,37.0,2,Private,1,1,1,7.6,2
54,0,0,Emergency,1,Respiratory,4,0,9.8,1.65,1.8,140.6,147,49,36.5,1,Medicaid,0,3,1,4.8,1
78,0,1,Urgent,0,Cardiac,4,1,7.2,2.6,8.8,140.7,140,84,36.5,0,Medicare,1,2,0,8.1,2
27,0,2,Elective,0,Cardiac,2,0,4.0,1.13,4.9,143.7,156,105,37.2,2,Private,0,0,0,5.2,1
63,1,0,Emergency,1,Respiratory,3,0,7.4,0.71,9.6,139.6,118,90,36.4,1,Medicaid,1,4,1,6.9,1
80,0,0,Emergency,2,Orthopedic,2,2,8.6,1.01,9.1,141.5,148,87,37.1,2,Private,1,0,1,4.3,1
64,1,1,Urgent,3,GI,2,1,5.9,0.71,9.0,142.8,146,79,36.7,1,Medicaid,0,1,0,3.1,1
24,0,2,Elective,4,Neurological,2,4,4.0,1.12,4.9,142.7,103,86,37.9,2,Private,0,3,0,5.3,1
63,1,1,Urgent,0,Cardiac,2,1,9.9,0.56,3.9,141.0,111,86,38.0,0,Medicare,0,0,0,6.4,1
63,0,0,Emergency,1,Respiratory,5,0,6.7,0.96,8.8,135.4,123,75,36.9,2,Private,0,0,1,4.2,1
77,1,1,Urgent,4,Neurological,1,0,5.5,1.63,3.0,134.6,147,63,36.5,0,Medicare,0,5,0,6.7,1
37,0,2,Elective,2,Orthopedic,1,3,7.9,1.16,13.3,136.6,140,104,36.8,0,Medicare,0,0,0,1.6,0
78,1,1,Urgent,0,Cardiac,4,2,4.8,1.44,10.0,136.7,147,61,37.5,0,Medicare,1,0,0,5.7,1
50,1,0,Emergency,1,Respiratory,1,2,4.8,1.46,11.9,138.4,119,63,36.7,1,Medicaid,0,1,1,3.3,1
65,1,0,Emergency,1,Respiratory,2,1,5.8,0.74,12.4,136.8,119,82,36.8,0,Medicare,0,1,1,6.2,1
55,1,2,Elective,0,Cardiac,2,4,6.9,1.13,10.2,133.0,139,89,38.0,0,Medicare,0,0,0,2.6,0
74,0,1,Urgent,4,Neurological,4,0,5.4,1.91,8.7,138.8,122,88,38.0,0,Medicare,0,1,0,4.2,1
72,1,1,Urgent,1,Respiratory,2,3,7.5,1.3,8.6,135.5,120,96,37.9,0,Medicare,0,1,0,4.6,1
71,0,0,Emergency,5,Infection,4,4,7.7,1.37,13.5,136.7,116,84,36.1,2,Private,0,1,1,9.1,2
72,1,1,Urgent,5,Infection,1,5,6.5,1.03,7.0,141.9,141,98,35.6,2,Private,0,1,0,6.1,1
91,1,0,Emergency,3,GI,1,2,6.1,0.78,8.5,139.4,140,66,36.9,1,Medicaid,1,1,1,6.6,1
35,1,0,Emergency,1,Respiratory,1,1,8.0,1.09,5.6,135.6,164,105,37.2,0,Medicare,0,0,1,4.5,1
28,0,2,Elective,1,Respiratory,4,2,7.6,1.31,6.8,140.2,114,62,36.6,2,Private,1,2,0,4.2,1
68,0,0,Emergency,2,Orthopedic,4,4,4.6,1.15,7.4,138.1,135,62,38.6,2,Private,1,1,1,5.1,1
39,0,0,Emergency,1,Respiratory,4,5,8.7,1.07,8.4,136.0,141,80,37.3,0,Medicare,0,0,1,6.5,1
74,0,2,Elective,5,Infection,3,3,7.9,1.1,8.5,132.3,115,90,37.3,3,Self-Pay,1,2,0,8.1,2
66,0,0,Emergency,0,Cardiac,4,4,5.5,1.56,9.3,139.5,134,95,37.1,0,Medicare,0,3,1,5.3,1
50,0,1,Urgent,4,Neurological,4,4,4.0,1.07,10.0,138.2,115,57,37.5,1,Medicaid,0,1,0,4.4,1
77,1,1,Urgent,3,GI,4,3,7.0,0.77,9.5,130.3,151,84,38.3,0,Medicare,0,4,0,6.3,1
31,1,2,Elective,4,Neurological,4,1,6.9,0.92,14.2,140.6,124,72,35.9,1,Medicaid,0,2,0,6.1,1
70,1,2,Elective,2,Orthopedic,4,2,7.0,1.83,8.8,137.8,146,74,38.1,1,Medicaid,0,2,0,2.8,0
53,1,1,Urgent,3,GI,1,1,9.0,1.26,9.2,141.1,117,114,37.6,0,Medicare,0,1,0,2.8,0
21,1,0,Emergency,5,Infection,1,0,6.4,0.71,11.4,137.2,108,91,37.6,2,Private,0,0,1,4.9,1
69,1,1,Urgent,0,Cardiac,2,0,7.2,1.37,4.9,140.7,169,74,38.3,2,Private,0,3,0,3.3,1
44,1,2,Elective,0,Cardiac,1,2,7.5,0.82,8.2,137.0,142,85,37.3,1,Medicaid,0,1,0,4.3,1
29,0,0,Emergency,1,Respiratory,2,0,5.7,1.19,10.3,142.0,127,52,35.5,1,Medicaid,0,0,1,3.6,1
72,1,2,Elective,2,Orthopedic,6,3,7.9,1.84,10.6,136.8,110,66,38.6,1,Medicaid,1,0,0,4.9,1
71,1,0,Emergency,0,Cardiac,2,1,8.9,0.83,7.5,136.0,134,76,36.6,0,Medicare,0,1,1,5.5,1
64,0,0,Emergency,0,Cardiac,5,1,5.8,0.72,9.9,141.3,170,81,36.5,2,Private,1,3,1,9.8,2
54,1,0,Emergency,0,Cardiac,1,0,4.0,1.41,4.3,150.2,126,80,38.2,0,Medicare,0,1,1,4.6,1
86,0,0,Emergency,4,Neurological,3,0,5.1,1.1,12.7,139.8,115,89,37.9,0,Medicare,0,2,1,6.3,1
35,0,2,Elective,2,Orthopedic,2,3,6.6,1.24,10.7,138.0,112,80,37.5,1,Medicaid,0,2,0,3.7,1
77,1,2,Elective,4,Neurological,5,2,4.0,1.93,9.0,140.5,99,86,36.4,0,Medicare,0,3,0,5.1,1
63,0,1,Urgent,1,Respiratory,1,1,5.6,0.87,9.9,143.2,108,77,37.1,0,Medicare,0,5,0,3.8,1
72,0,1,Urgent,3,GI,5,3,6.6,1.32,6.6,142.6,108,77,38.3,2,Private,1,4,0,5.4,1
58,0,1,Urgent,2,Orthopedic,1,3,7.7,1.28,13.6,145.1,113,89,35.7,1,Medicaid,0,3,0,2.8,0
39,1,2,Elective,3,GI,3,1,8.3,0.64,15.1,142.8,144,74,38.2,0,Medicare,0,2,0,3.4,1
69,0,2,Elective,1,Respiratory,4,0,7.1,1.57,3.5,137.3,120,95,37.6,3,Self-Pay,0,0,0,2.5,0
66,1,0,Emergency,0,Cardiac,3,0,6.2,1.43,11.3,141.6,127,84,36.5,1,Medicaid,0,3,1,4.5,1
29,0,1,Urgent,5,Infection,6,5,5.8,1.07,11.6,133.3,90,83,39.0,2,Private,1,2,0,8.1,2
62,1,1,Urgent,4,Neurological,2,4,6.4,1.79,10.6,141.2,109,116,36.2,0,Medicare,0,0,0,4.4,1
84,1,2,Elective,1,Respiratory,5,1,7.9,0.5,5.8,133.4,139,65,36.4,2,Private,1,0,0,6.6,1
78,0,1,Urgent,5,Infection,3,0,7.5,0.93,7.1,144.8,110,104,36.5,2,Private,1,1,0,5.6,1
50,0,2,Elective,1,Respiratory,5,1,6.6,1.56,1.5,131.8,114,78,35.7,0,Medicare,0,2,0,3.2,1
52,0,2,Elective,2,Orthopedic,6,2,8.9,0.87,5.1,131.8,105,81,37.7,0,Medicare,0,5,0,4.6,1
66,1,1,Urgent,4,Neurological,2,2,5.9,0.76,15.5,136.7,156,86,36.6,0,Medicare,1,0,0,10.6,2
54,0,2,Elective,1,Respiratory,1,3,8.5,1.37,4.0,138.5,171,82,36.5,1,Medicaid,1,1,0,5.7,1
51,0,0,Emergency,1,Respiratory,3,1,5.7,0.76,13.4,135.2,157,75,36.9,0,Medicare,1,3,1,6.0,1
34,0,0,Emergency,2,Orthopedic,3,3,4.5,1.53,10.5,137.3,120,75,37.3,1,Medicaid,0,0,1,2.0,0
39,0,2,Elective,2,Orthopedic,2,6,6.6,1.75,7.8,136.5,144,102,37.1,0,Medicare,1,1,0,5.1,1
52,0,0,Emergency,0,Cardiac,3,2,4.0,1.06,8.7,134.4,121,76,36.8,0,Medicare,1,0,1,6.9,1
78,1,0,Emergency,0,Cardiac,1,4,6.0,1.07,13.0,139.7,107,83,38.2,3,Self-Pay,1,1,1,6.1,1
73,1,1,Urgent,5,Infection,1,1,8.0,0.89,4.8,147.2,126,48,36.8,2,Private,0,2,0,4.7,1
61,0,0,Emergency,1,Respiratory,2,1,7.9,1.14,7.5,136.3,111,88,37.1,1,Medicaid,1,3,1,8.1,2
49,1,2,Elective,0,Cardiac,5,4,8.9,0.97,11.4,138.0,113,89,38.2,0,Medicare,0,1,0,3.2,1
50,1,2,Elective,4,Neurological,2,1,5.2,2.05,7.2,133.2,128,66,36.7,0,Medicare,1,1,0,8.4,2
81,1,1,Urgent,1,Respiratory,3,0,4.6,2.11,14.9,143.9,145,107,36.4,0,Medicare,0,1,0,3.5,1
72,1,1,Urgent,0,Cardiac,2,0,7.7,1.1,10.9,135.6,141,83,36.9,2,Private,0,3,0,4.8,1
67,1,1,Urgent,5,Infection,2,1,5.2,1.72,6.0,144.7,135,94,37.4,1,Medicaid,0,2,0,6.3,1
18,1,1,Urgent,5,Infection,4,0,6.9,1.44,10.9,136.2,117,66,37.9,1,Medicaid,1,2,0,8.3,2
69,1,0,Emergency,0,Cardiac,4,1,4.7,0.78,7.9,140.0,130,92,37.2,3,Self-Pay,1,2,1,6.7,1
72,0,1,Urgent,5,Infection,2,1,5.7,0.69,4.3,140.4,105,73,35.5,2,Private,0,2,0,5.7,1
63,0,1,Urgent,5,Infection,4,3,5.6,0.97,13.3,139.1,116,75,37.1,2,Private,0,1,0,4.4,1
44,0,0,Emergency,3,GI,2,2,6.5,0.79,3.6,130.4,124,72,37.8,2,Private,0,2,1,3.2,1
60,1,2,Elective,2,Orthopedic,3,3,6.3,1.32,12.7,131.8,114,86,37.6,2,Private,0,0,0,4.6,1
50,0,1,Urgent,0,Cardiac,5,2,6.9,1.45,7.9,141.6,134,98,36.6,2,Private,0,1,0,4.7,1
71,1,0,Emergency,0,Cardiac,3,2,6.9,0.84,14.7,139.5,138,95,36.3,0,Medicare,0,0,1,4.9,1
77,0,1,Urgent,3,GI,4,0,7.4,1.71,10.3,136.5,157,76,37.3,3,Self-Pay,0,0,0,3.6,1
20,1,0,Emergency,4,Neurological,1,3,5.9,2.42,10.5,145.2,134,65,36.9,0,Medicare,0,0,1,5.8,1
46,0,0,Emergency,3,GI,8,2,7.4,0.93,9.1,142.7,139,65,36.8,3,Self-Pay,0,0,1,4.4,1
26,1,2,Elective,0,Cardiac,1,2,8.4,1.39,7.1,137.5,124,86,39.4,0,Medicare,1,1,0,4.9,1
70,1,2,Elective,1,Respiratory,2,3,4.4,1.46,11.3,133.2,185,67,37.6,0,Medicare,0,0,0,3.0,0
74,0,0,Emergency,2,Orthopedic,1,1,4.7,1.17,8.1,137.6,169,79,36.0,2,Private,0,1,1,3.9,1
71,0,2,Elective,3,GI,2,5,7.8,2.4,7.4,142.4,145,96,38.1,2,Private,0,1,0,1.9,0
62,1,0,Emergency,0,Cardiac,3,3,7.9,1.6,7.7,136.1,89,67,37.5,2,Private,1,1,1,8.1,2
50,0,0,Emergency,3,GI,4,2,5.9,1.61,8.6,138.0,167,106,38.0,1,Medicaid,0,0,1,3.2,1
59,1,0,Emergency,4,Neurological,3,2,7.6,0.97,12.2,136.2,103,92,36.9,0,Medicare,0,0,1,5.0,1
88,1,0,Emergency,0,Cardiac,2,1,5.8,1.77,6.5,133.8,151,76,37.6,3,Self-Pay,0,2,1,6.3,1
82,1,0,Emergency,1,Respiratory,4,1,6.5,1.02,5.4,131.5,112,87,37.6,0,Medicare,1,2,1,8.1,2
72,1,2,Elective,1,Respiratory,1,2,6.5,1.58,10.0,141.8,136,92,36.9,2,Private,0,1,0,2.0,0
72,1,0,Emergency,5,Infection,6,1,6.7,0.56,8.8,134.5,113,98,36.9,2,Private,0,1,1,5.2,1
50,1,0,Emergency,2,Orthopedic,3,1,9.0,1.57,8.9,137.4,124,57,37.4,0,Medicare,1,1,1,5.3,1
58,1,1,Urgent,2,Orthopedic,5,2,11.0,1.57,12.4,139.9,127,86,38.2,0,Medicare,0,0,0,3.4,1
91,0,0,Emergency,4,Neurological,1,2,4.0,1.32,7.7,145.4,112,72,37.0,0,Medicare,0,0,1,5.8,1
89,0,1,Urgent,1,Respiratory,2,1,5.5,0.41,10.9,136.4,127,103,39.0,0,Medicare,1,0,0,5.7,1
71,0,0,Emergency,0,Cardiac,2,4,5.3,1.75,14.2,147.6,121,78,37.7,1,Medicaid,0,2,1,5.4,1
47,1,0,Emergency,3,GI,1,0,9.0,1.97,9.5,130.8,130,94,38.6,2,Private,1,3,1,6.4,1
71,0,1,Urgent,3,GI,1,2,8.6,0.68,9.3,146.0,87,110,37.0,0,Medicare,0,2,0,3.6,1
69,1,0,Emergency,1,Respiratory,1,5,8.1,1.79,4.5,141.4,127,59,36.8,2,Private,0,3,1,5.6,1
34,0,0,Emergency,0,Cardiac,1,1,5.8,0.71,13.2,133.5,116,85,37.1,0,Medicare,0,1,1,4.2,1
54,1,0,Emergency,3,GI,1,0,6.9,0.88,6.7,137.0,111,103,37.8,3,Self-Pay,0,2,1,2.5,0
41,0,1,Urgent,3,GI,1,2,4.0,1.06,11.0,142.0,137,92,36.8,0,Medicare,0,2,0,4.6,1
55,0,1,Urgent,0,Cardiac,3,0,7.8,1.81,13.0,136.8,120,105,36.3,0,Medicare,0,0,0,4.9,1
50,0,1,Urgent,3,GI,2,3,7.2,1.51,14.4,140.4,107,80,37.9,2,Private,0,4,0,4.6,1
72,0,1,Urgent,5,Infection,3,1,5.7,1.14,1.5,131.1,156,95,36.1,1,Medicaid,0,3,0,3.7,1
90,1,1,Urgent,0,Cardiac,5,0,7.9,1.05,8.6,139.0,138,110,36.4,2,Private,0,1,0,5.9,1
50,1,0,Emergency,2,Orthopedic,2,2,6.1,1.41,14.1,136.1,127,87,37.3,2,Private,0,1,1,5.9,1
54,0,2,Elective,3,GI,2,2,4.0,1.23,10.6,133.2,157,115,36.9,3,Self-Pay,0,1,0,1.6,0
74,1,2,Elective,1,Respiratory,3,1,8.8,1.81,7.5,136.4,115,80,37.8,2,Private,0,0,0,3.2,1
50,0,1,Urgent,4,Neurological,5,0,9.6,0.79,7.4,135.9,134,83,36.9,3,Self-Pay,0,2,0,4.0,1
50,0,0,Emergency,5,Infection,3,1,4.0,2.72,7.8,136.9,150,78,38.7,1,Medicaid,0,1,1,4.7,1
69,1,1,Urgent,4,Neurological,3,2,7.0,1.74,14.3,140.5,131,94,37.2,3,Self-Pay,0,2,0,7.2,2
53,0,0,Emergency,1,Respiratory,2,2,9.2,0.49,2.5,134.9,178,74,37.3,0,Medicare,0,1,1,3.6,1
90,1,1,Urgent,4,Neurological,1,0,4.1,1.25,7.8,134.9,134,93,38.6,1,Medicaid,0,1,0,5.5,1
28,1,0,Emergency,2,Orthopedic,2,2,4.0,0.67,10.2,135.6,135,68,38.1,0,Medicare,0,2,1,1.9,0
86,0,1,Urgent,1,Respiratory,1,2,6.1,1.11,7.5,135.6,153,94,38.0,0,Medicare,1,2,0,7.1,2
90,1,0,Emergency,0,Cardiac,2,1,6.7,0.4,14.0,143.1,138,89,38.2,0,Medicare,0,0,1,5.5,1
67,0,2,Elective,5,Infection,3,3,8.8,0.63,6.6,140.1,132,96,37.4,2,Private,0,2,0,3.4,1
51,1,0,Emergency,2,Orthopedic,2,3,10.6,1.13,10.7,137.8,130,51,36.6,3,Self-Pay,1,1,1,5.9,1
62,1,1,Urgent,5,Infection,5,2,7.7,0.93,8.3,132.2,123,72,36.4,2,Private,0,2,0,6.7,1
52,1,2,Elective,0,Cardiac,3,3,4.0,1.85,6.4,141.1,91,103,36.1,0,Medicare,0,0,0,3.9,1
50,0,0,Emergency,4,Neurological,5,1,7.3,0.97,7.1,137.8,139,62,37.3,2,Private,0,3,1,6.1,1
52,0,2,Elective,0,Cardiac,2,2,6.2,1.42,11.2,132.3,127,85,37.1,2,Private,0,0,0,2.5,0
65,1,0,Emergency,0,Cardiac,1,2,8.2,2.03,9.7,136.0,104,88,36.5,1,Medicaid,1,2,1,5.5,1
70,1,2,Elective,5,Infection,3,2,4.0,0.63,5.6,139.7,114,79,35.9,0,Medicare,0,1,0,2.8,0
69,1,2,Elective,0,Cardiac,2,2,8.2,0.7,14.9,146.1,111,84,38.1,2,Private,0,0,0,4.7,1
72,0,0,Emergency,2,Orthopedic,2,1,9.3,0.87,10.0,139.2,155,66,36.6,0,Medicare,1,1,1,6.0,1
50,1,2,Elective,5,Infection,2,5,6.9,1.12,4.3,139.2,146,84,36.2,1,Medicaid,0,2,0,5.1,1
61,1,0,Emergency,4,Neurological,3,1,8.6,1.58,4.7,136.0,159,77,36.2,1,Medicaid,0,0,1,6.9,1
62,0,0,Emergency,2,Orthopedic,8,3,7.9,0.61,6.9,139.8,133,93,37.9,0,Medicare,0,1,1,6.2,1
28,1,0,Emergency,3,GI,7,0,4.0,0.66,15.9,141.2,145,98,36.4,1,Medicaid,0,0,1,5.7,1
50,0,0,Emergency,3,GI,1,5,6.8,1.19,7.8,136.4,138,76,36.8,2,Private,0,2,1,3.0,0
56,0,1,Urgent,0,Cardiac,3,2,7.1,0.6,8.7,135.5,103,90,37.2,2,Private,0,1,0,2.4,0
58,0,0,Emergency,1,Respiratory,8,2,4.6,0.85,7.9,138.6,123,83,37.2,1,Medicaid,0,2,1,5.0,1
55,1,2,Elective,1,Respiratory,3,3,7.1,0.82,4.4,137.5,129,65,36.7,0,Medicare,1,0,0,6.6,1
50,1,0,Emergency,1,Respiratory,5,2,4.0,0.98,3.9,139.2,152,77,37.1,0,Medicare,0,2,1,5.2,1
82,1,2,Elective,1,Respiratory,4,1,6.5,2.33,5.1,146.6,114,70,37.1,0,Medicare,0,1,0,5.8,1
50,0,0,Emergency,1,Respiratory,2,2,7.3,0.85,9.3,144.3,113,88,36.9,0,Medicare,0,2,1,4.5,1
26,0,0,Emergency,1,Respiratory,4,1,10.9,0.75,7.4,138.4,118,68,37.6,0,Medicare,0,2,1,3.2,1
51,1,1,Urgent,1,Respiratory,3,3,4.9,0.88,7.8,132.1,151,83,36.7,0,Medicare,0,4,0,4.8,1
50,1,2,Elective,2,Orthopedic,3,2,7.8,0.84,11.1,136.2,128,92,37.3,2,Private,1,0,0,4.5,1
69,1,2,Elective,0,Cardiac,3,1,4.3,1.54,12.7,141.7,141,68,37.7,2,Private,0,2,0,3.9,1
81,0,1,Urgent,4,Neurological,4,4,8.6,1.42,4.8,139.3,151,102,36.3,0,Medicare,1,0,0,7.9,2
44,1,0,Emergency,5,Infection,1,1,6.4,0.86,5.0,129.2,129,107,37.1,2,Private,0,1,1,6.0,1
53,1,0,Emergency,1,Respiratory,3,1,7.5,1.09,4.8,136.2,127,65,36.8,2,Private,0,2,1,3.9,1
67,1,1,Urgent,0,Cardiac,1,3,4.9,0.86,3.6,141.4,127,76,38.8,2,Private,1,0,0,6.7,1
51,1,1,Urgent,4,Neurological,3,1,7.5,1.25,10.8,136.6,119,72,37.1,0,Medicare,0,2,0,4.5,1
71,1,0,Emergency,5,Infection,5,1,5.4,1.89,6.9,135.6,139,84,37.0,3,Self-Pay,0,2,1,6.7,1
60,1,1,Urgent,0,Cardiac,1,2,6.3,1.86,4.9,138.2,130,72,38.1,0,Medicare,1,0,0,5.2,1
64,1,1,Urgent,0,Cardiac,1,0,4.5,1.41,7.4,133.0,141,96,36.4,0,Medicare,0,1,0,4.7,1
83,1,1,Urgent,0,Cardiac,2,2,5.9,0.9,7.7,135.2,135,73,37.7,1,Medicaid,0,2,0,5.2,1
30,0,0,Emergency,3,GI,1,3,7.0,0.84,11.2,131.9,124,95,37.1,0,Medicare,1,0,1,4.4,1
50,1,1,Urgent,5,Infection,3,3,6.5,0.61,10.9,131.2,109,74,37.7,0,Medicare,1,0,0,6.8,1
67,1,0,Emergency,4,Neurological,2,1,8.7,1.11,5.5,143.6,113,100,36.9,0,Medicare,1,2,1,7.5,2
58,0,0,Emergency,3,GI,4,4,5.5,0.86,9.0,143.6,131,94,36.4,1,Medicaid,0,1,1,5.8,1
36,1,2,Elective,3,GI,4,2,9.4,1.81,6.4,140.5,123,74,36.8,0,Medicare,0,1,0,2.3,0
84,1,1,Urgent,1,Respiratory,2,2,5.9,0.62,7.0,139.5,114,91,36.4,2,Private,0,1,0,3.6,1
63,0,2,Elective,3,GI,3,1,9.4,1.62,1.5,131.0,130,67,36.9,3,Self-Pay,1,1,0,5.9,1
80,1,0,Emergency,1,Respiratory,2,4,7.1,0.61,3.9,139.5,156,94,37.4,3,Self-Pay,1,1,1,6.4,1
69,0,2,Elective,1,Respiratory,2,1,10.2,0.73,4.0,132.1,153,77,36.3,0,Medicare,0,0,0,1.2,0
50,1,0,Emergency,1,Respiratory,3,1,6.8,0.82,7.7,130.5,120,81,37.0,0,Medicare,1,1,1,6.8,1
88,1,2,Elective,3,GI,3,3,4.0,0.79,7.7,129.4,129,72,37.8,0,Medicare,0,0,0,4.8,1
50,1,0,Emergency,4,Neurological,5,3,6.1,1.9,10.2,133.3,111,97,38.1,2,Private,0,0,1,6.3,1
28,1,0,Emergency,3,GI,2,0,6.5,1.13,10.1,134.3,156,98,38.0,2,Private,1,0,1,5.8,1
67,1,0,Emergency,0,Cardiac,3,0,9.4,1.96,9.7,140.0,167,69,35.5,3,Self-Pay,1,3,1,9.0,2
28,1,0,Emergency,0,Cardiac,1,2,4.0,1.19,13.6,135.5,140,60,38.0,0,Medicare,0,0,1,7.0,1
72,0,1,Urgent,0,Cardiac,2,1,4.9,0.81,5.2,137.0,125,72,38.2,0,Medicare,0,3,0,3.5,1
72,1,2,Elective,1,Respiratory,1,2,6.9,0.62,6.7,140.0,116,84,37.2,0,Medicare,0,5,0,3.8,1
57,0,0,Emergency,2,Orthopedic,2,2,7.1,0.98,13.4,128.1,113,64,36.7,2,Private,1,1,1,7.8,2
61,1,1,Urgent,0,Cardiac,2,3,8.8,0.88,7.7,134.2,127,64,35.4,2,Private,0,2,0,1.6,0
58,1,2,Elective,4,Neurological,2,1,4.0,1.45,8.9,137.6,114,66,37.5,3,Self-Pay,1,0,0,5.2,1
66,1,1,Urgent,3,GI,3,5,5.2,1.82,9.5,133.7,81,63,37.0,0,Medicare,0,1,0,3.5,1
74,1,0,Emergency,1,Respiratory,3,2,8.0,2.18,3.8,141.8,112,90,35.5,1,Medicaid,1,3,1,7.1,2
76,0,2,Elective,3,GI,2,2,6.4,1.43,6.3,134.0,149,81,37.7,1,Medicaid,0,1,0,2.3,0
61,0,0,Emergency,0,Cardiac,3,3,7.8,0.75,6.0,140.0,139,100,36.7,2,Private,0,0,1,7.4,2
80,1,1,Urgent,2,Orthopedic,2,1,6.3,1.58,13.8,139.6,159,65,37.5,1,Medicaid,0,2,0,2.5,0
71,1,2,Elective,4,Neurological,3,1,8.4,1.58,4.4,137.3,148,72,37.1,1,Medicaid,1,2,0,6.6,1
40,0,0,Emergency,3,GI,5,1,5.3,0.8,5.3,143.0,95,98,37.5,0,Medicare,1,1,1,3.7,1
79,0,1,Urgent,0,Cardiac,2,1,6.0,1.28,9.3,137.7,140,82,36.0,2,Private,1,2,0,6.6,1
61,1,0,Emergency,4,Neurological,1,2,6.4,0.91,4.9,139.4,126,91,37.0,0,Medicare,0,3,1,6.0,1
75,0,0,Emergency,3,GI,1,3,5.2,0.79,8.7,141.1,147,74,35.2,0,Medicare,1,0,1,6.9,1
50,1,0,Emergency,2,Orthopedic,1,1,6.7,1.79,12.2,138.3,109,82,37.5,2,Private,1,2,1,6.1,1
74,1,2,Elective,3,GI,5,1,5.7,1.23,8.4,137.9,128,49,38.8,3,Self-Pay,0,0,0,4.3,1
80,1,2,Elective,0,Cardiac,2,7,7.1,1.83,9.1,137.5,147,102,38.5,2,Private,0,0,0,4.4,1
70,0,0,Emergency,3,GI,2,4,7.0,1.08,9.0,140.3,136,93,37.0,0,Medicare,0,0,1,5.4,1
64,0,0,Emergency,3,GI,2,2,5.2,0.88,5.0,140.2,123,52,36.9,0,Medicare,0,0,1,3.1,1
22,1,0,Emergency,5,Infection,4,3,7.5,0.5,7.6,135.7,112,79,36.3,1,Medicaid,1,2,1,6.6,1
62,1,1,Urgent,0,Cardiac,5,0,6.9,2.51,8.1,142.4,145,91,36.6,1,Medicaid,0,0,0,5.5,1
62,0,2,Elective,1,Respiratory,4,4,5.4,1.89,10.1,143.6,159,89,38.0,0,Medicare,0,2,0,1.5,0
84,0,2,Elective,5,Infection,4,2,8.1,0.79,1.8,135.8,150,86,37.7,2,Private,0,2,0,6.0,1
34,0,2,Elective,0,Cardiac,3,2,6.7,0.42,14.2,140.5,129,92,37.0,0,Medicare,0,1,0,1.9,0
28,1,1,Urgent,4,Neurological,6,0,8.4,1.86,12.1,145.8,125,79,37.5,2,Private,0,2,0,3.8,1
40,1,0,Emergency,0,Cardiac,1,4,9.1,1.35,10.3,136.9,99,75,38.0,2,Private,0,1,1,4.0,1
83,0,0,Emergency,0,Cardiac,2,2,4.5,1.69,8.5,138.0,120,88,36.7,2,Private,0,3,1,4.2,1
81,0,1,Urgent,1,Respiratory,1,2,9.5,0.47,3.6,130.6,108,74,37.3,3,Self-Pay,0,0,0,4.1,1
66,1,1,Urgent,4,Neurological,4,1,7.5,0.66,8.6,140.2,89,90,36.4,3,Self-Pay,1,2,0,7.6,2
72,1,2,Elective,0,Cardiac,3,6,7.1,1.22,10.4,132.5,102,84,37.3,3,Self-Pay,0,2,0,4.7,1
50,1,0,Emergency,1,Respiratory,3,2,5.3,0.86,4.4,137.2,90,89,37.8,1,Medicaid,0,0,1,5.2,1
68,1,0,Emergency,0,Cardiac,2,2,7.1,0.93,11.7,137.2,149,95,36.3,0,Medicare,0,0,1,4.7,1
70,1,0,Emergency,1,Respiratory,1,3,4.0,0.47,2.8,134.4,155,104,36.8,3,Self-Pay,0,0,1,4.6,1
81,1,2,Elective,2,Orthopedic,5,1,4.5,0.96,15.3,144.5,135,83,36.3,0,Medicare,0,2,0,3.1,1
50,1,2,Elective,1,Respiratory,5,2,4.0,1.28,9.2,136.4,132,75,37.3,0,Medicare,1,0,0,6.0,1
53,1,0,Emergency,0,Cardiac,6,4,6.2,1.57,8.6,141.6,134,77,35.7,0,Medicare,0,1,1,4.7,1
64,0,2,Elective,1,Respiratory,5,3,8.9,1.39,10.6,133.1,138,94,36.9,1,Medicaid,0,1,0,5.7,1
73,0,1,Urgent,3,GI,4,0,7.0,0.96,4.6,135.6,120,80,37.6,2,Private,0,2,0,3.7,1
25,1,0,Emergency,0,Cardiac,1,1,7.6,1.66,13.8,133.8,116,93,35.5,0,Medicare,0,1,1,5.0,1
55,0,0,Emergency,2,Orthopedic,5,1,6.1,0.96,11.6,130.2,144,83,37.8,0,Medicare,0,1,1,3.0,0
50,1,1,Urgent,1,Respiratory,3,2,6.5,2.73,13.6,135.7,124,102,39.1,2,Private,0,0,0,2.9,0
25,0,1,Urgent,1,Respiratory,4,2,4.0,1.36,8.8,142.7,108,86,37.0,0,Medicare,1,1,0,5.2,1
71,1,1,Urgent,4,Neurological,2,1,8.4,1.13,3.3,139.8,113,72,37.1,1,Medicaid,0,1,0,5.4,1
85,1,1,Urgent,5,Infection,1,1,7.4,1.18,4.2,139.1,168,101,35.9,2,Private,0,0,0,5.5,1
57,1,0,Emergency,1,Respiratory,3,2,7.9,0.79,12.6,142.2,162,72,36.8,1,Medicaid,0,4,1,5.7,1
63,0,0,Emergency,3,GI,1,5,7.1,1.64,8.4,145.0,165,70,37.5,0,Medicare,0,3,1,4.1,1
84,1,2,Elective,3,GI,7,2,5.7,0.82,11.7,133.0,178,90,37.6,1,Medicaid,0,1,0,4.3,1
50,0,1,Urgent,4,Neurological,2,1,7.4,1.87,14.0,129.8,119,69,37.0,1,Medicaid,1,0,0,9.7,2
25,0,0,Emergency,5,Infection,5,1,6.0,1.28,12.5,135.6,155,86,36.9,2,Private,0,3,1,4.3,1
50,0,0,Emergency,2,Orthopedic,2,3,6.4,0.81,11.8,146.7,122,83,36.6,1,Medicaid,0,0,1,4.1,1
73,1,0,Emergency,5,Infection,5,1,8.5,1.4,7.0,137.9,117,87,37.0,1,Medicaid,0,2,1,6.6,1
33,0,0,Emergency,5,Infection,3,3,8.3,0.86,16.7,139.2,153,114,36.9,2,Private,0,0,1,6.8,1
75,1,0,Emergency,2,Orthopedic,2,0,5.6,0.83,5.7,136.8,128,91,36.7,0,Medicare,0,1,1,3.9,1
52,1,1,Urgent,2,Orthopedic,6,2,7.2,1.26,11.9,139.9,99,79,35.0,0,Medicare,1,2,0,5.8,1
70,1,2,Elective,3,GI,5,5,8.4,1.33,10.2,138.6,118,125,36.6,3,Self-Pay,0,1,0,2.7,0
68,1,0,Emergency,1,Respiratory,6,2,4.0,0.95,11.0,138.2,83,96,36.8,2,Private,0,1,1,5.9,1
23,1,2,Elective,3,GI,2,0,6.7,0.94,4.4,137.8,131,78,37.2,2,Private,0,0,0,2.4,0
61,1,1,Urgent,2,Orthopedic,3,2,6.7,0.98,15.6,138.6,142,106,37.1,2,Private,0,3,0,3.5,1
50,1,0,Emergency,0,Cardiac,3,1,4.0,1.51,1.5,133.9,159,54,37.7,0,Medicare,0,0,1,3.9,1
46,0,1,Urgent,4,Neurological,4,2,4.8,1.56,1.5,136.4,152,81,38.6,1,Medicaid,0,2,0,4.5,1
85,0,0,Emergency,5,Infection,2,1,4.3,1.49,2.7,137.2,168,76,39.3,0,Medicare,0,0,1,6.4,1
33,0,1,Urgent,0,Cardiac,5,2,6.3,0.87,12.7,136.6,125,84,38.3,2,Private,0,2,0,5.0,1
76,0,0,Emergency,4,Neurological,4,2,6.9,3.03,2.4,147.1,91,86,36.1,1,Medicaid,0,3,1,6.5,1
68,1,0,Emergency,1,Respiratory,4,1,4.0,0.42,5.9,139.1,163,77,37.4,3,Self-Pay,1,1,1,5.5,1
48,1,1,Urgent,3,GI,2,1,5.2,0.77,8.9,138.9,104,96,37.7,1,Medicaid,0,2,0,3.6,1
50,1,0,Emergency,2,Orthopedic,1,4,6.2,1.46,10.6,135.1,157,99,38.0,0,Medicare,0,0,1,1.7,0
25,0,0,Emergency,3,GI,2,0,9.8,2.3,7.4,134.8,95,63,37.1,2,Private,0,0,1,1.2,0
66,1,0,Emergency,2,Orthopedic,3,1,5.5,1.34,14.5,137.1,134,62,36.1,2,Private,1,1,1,10.1,2
27,1,1,Urgent,4,Neurological,7,1,6.4,1.01,7.4,134.1,108,107,35.9,0,Medicare,0,0,0,4.6,1
50,0,2,Elective,3,GI,6,5,7.1,1.97,12.1,132.9,138,76,36.8,2,Private,0,1,0,3.9,1
70,1,0,Emergency,2,Orthopedic,5,0,9.6,0.93,14.7,133.3,119,57,37.9,1,Medicaid,0,3,1,5.2,1
83,1,0,Emergency,3,GI,2,1,6.8,0.8,8.3,144.9,135,80,37.4,1,Medicaid,0,0,1,5.8,1
50,0,1,Urgent,5,Infection,2,5,9.7,1.67,6.2,132.2,105,88,36.1,0,Medicare,0,0,0,4.1,1
50,1,0,Emergency,0,Cardiac,3,2,4.0,2.24,4.6,141.0,110,91,38.0,0,Medicare,0,0,1,6.9,1
81,0,1,Urgent,1,Respiratory,2,3,7.8,0.57,9.6,139.8,92,90,38.1,2,Private,0,3,0,4.6,1
29,0,0,Emergency,5,Infection,1,3,5.0,2.45,12.5,141.8,159,81,35.9,0,Medicare,0,0,1,5.9,1
41,1,2,Elective,4,Neurological,2,1,6.1,1.75,9.1,146.1,101,61,37.1,0,Medicare,0,2,0,4.9,1
60,1,1,Urgent,5,Infection,2,0,5.7,1.68,8.4,140.9,136,82,37.8,0,Medicare,0,1,0,5.3,1
30,1,0,Emergency,0,Cardiac,3,1,4.6,1.71,1.7,138.1,120,92,36.1,0,Medicare,1,1,1,7.1,2
86,0,1,Urgent,5,Infection,4,5,8.5,1.56,9.5,134.4,93,99,37.8,2,Private,0,1,0,4.6,1
22,1,1,Urgent,4,Neurological,1,2,4.7,1.42,7.9,138.7,102,88,37.1,0,Medicare,0,2,0,4.1,1
90,0,0,Emergency,4,Neurological,4,1,5.3,1.04,8.7,142.0,118,101,38.0,1,Medicaid,0,1,1,4.7,1
51,1,0,Emergency,3,GI,3,2,6.1,0.66,7.4,141.6,128,66,37.2,2,Private,0,1,1,4.1,1
41,1,0,Emergency,0,Cardiac,2,2,5.3,0.77,14.0,131.3,123,83,38.6,3,Self-Pay,1,1,1,7.1,2
19,1,0,Emergency,2,Orthopedic,6,2,7.0,1.31,9.7,142.7,149,78,37.0,1,Medicaid,0,1,1,4.7,1
77,1,0,Emergency,2,Orthopedic,4,2,4.0,1.21,9.3,137.7,127,110,37.2,0,Medicare,0,1,1,3.8,1
65,1,1,Urgent,2,Orthopedic,2,2,4.9,0.82,13.4,144.3,134,95,36.4,0,Medicare,0,0,0,3.5,1
76,0,1,Urgent,4,Neurological,1,1,5.1,0.89,9.9,141.6,118,130,37.5,3,Self-Pay,1,3,0,7.8,2
80,1,2,Elective,3,GI,6,1,4.9,1.14,12.4,146.2,119,86,37.7,1,Medicaid,0,5,0,3.3,1
35,1,1,Urgent,1,Respiratory,1,2,9.0,0.87,11.9,137.2,121,94,38.1,2,Private,1,2,0,3.6,1
60,1,1,Urgent,3,GI,4,4,5.7,0.83,10.8,141.8,139,87,37.7,0,Medicare,0,0,0,3.7,1
32,1,1,Urgent,0,Cardiac,1,2,5.6,1.68,8.0,138.2,125,65,37.5,0,Medicare,0,3,0,5.2,1
50,0,2,Elective,0,Cardiac,3,4,6.8,0.73,10.0,139.5,160,77,35.6,0,Medicare,1,1,0,6.1,1
82,0,0,Emergency,2,Orthopedic,1,4,8.3,1.14,10.1,131.8,102,84,37.8,2,Private,1,3,1,8.2,2
50,0,0,Emergency,4,Neurological,2,3,5.3,1.45,15.8,141.6,146,62,36.2,2,Private,0,2,1,5.1,1
56,1,0,Emergency,4,Neurological,1,1,7.0,1.21,8.7,129.1,113,82,36.8,0,Medicare,1,1,1,6.5,1
67,1,1,Urgent,2,Orthopedic,2,1,4.2,0.98,10.4,136.2,149,63,36.0,2,Private,0,0,0,1.9,0
61,0,0,Emergency,5,Infection,2,3,7.1,2.37,7.8,138.3,121,129,37.0,0,Medicare,0,1,1,5.7,1
64,1,0,Emergency,0,Cardiac,4,6,6.4,1.72,8.2,141.6,118,99,37.8,3,Self-Pay,0,3,1,6.5,1
71,0,1,Urgent,5,Infection,2,1,4.6,2.67,7.8,140.1,134,90,38.4,1,Medicaid,0,1,0,5.7,1
25,0,2,Elective,5,Infection,1,3,4.0,0.94,5.1,139.5,112,96,36.7,2,Private,0,1,0,5.9,1
74,0,2,Elective,3,GI,2,1,8.6,1.25,10.4,133.7,109,103,36.8,1,Medicaid,0,2,0,3.6,1
75,1,1,Urgent,0,Cardiac,1,3,8.1,1.83,7.1,138.7,149,104,36.6,2,Private,0,1,0,4.8,1
50,1,0,Emergency,2,Orthopedic,1,3,7.5,2.79,12.3,140.9,113,86,37.7,0,Medicare,1,0,1,6.0,1
39,0,2,Elective,0,Cardiac,4,3,8.8,1.84,13.0,135.4,140,80,36.3,2,Private,1,1,0,7.7,2
86,1,2,Elective,3,GI,3,3,7.5,0.98,8.5,134.1,88,88,36.0,2,Private,0,1,0,3.7,1
61,0,2,Elective,0,Cardiac,5,0,4.8,1.18,11.4,138.8,133,84,38.3,0,Medicare,0,5,0,4.3,1
72,0,1,Urgent,2,Orthopedic,3,4,6.9,1.16,1.5,129.3,134,63,35.3,2,Private,0,1,0,3.0,0
77,0,0,Emergency,0,Cardiac,2,1,9.2,1.23,8.7,134.0,139,55,37.2,1,Medicaid,0,0,1,3.0,0
64,0,0,Emergency,0,Cardiac,2,1,5.5,1.02,7.9,139.9,118,97,36.2,2,Private,0,3,1,6.0,1
40,1,2,Elective,1,Respiratory,5,2,6.0,1.26,13.0,146.2,130,96,38.0,2,Private,0,2,0,4.8,1
59,1,0,Emergency,0,Cardiac,1,4,7.2,0.4,7.4,140.9,136,81,37.8,2,Private,1,0,1,7.8,2
36,0,0,Emergency,3,GI,4,5,9.2,0.75,12.3,136.0,80,67,37.0,2,Private,0,0,1,6.1,1
38,0,1,Urgent,1,Respiratory,2,2,7.7,1.62,11.9,128.2,124,73,35.5,0,Medicare,0,1,0,3.4,1
74,0,0,Emergency,3,GI,6,2,5.0,2.9,1.5,141.0,121,91,36.5,0,Medicare,1,3,1,9.5,2
50,0,2,Elective,3,GI,5,1,6.7,1.29,10.1,140.3,146,78,37.1,0,Medicare,1,2,0,5.5,1
50,1,0,Emergency,0,Cardiac,3,0,6.7,0.98,14.9,131.7,123,64,37.8,0,Medicare,0,1,1,6.5,1
51,0,0,Emergency,1,Respiratory,2,0,7.7,0.69,11.4,135.6,122,87,37.7,0,Medicare,0,1,1,3.6,1
53,1,2,Elective,3,GI,4,1,4.0,0.83,8.7,136.0,120,73,37.7,2,Private,1,0,0,3.4,1
34,0,0,Emergency,5,Infection,2,2,4.1,1.14,5.0,151.5,96,94,35.9,2,Private,0,0,1,2.4,0
50,0,2,Elective,2,Orthopedic,2,2,6.3,1.34,5.8,131.1,122,86,36.8,2,Private,0,2,0,1.0,0
41,1,1,Urgent,2,Orthopedic,4,2,6.5,0.84,12.1,142.6,124,98,36.7,1,Medicaid,0,0,0,3.9,1
71,0,1,Urgent,4,Neurological,1,2,5.0,1.15,1.5,139.1,122,73,37.0,0,Medicare,0,0,0,5.6,1
30,0,0,Emergency,4,Neurological,5,4,6.6,1.48,10.8,143.2,122,102,37.3,0,Medicare,0,3,1,7.9,2
72,0,1,Urgent,5,Infection,4,3,6.5,1.8,9.5,131.7,125,65,38.4,1,Medicaid,1,2,0,7.3,2
50,0,0,Emergency,2,Orthopedic,5,2,9.8,1.28,8.4,139.5,138,78,36.9,2,Private,1,0,1,5.5,1
55,0,2,Elective,0,Cardiac,2,1,5.8,0.96,9.4,141.6,155,67,37.4,2,Private,1,1,0,8.2,2
62,0,0,Emergency,4,Neurological,3,1,4.4,0.61,5.9,138.0,125,63,38.1,1,Medicaid,1,1,1,5.7,1
67,1,0,Emergency,0,Cardiac,2,3,9.1,1.01,12.2,134.1,104,68,36.1,0,Medicare,0,1,1,6.6,1
81,1,2,Elective,2,Orthopedic,6,4,5.5,1.69,8.8,138.5,130,67,37.4,2,Private,0,1,0,3.0,0
28,1,1,Urgent,3,GI,5,2,7.3,1.28,10.4,132.5,141,114,37.7,2,Private,0,0,0,2.9,0
74,0,1,Urgent,3,GI,3,1,8.5,1.45,4.8,138.4,148,77,36.3,3,Self-Pay,1,1,0,6.6,1
80,1,1,Urgent,4,Neurological,3,1,9.5,1.67,6.4,138.3,136,86,38.2,0,Medicare,0,0,0,5.3,1
35,0,0,Emergency,0,Cardiac,3,4,6.8,2.04,10.0,141.4,107,76,37.5,2,Private,0,1,1,5.0,1
36,0,0,Emergency,5,Infection,3,1,4.4,1.52,16.3,137.5,135,84,38.2,2,Private,0,1,1,5.3,1
73,0,2,Elective,0,Cardiac,4,6,7.2,1.4,10.9,138.3,120,85,38.1,2,Private,0,0,0,6.2,1
72,1,0,Emergency,0,Cardiac,2,1,6.3,0.4,15.0,144.5,138,67,37.4,2,Private,0,3,1,3.3,1
78,0,0,Emergency,3,GI,4,3,4.6,1.5,16.6,131.6,127,82,36.8,2,Private,0,3,1,5.5,1
50,0,1,Urgent,5,Infection,2,2,8.2,2.69,8.3,140.7,139,59,37.8,2,Private,0,1,0,6.3,1
50,0,0,Emergency,3,GI,2,1,8.0,0.63,13.5,138.1,115,75,35.1,1,Medicaid,0,2,1,4.4,1
80,0,1,Urgent,3,GI,5,1,9.0,1.86,9.1,133.3,114,87,36.4,2,Private,1,1,0,4.8,1
43,0,1,Urgent,2,Orthopedic,5,1,6.9,1.93,6.5,138.0,103,96,37.1,3,Self-Pay,0,1,0,2.3,0
57,0,2,Elective,0,Cardiac,2,1,4.0,1.34,13.5,147.2,93,70,37.4,1,Medicaid,0,3,0,5.3,1
65,0,0,Emergency,3,GI,1,1,9.9,0.59,9.0,139.0,121,102,39.4,2,Private,1,1,1,7.0,1
83,0,0,Emergency,1,Respiratory,1,1,4.0,0.61,8.2,143.8,113,99,38.0,3,Self-Pay,0,0,1,4.2,1
87,0,2,Elective,5,Infection,2,3,4.9,1.26,12.8,140.8,154,72,39.1,0,Medicare,1,1,0,7.8,2
82,0,0,Emergency,0,Cardiac,2,1,5.6,2.33,7.2,135.6,155,67,37.0,0,Medicare,0,1,1,5.6,1
74,0,0,Emergency,1,Respiratory,2,1,7.6,0.55,7.3,138.7,86,73,36.5,2,Private,1,1,1,5.5,1
51,1,2,Elective,2,Orthopedic,1,0,6.0,1.02,11.6,139.8,162,58,36.9,0,Medicare,0,2,0,3.5,1
76,0,1,Urgent,2,Orthopedic,3,2,7.6,1.62,11.3,138.1,155,64,37.1,0,Medicare,0,2,0,5.4,1
89,0,0,Emergency,2,Orthopedic,4,2,4.5,0.98,10.2,144.2,142,63,35.8,1,Medicaid,1,2,1,6.1,1
90,0,0,Emergency,1,Respiratory,3,3,6.1,1.05,11.3,136.8,168,87,37.2,1,Medicaid,0,2,1,5.2,1
33,0,2,Elective,0,Cardiac,2,3,8.1,2.24,13.9,140.0,169,91,37.3,2,Private,0,0,0,4.8,1
76,0,0,Emergency,4,Neurological,3,0,8.5,1.55,6.6,137.5,160,113,35.6,2,Private,0,0,1,7.0,1
61,1,2,Elective,2,Orthopedic,8,2,7.9,1.44,12.1,142.8,129,96,37.2,3,Self-Pay,1,1,0,6.9,1
70,1,0,Emergency,3,GI,3,2,7.3,0.67,11.7,136.2,128,82,36.0,0,Medicare,1,3,1,6.4,1
50,0,2,Elective,2,Orthopedic,4,3,5.3,0.87,19.8,136.0,147,76,37.0,0,Medicare,0,2,0,5.8,1
61,1,0,Emergency,3,GI,2,2,5.1,1.24,13.9,139.6,114,102,37.6,2,Private,1,0,1,8.0,2
45,0,0,Emergency,3,GI,2,2,7.9,1.15,7.8,139.9,124,64,35.8,3,Self-Pay,0,1,1,4.1,1
61,0,0,Emergency,3,GI,2,2,6.7,1.34,10.6,141.2,96,83,36.8,1,Medicaid,0,3,1,4.8,1
59,1,0,Emergency,1,Respiratory,2,3,4.9,2.23,10.1,135.9,118,64,38.0,0,Medicare,1,3,1,6.6,1
38,0,0,Emergency,3,GI,6,5,8.1,1.17,17.3,135.3,132,91,37.6,2,Private,1,1,1,7.9,2
52,0,0,Emergency,1,Respiratory,3,1,5.4,1.46,12.2,144.8,125,102,37.3,2,Private,1,0,1,4.6,1
47,1,2,Elective,3,GI,2,2,9.0,0.4,8.3,141.5,137,59,37.5,0,Medicare,1,2,0,5.0,1
62,1,0,Emergency,2,Orthopedic,5,1,5.6,0.92,8.5,132.2,175,111,36.2,1,Medicaid,1,1,1,5.5,1
30,1,2,Elective,0,Cardiac,5,0,5.3,1.5,7.5,133.6,133,68,36.6,2,Private,0,2,0,3.1,1
59,1,0,Emergency,4,Neurological,1,2,5.4,0.88,7.8,134.5,114,71,37.1,0,Medicare,0,2,1,5.2,1
74,1,1,Urgent,1,Respiratory,2,3,5.9,0.76,15.0,142.6,109,84,36.8,1,Medicaid,0,1,0,6.2,1
66,0,2,Elective,5,Infection,3,2,7.6,3.08,8.9,138.4,154,65,37.7,0,Medicare,1,2,0,9.8,2
27,0,2,Elective,1,Respiratory,4,2,6.3,1.6,14.2,134.5,111,113,37.7,0,Medicare,0,2,0,3.3,1
92,1,0,Emergency,5,Infection,4,0,9.4,0.91,10.4,139.8,140,58,37.0,0,Medicare,0,2,1,8.5,2
77,1,1,Urgent,2,Orthopedic,2,3,6.3,1.93,5.5,143.3,143,70,38.1,2,Private,1,0,0,5.7,1
54,0,0,Emergency,0,Cardiac,3,0,4.6,0.96,5.7,141.9,144,69,36.4,0,Medicare,0,1,1,1.4,0
79,1,0,Emergency,0,Cardiac,2,1,6.9,0.63,7.4,140.9,109,96,37.5,3,Self-Pay,0,1,1,4.7,1
50,0,1,Urgent,0,Cardiac,5,3,10.1,0.91,12.8,131.0,137,71,38.4,0,Medicare,0,1,0,5.6,1
50,0,0,Emergency,0,Cardiac,4,2,6.5,0.82,10.2,136.1,130,94,38.2,2,Private,0,1,1,5.8,1
51,0,0,Emergency,1,Respiratory,2,2,4.0,0.87,2.8,140.4,106,85,35.9,3,Self-Pay,0,1,1,5.1,1
70,1,0,Emergency,1,Respiratory,3,3,4.9,0.71,7.0,133.5,108,81,38.0,0,Medicare,0,2,1,3.1,1
22,1,0,Emergency,0,Cardiac,4,4,7.1,1.15,9.3,143.0,141,61,36.2,1,Medicaid,0,4,1,4.7,1
52,0,0,Emergency,2,Orthopedic,2,2,4.0,1.59,9.7,136.2,169,73,35.3,2,Private,0,0,1,3.0,0
57,1,2,Elective,1,Respiratory,5,2,9.4,1.06,3.7,137.1,137,71,37.6,2,Private,1,1,0,6.3,1
52,1,0,Emergency,3,GI,3,2,5.8,1.05,5.9,144.2,119,63,37.9,0,Medicare,0,3,1,3.6,1
50,0,1,Urgent,0,Cardiac,2,4,4.0,1.4,8.6,134.7,87,73,36.1,3,Self-Pay,0,0,0,3.7,1
57,1,2,Elective,5,Infection,5,1,10.9,1.04,5.0,137.1,146,95,38.4,0,Medicare,0,1,0,4.9,1
82,0,1,Urgent,2,Orthopedic,1,1,9.1,1.51,4.8,131.6,142,80,37.0,3,Self-Pay,1,3,0,6.2,1
48,1,1,Urgent,3,GI,5,0,5.4,1.07,7.9,141.8,143,91,36.5,2,Private,0,0,0,5.9,1
84,0,1,Urgent,0,Cardiac,5,0,4.9,1.79,12.4,150.4,134,75,37.5,0,Medicare,0,0,0,6.8,1
77,0,1,Urgent,3,GI,3,2,6.3,1.11,9.5,131.8,142,76,37.8,2,Private,0,2,0,4.0,1
60,1,0,Emergency,1,Respiratory,3,5,9.5,0.79,6.3,128.9,115,95,37.9,3,Self-Pay,1,1,1,7.7,2
71,1,2,Elective,5,Infection,1,5,6.5,1.73,9.6,141.0,169,81,36.6,2,Private,1,0,0,6.3,1
73,1,2,Elective,5,Infection,1,1,4.0,2.31,6.9,134.8,140,57,37.5,0,Medicare,0,1,0,6.2,1
73,1,1,Urgent,3,GI,5,2,8.8,0.81,10.7,137.1,169,80,37.3,0,Medicare,0,1,0,3.5,1
56,1,0,Emergency,4,Neurological,2,2,7.4,1.62,6.0,143.0,131,74,36.2,1,Medicaid,0,2,1,7.1,2
61,0,0,Emergency,3,GI,3,4,4.0,0.71,6.7,135.8,99,84,36.4,1,Medicaid,0,1,1,5.3,1
43,1,1,Urgent,0,Cardiac,2,2,5.3,0.5,9.0,135.7,121,98,37.6,1,Medicaid,0,2,0,4.5,1
71,0,2,Elective,3,GI,4,1,6.2,1.67,11.4,130.3,133,92,36.9,1,Medicaid,0,0,0,7.1,2
83,0,1,Urgent,0,Cardiac,1,6,6.2,1.44,11.9,144.2,152,71,37.6,1,Medicaid,1,2,0,6.3,1
73,0,1,Urgent,3,GI,2,1,8.2,1.28,11.2,136.9,135,72,38.1,2,Private,1,1,0,5.4,1
89,0,1,Urgent,0,Cardiac,2,3,8.5,1.21,16.3,133.7,109,80,37.3,2,Private,0,0,0,5.4,1
75,0,0,Emergency,1,Respiratory,6,0,7.2,1.74,10.1,136.3,100,96,38.0,2,Private,0,1,1,4.6,1
36,0,2,Elective,2,Orthopedic,5,0,8.5,0.84,10.3,129.5,109,56,37.5,2,Private,0,2,0,1.2,0
64,0,0,Emergency,1,Respiratory,3,3,7.3,2.29,8.6,130.8,151,76,38.3,0,Medicare,0,1,1,4.4,1
61,1,1,Urgent,3,GI,1,1,4.7,1.59,6.3,136.5,118,83,37.8,0,Medicare,0,1,0,2.6,0
54,1,0,Emergency,2,Orthopedic,2,4,6.6,0.67,8.9,137.4,119,100,38.1,1,Medicaid,0,2,1,2.0,0
80,1,0,Emergency,5,Infection,1,0,5.6,0.75,9.0,141.4,103,95,37.1,2,Private,0,2,1,6.9,1
60,0,0,Emergency,1,Respiratory,1,4,8.6,0.75,8.3,140.9,146,95,36.8,0,Medicare,0,2,1,2.9,0
82,1,2,Elective,4,Neurological,3,0,5.3,1.51,8.2,137.6,152,48,37.5,3,Self-Pay,0,0,0,5.0,1
50,0,1,Urgent,4,Neurological,6,3,7.1,1.36,14.0,140.6,127,100,36.8,0,Medicare,1,4,0,7.4,2
39,1,0,Emergency,1,Respiratory,5,3,5.4,0.88,5.1,136.8,155,94,38.4,0,Medicare,0,1,1,4.6,1
63,0,2,Elective,4,Neurological,1,1,4.0,1.17,6.9,133.6,144,92,37.5,3,Self-Pay,0,0,0,2.7,0
50,1,1,Urgent,1,Respiratory,2,3,6.7,1.81,6.5,141.4,136,88,37.7,2,Private,0,0,0,3.3,1
65,0,1,Urgent,0,Cardiac,1,3,7.0,1.68,12.7,129.1,140,88,37.1,0,Medicare,0,2,0,4.0,1
63,1,1,Urgent,0,Cardiac,2,4,8.3,1.2,13.2,136.0,104,88,37.7,0,Medicare,0,3,0,4.7,1
79,1,0,Emergency,4,Neurological,3,4,7.8,1.6,8.5,133.6,143,88,35.0,2,Private,0,1,1,8.1,2
50,1,0,Emergency,0,Cardiac,2,2,4.3,2.45,6.5,142.3,157,78,38.1,2,Private,0,1,1,5.7,1
38,0,0,Emergency,0,Cardiac,5,2,6.5,1.53,8.4,138.9,128,98,35.1,0,Medicare,0,0,1,6.2,1
46,0,1,Urgent,2,Orthopedic,2,1,4.6,0.6,14.7,130.2,114,83,36.6,3,Self-Pay,0,0,0,5.0,1
29,1,0,Emergency,1,Respiratory,3,0,5.0,1.18,2.5,140.2,118,75,37.3,2,Private,1,0,1,4.5,1
74,0,1,Urgent,3,GI,2,0,7.0,1.45,9.1,138.2,150,83,37.6,1,Medicaid,0,0,0,1.0,0
50,1,0,Emergency,0,Cardiac,3,2,7.4,1.94,8.1,134.4,128,75,38.6,3,Self-Pay,0,1,1,6.1,1
18,0,0,Emergency,0,Cardiac,5,0,4.0,0.94,6.3,135.4,119,87,37.2,3,Self-Pay,0,0,1,3.2,1
50,1,2,Elective,2,Orthopedic,5,1,7.1,1.85,10.6,140.5,135,88,37.7,1,Medicaid,1,0,0,5.0,1
50,1,2,Elective,2,Orthopedic,5,0,7.0,1.01,8.6,141.6,131,71,36.5,0,Medicare,0,3,0,1.0,0
20,1,0,Emergency,4,Neurological,1,3,4.5,0.84,5.8,136.6,126,90,38.2,3,Self-Pay,0,0,1,7.0,1
25,0,2,Elective,3,GI,4,2,6.3,0.67,15.1,140.1,141,50,37.1,2,Private,0,1,0,4.8,1
50,0,1,Urgent,5,Infection,4,3,4.6,0.78,5.4,134.5,100,95,36.7,1,Medicaid,0,2,0,4.0,1
78,1,2,Elective,0,Cardiac,1,1,4.0,1.25,9.2,144.8,166,91,37.3,2,Private,1,1,0,6.5,1
85,1,0,Emergency,3,GI,1,3,8.4,1.15,9.3,146.3,119,76,37.3,0,Medicare,0,0,1,2.0,0
83,0,0,Emergency,3,GI,3,3,8.1,0.93,10.9,132.3,116,66,38.0,3,Self-Pay,0,2,1,5.5,1
86,0,2,Elective,4,Neurological,2,0,6.2,1.17,7.9,143.7,149,79,38.9,0,Medicare,0,0,0,4.1,1
55,1,2,Elective,5,Infection,4,2,7.3,1.67,6.6,143.4,137,74,36.7,0,Medicare,1,0,0,5.6,1
77,1,1,Urgent,2,Orthopedic,2,1,4.5,3.03,12.9,140.7,144,89,35.3,2,Private,0,0,0,4.7,1
59,1,2,Elective,1,Respiratory,2,2,8.0,1.09,6.5,127.4,140,115,38.5,1,Medicaid,0,2,0,1.0,0
63,1,1,Urgent,4,Neurological,2,3,6.8,2.49,2.1,142.8,83,89,38.0,2,Private,1,1,0,8.4,2
78,1,0,Emergency,0,Cardiac,6,2,4.3,1.19,8.4,138.5,109,83,37.7,2,Private,0,1,1,7.3,2
69,0,0,Emergency,0,Cardiac,2,5,7.1,0.86,13.2,139.5,130,99,37.4,2,Private,1,0,1,7.3,2
74,0,0,Emergency,2,Orthopedic,3,2,7.2,2.26,10.2,136.8,107,84,38.0,2,Private,0,0,1,3.8,1
82,0,2,Elective,1,Respiratory,1,3,5.6,0.86,6.0,136.1,128,77,36.6,1,Medicaid,1,2,0,1.8,0
60,1,2,Elective,1,Respiratory,3,1,4.0,1.1,10.7,134.9,132,64,37.8,2,Private,0,1,0,5.3,1
76,1,1,Urgent,5,Infection,3,3,5.6,0.97,8.4,138.0,126,65,36.7,0,Medicare,0,0,0,5.4,1
81,0,1,Urgent,1,Respiratory,4,5,8.5,4.32,8.9,136.5,115,77,38.8,3,Self-Pay,0,2,0,6.1,1
73,0,1,Urgent,3,GI,2,0,7.7,0.88,5.6,143.1,111,65,36.8,2,Private,0,0,0,4.0,1
54,0,0,Emergency,1,Respiratory,2,2,7.1,0.77,10.7,142.6,135,91,36.1,0,Medicare,1,2,1,7.4,2
61,1,0,Emergency,1,Respiratory,7,1,5.3,2.23,10.0,137.2,101,83,37.8,3,Self-Pay,1,0,1,7.5,2
85,1,0,Emergency,1,Respiratory,2,3,5.5,0.97,6.1,135.3,135,72,37.9,2,Private,0,2,1,7.1,2
61,1,1,Urgent,3,GI,2,2,4.9,0.62,12.7,140.4,138,101,37.4,0,Medicare,0,1,0,2.4,0
83,0,2,Elective,1,Respiratory,2,1,6.8,1.81,9.5,143.8,120,87,36.8,1,Medicaid,0,3,0,3.1,1
40,1,0,Emergency,3,GI,2,0,6.9,0.74,13.3,130.8,135,93,36.5,0,Medicare,1,1,1,5.5,1
62,0,1,Urgent,3,GI,5,0,8.5,1.0,5.4,134.9,118,90,38.8,1,Medicaid,1,0,0,6.6,1
63,1,2,Elective,2,Orthopedic,4,1,4.0,1.62,12.7,134.5,135,74,37.1,1,Medicaid,0,1,0,3.7,1
46,0,0,Emergency,0,Cardiac,1,1,6.1,1.33,9.2,148.1,111,80,36.2,1,Medicaid,0,1,1,4.6,1
38,0,1,Urgent,0,Cardiac,4,1,5.3,0.83,9.7,139.8,121,109,36.3,1,Medicaid,0,3,0,4.9,1
55,0,0,Emergency,2,Orthopedic,1,2,6.6,1.08,14.6,139.7,133,58,37.6,0,Medicare,0,1,1,5.0,1
89,1,1,Urgent,4,Neurological,3,0,7.7,0.79,9.6,137.5,125,94,37.5,1,Medicaid,1,3,0,10.4,2
50,1,2,Elective,3,GI,7,1,5.3,1.97,8.6,136.1,125,69,36.2,1,Medicaid,1,0,0,3.9,1
29,0,0,Emergency,2,Orthopedic,2,0,7.8,1.35,9.7,134.2,153,85,36.7,2,Private,0,3,1,5.5,1
18,0,2,Elective,5,Infection,3,4,7.5,0.46,11.8,140.4,109,92,37.6,1,Medicaid,0,0,0,5.6,1
90,1,0,Emergency,0,Cardiac,2,3,5.9,0.4,7.5,143.3,107,81,38.0,2,Private,0,0,1,5.1,1
60,0,0,Emergency,1,Respiratory,1,2,8.2,1.51,5.1,136.7,136,89,37.8,3,Self-Pay,0,2,1,4.9,1
63,0,1,Urgent,3,GI,4,1,7.4,1.21,6.4,135.6,101,47,37.1,0,Medicare,0,1,0,3.1,1
51,0,2,Elective,1,Respiratory,4,4,5.3,1.7,8.5,125.9,125,83,37.3,1,Medicaid,0,1,0,3.9,1
34,1,0,Emergency,5,Infection,2,3,5.1,0.64,7.1,136.1,129,92,37.4,0,Medicare,0,0,1,6.4,1
54,0,0,Emergency,2,Orthopedic,1,1,8.0,1.13,7.7,135.0,135,64,37.1,1,Medicaid,1,1,1,7.2,2
80,1,1,Urgent,0,Cardiac,3,3,5.5,1.48,11.1,135.5,112,76,37.6,0,Medicare,0,0,0,5.6,1
59,0,0,Emergency,0,Cardiac,4,4,7.7,0.68,10.5,137.6,121,91,37.4,2,Private,0,0,1,6.2,1
81,0,0,Emergency,2,Orthopedic,1,2,4.5,0.74,3.8,136.3,138,84,38.2,1,Medicaid,0,2,1,3.2,1
86,0,0,Emergency,3,GI,5,1,8.3,0.96,9.7,138.6,126,99,37.1,0,Medicare,1,2,1,6.6,1
31,1,2,Elective,5,Infection,3,2,4.0,3.01,14.0,140.4,130,70,36.3,3,Self-Pay,0,0,0,7.1,2
42,0,2,Elective,3,GI,2,2,4.0,0.93,8.5,131.4,142,86,36.7,2,Private,0,1,0,4.2,1
55,1,0,Emergency,3,GI,1,0,5.7,1.58,6.8,138.0,142,78,37.3,0,Medicare,0,2,1,2.0,0
60,0,1,Urgent,0,Cardiac,3,2,8.8,1.79,16.7,134.7,117,97,36.3,2,Private,0,0,0,4.7,1
50,0,0,Emergency,0,Cardiac,3,3,8.4,0.98,9.8,133.3,127,75,37.2,0,Medicare,0,1,1,2.2,0
52,1,1,Urgent,3,GI,3,3,7.7,1.27,8.8,138.9,95,79,37.6,0,Medicare,0,2,0,4.4,1
76,1,0,Emergency,5,Infection,4,3,7.5,0.48,11.4,136.0,141,90,37.2,0,Medicare,1,1,1,8.1,2
67,0,0,Emergency,3,GI,3,1,5.2,2.77,7.3,139.5,130,63,36.2,0,Medicare,0,1,1,7.8,2
74,1,2,Elective,2,Orthopedic,5,1,4.0,1.2,7.5,137.3,170,100,37.0,2,Private,0,1,0,3.1,1
70,1,0,Emergency,3,GI,2,4,8.9,1.08,8.8,142.2,114,55,37.9,0,Medicare,0,1,1,6.6,1
87,0,0,Emergency,2,Orthopedic,3,3,8.6,0.62,13.0,136.0,93,66,36.8,0,Medicare,0,1,1,5.3,1
78,0,2,Elective,0,Cardiac,2,3,4.7,0.87,13.8,139.8,97,78,37.5,0,Medicare,0,0,0,5.0,1
52,0,2,Elective,4,Neurological,2,0,6.9,3.51,8.2,137.4,126,52,36.7,2,Private,0,2,0,6.2,1
70,0,0,Emergency,2,Orthopedic,1,2,6.1,1.07,5.3,136.0,139,65,36.9,0,Medicare,0,1,1,2.9,0
28,1,1,Urgent,1,Respiratory,4,2,4.7,0.88,8.3,140.2,128,94,37.5,1,Medicaid,1,0,0,6.4,1
81,0,1,Urgent,3,GI,3,4,4.0,0.91,8.0,138.9,142,71,36.5,2,Private,0,0,0,3.4,1
88,0,1,Urgent,1,Respiratory,1,2,7.0,0.4,6.5,132.6,139,67,38.4,0,Medicare,0,3,0,3.6,1
65,0,2,Elective,2,Orthopedic,1,1,6.2,1.13,11.3,137.0,129,82,37.6,2,Private,0,2,0,2.6,0
89,1,2,Elective,3,GI,5,3,5.7,1.38,14.2,141.9,124,89,36.7,3,Self-Pay,0,1,0,6.4,1
50,1,2,Elective,1,Respiratory,3,1,6.3,0.77,13.5,141.0,150,73,36.5,1,Medicaid,0,1,0,5.5,1
50,0,0,Emergency,4,Neurological,3,1,6.4,1.31,8.7,142.7,108,88,38.0,0,Medicare,0,2,1,4.3,1
20,0,0,Emergency,2,Orthopedic,3,5,7.1,1.31,5.7,132.9,157,96,39.0,1,Medicaid,1,3,1,6.5,1
81,0,1,Urgent,5,Infection,1,0,8.7,0.4,12.5,138.4,134,71,36.9,2,Private,1,2,0,10.2,2
73,1,0,Emergency,4,Neurological,2,0,8.2,1.29,6.8,140.0,103,98,35.0,0,Medicare,1,1,1,9.2,2
68,0,0,Emergency,2,Orthopedic,1,2,7.9,1.47,3.5,133.1,127,96,37.0,1,Medicaid,0,1,1,3.6,1
73,1,0,Emergency,0,Cardiac,4,4,5.7,0.76,13.8,138.4,147,102,38.0,2,Private,1,0,1,8.5,2
79,0,0,Emergency,4,Neurological,1,2,5.2,1.62,6.1,142.2,137,78,36.7,2,Private,0,0,1,3.6,1
34,1,0,Emergency,2,Orthopedic,2,4,5.3,0.69,12.2,135.0,126,93,37.6,2,Private,0,1,1,4.6,1
82,1,0,Emergency,3,GI,1,1,8.1,1.24,7.6,137.7,153,104,36.3,2,Private,1,1,1,5.5,1
28,1,0,Emergency,0,Cardiac,2,4,7.9,1.24,4.6,126.4,145,77,38.1,1,Medicaid,1,1,1,6.5,1
89,0,1,Urgent,3,GI,2,1,4.0,1.82,6.3,132.9,142,107,37.0,2,Private,0,1,0,2.4,0
50,1,1,Urgent,1,Respiratory,4,4,8.3,1.5,1.5,142.9,121,84,37.6,1,Medicaid,0,1,0,3.8,1
50,0,0,Emergency,1,Respiratory,3,2,7.0,1.03,4.6,134.7,122,80,37.9,3,Self-Pay,0,0,1,5.9,1
